--
-- PostgreSQL database dump
--

-- Dumped from database version 13.18 (Debian 13.18-1.pgdg120+1)
-- Dumped by pg_dump version 15.12 (Debian 15.12-0+deb12u2)

SET statement_timeout = 0;
SET lock_timeout = 0;
SET idle_in_transaction_session_timeout = 0;
SET client_encoding = 'UTF8';
SET standard_conforming_strings = on;
SELECT pg_catalog.set_config('search_path', '', false);
SET check_function_bodies = false;
SET xmloption = content;
SET client_min_messages = warning;
SET row_security = off;

--
-- Name: public; Type: SCHEMA; Schema: -; Owner: gestion_ifnti_user
--

-- *not* creating schema, since initdb creates it


ALTER SCHEMA public OWNER TO gestion_ifnti_user;

SET default_tablespace = '';

SET default_table_access_method = heap;

--
-- Name: auth_group; Type: TABLE; Schema: public; Owner: gestion_ifnti_user
--

CREATE TABLE public.auth_group (
    id integer NOT NULL,
    name character varying(150) NOT NULL
);


ALTER TABLE public.auth_group OWNER TO gestion_ifnti_user;

--
-- Name: auth_group_id_seq; Type: SEQUENCE; Schema: public; Owner: gestion_ifnti_user
--

ALTER TABLE public.auth_group ALTER COLUMN id ADD GENERATED BY DEFAULT AS IDENTITY (
    SEQUENCE NAME public.auth_group_id_seq
    START WITH 1
    INCREMENT BY 1
    NO MINVALUE
    NO MAXVALUE
    CACHE 1
);


--
-- Name: auth_group_permissions; Type: TABLE; Schema: public; Owner: gestion_ifnti_user
--

CREATE TABLE public.auth_group_permissions (
    id bigint NOT NULL,
    group_id integer NOT NULL,
    permission_id integer NOT NULL
);


ALTER TABLE public.auth_group_permissions OWNER TO gestion_ifnti_user;

--
-- Name: auth_group_permissions_id_seq; Type: SEQUENCE; Schema: public; Owner: gestion_ifnti_user
--

ALTER TABLE public.auth_group_permissions ALTER COLUMN id ADD GENERATED BY DEFAULT AS IDENTITY (
    SEQUENCE NAME public.auth_group_permissions_id_seq
    START WITH 1
    INCREMENT BY 1
    NO MINVALUE
    NO MAXVALUE
    CACHE 1
);


--
-- Name: auth_permission; Type: TABLE; Schema: public; Owner: gestion_ifnti_user
--

CREATE TABLE public.auth_permission (
    id integer NOT NULL,
    name character varying(255) NOT NULL,
    content_type_id integer NOT NULL,
    codename character varying(100) NOT NULL
);


ALTER TABLE public.auth_permission OWNER TO gestion_ifnti_user;

--
-- Name: auth_permission_id_seq; Type: SEQUENCE; Schema: public; Owner: gestion_ifnti_user
--

ALTER TABLE public.auth_permission ALTER COLUMN id ADD GENERATED BY DEFAULT AS IDENTITY (
    SEQUENCE NAME public.auth_permission_id_seq
    START WITH 1
    INCREMENT BY 1
    NO MINVALUE
    NO MAXVALUE
    CACHE 1
);


--
-- Name: auth_user; Type: TABLE; Schema: public; Owner: gestion_ifnti_user
--

CREATE TABLE public.auth_user (
    id integer NOT NULL,
    password character varying(128) NOT NULL,
    last_login timestamp with time zone,
    is_superuser boolean NOT NULL,
    username character varying(150) NOT NULL,
    first_name character varying(150) NOT NULL,
    last_name character varying(150) NOT NULL,
    email character varying(254) NOT NULL,
    is_staff boolean NOT NULL,
    is_active boolean NOT NULL,
    date_joined timestamp with time zone NOT NULL
);


ALTER TABLE public.auth_user OWNER TO gestion_ifnti_user;

--
-- Name: auth_user_groups; Type: TABLE; Schema: public; Owner: gestion_ifnti_user
--

CREATE TABLE public.auth_user_groups (
    id bigint NOT NULL,
    user_id integer NOT NULL,
    group_id integer NOT NULL
);


ALTER TABLE public.auth_user_groups OWNER TO gestion_ifnti_user;

--
-- Name: auth_user_groups_id_seq; Type: SEQUENCE; Schema: public; Owner: gestion_ifnti_user
--

ALTER TABLE public.auth_user_groups ALTER COLUMN id ADD GENERATED BY DEFAULT AS IDENTITY (
    SEQUENCE NAME public.auth_user_groups_id_seq
    START WITH 1
    INCREMENT BY 1
    NO MINVALUE
    NO MAXVALUE
    CACHE 1
);


--
-- Name: auth_user_id_seq; Type: SEQUENCE; Schema: public; Owner: gestion_ifnti_user
--

ALTER TABLE public.auth_user ALTER COLUMN id ADD GENERATED BY DEFAULT AS IDENTITY (
    SEQUENCE NAME public.auth_user_id_seq
    START WITH 1
    INCREMENT BY 1
    NO MINVALUE
    NO MAXVALUE
    CACHE 1
);


--
-- Name: auth_user_user_permissions; Type: TABLE; Schema: public; Owner: gestion_ifnti_user
--

CREATE TABLE public.auth_user_user_permissions (
    id bigint NOT NULL,
    user_id integer NOT NULL,
    permission_id integer NOT NULL
);


ALTER TABLE public.auth_user_user_permissions OWNER TO gestion_ifnti_user;

--
-- Name: auth_user_user_permissions_id_seq; Type: SEQUENCE; Schema: public; Owner: gestion_ifnti_user
--

ALTER TABLE public.auth_user_user_permissions ALTER COLUMN id ADD GENERATED BY DEFAULT AS IDENTITY (
    SEQUENCE NAME public.auth_user_user_permissions_id_seq
    START WITH 1
    INCREMENT BY 1
    NO MINVALUE
    NO MAXVALUE
    CACHE 1
);


--
-- Name: cahier_de_texte_seance; Type: TABLE; Schema: public; Owner: gestion_ifnti_user
--

CREATE TABLE public.cahier_de_texte_seance (
    id bigint NOT NULL,
    intitule character varying(200) NOT NULL,
    date_et_heure_debut timestamp with time zone NOT NULL,
    date_et_heure_fin timestamp with time zone NOT NULL,
    description text NOT NULL,
    valider boolean NOT NULL,
    commentaire text,
    auteur_id character varying(12) NOT NULL,
    enseignant_id bigint,
    matiere_id bigint NOT NULL,
    "seancePlannifier_id" bigint,
    semestre_id character varying(14)
);


ALTER TABLE public.cahier_de_texte_seance OWNER TO gestion_ifnti_user;

--
-- Name: cahier_de_texte_seance_eleves_presents; Type: TABLE; Schema: public; Owner: gestion_ifnti_user
--

CREATE TABLE public.cahier_de_texte_seance_eleves_presents (
    id bigint NOT NULL,
    seance_id bigint NOT NULL,
    etudiant_id character varying(12) NOT NULL
);


ALTER TABLE public.cahier_de_texte_seance_eleves_presents OWNER TO gestion_ifnti_user;

--
-- Name: cahier_de_texte_seance_eleves_presents_id_seq; Type: SEQUENCE; Schema: public; Owner: gestion_ifnti_user
--

ALTER TABLE public.cahier_de_texte_seance_eleves_presents ALTER COLUMN id ADD GENERATED BY DEFAULT AS IDENTITY (
    SEQUENCE NAME public.cahier_de_texte_seance_eleves_presents_id_seq
    START WITH 1
    INCREMENT BY 1
    NO MINVALUE
    NO MAXVALUE
    CACHE 1
);


--
-- Name: cahier_de_texte_seance_id_seq; Type: SEQUENCE; Schema: public; Owner: gestion_ifnti_user
--

ALTER TABLE public.cahier_de_texte_seance ALTER COLUMN id ADD GENERATED BY DEFAULT AS IDENTITY (
    SEQUENCE NAME public.cahier_de_texte_seance_id_seq
    START WITH 1
    INCREMENT BY 1
    NO MINVALUE
    NO MAXVALUE
    CACHE 1
);


--
-- Name: django_admin_log; Type: TABLE; Schema: public; Owner: gestion_ifnti_user
--

CREATE TABLE public.django_admin_log (
    id integer NOT NULL,
    action_time timestamp with time zone NOT NULL,
    object_id text,
    object_repr character varying(200) NOT NULL,
    action_flag smallint NOT NULL,
    change_message text NOT NULL,
    content_type_id integer,
    user_id integer NOT NULL,
    CONSTRAINT django_admin_log_action_flag_check CHECK ((action_flag >= 0))
);


ALTER TABLE public.django_admin_log OWNER TO gestion_ifnti_user;

--
-- Name: django_admin_log_id_seq; Type: SEQUENCE; Schema: public; Owner: gestion_ifnti_user
--

ALTER TABLE public.django_admin_log ALTER COLUMN id ADD GENERATED BY DEFAULT AS IDENTITY (
    SEQUENCE NAME public.django_admin_log_id_seq
    START WITH 1
    INCREMENT BY 1
    NO MINVALUE
    NO MAXVALUE
    CACHE 1
);


--
-- Name: django_content_type; Type: TABLE; Schema: public; Owner: gestion_ifnti_user
--

CREATE TABLE public.django_content_type (
    id integer NOT NULL,
    app_label character varying(100) NOT NULL,
    model character varying(100) NOT NULL
);


ALTER TABLE public.django_content_type OWNER TO gestion_ifnti_user;

--
-- Name: django_content_type_id_seq; Type: SEQUENCE; Schema: public; Owner: gestion_ifnti_user
--

ALTER TABLE public.django_content_type ALTER COLUMN id ADD GENERATED BY DEFAULT AS IDENTITY (
    SEQUENCE NAME public.django_content_type_id_seq
    START WITH 1
    INCREMENT BY 1
    NO MINVALUE
    NO MAXVALUE
    CACHE 1
);


--
-- Name: django_migrations; Type: TABLE; Schema: public; Owner: gestion_ifnti_user
--

CREATE TABLE public.django_migrations (
    id bigint NOT NULL,
    app character varying(255) NOT NULL,
    name character varying(255) NOT NULL,
    applied timestamp with time zone NOT NULL
);


ALTER TABLE public.django_migrations OWNER TO gestion_ifnti_user;

--
-- Name: django_migrations_id_seq; Type: SEQUENCE; Schema: public; Owner: gestion_ifnti_user
--

ALTER TABLE public.django_migrations ALTER COLUMN id ADD GENERATED BY DEFAULT AS IDENTITY (
    SEQUENCE NAME public.django_migrations_id_seq
    START WITH 1
    INCREMENT BY 1
    NO MINVALUE
    NO MAXVALUE
    CACHE 1
);


--
-- Name: django_session; Type: TABLE; Schema: public; Owner: gestion_ifnti_user
--

CREATE TABLE public.django_session (
    session_key character varying(40) NOT NULL,
    session_data text NOT NULL,
    expire_date timestamp with time zone NOT NULL
);


ALTER TABLE public.django_session OWNER TO gestion_ifnti_user;

--
-- Name: main_anneeuniversitaire; Type: TABLE; Schema: public; Owner: gestion_ifnti_user
--

CREATE TABLE public.main_anneeuniversitaire (
    id bigint NOT NULL,
    annee numeric(4,0) NOT NULL,
    annee_courante boolean
);


ALTER TABLE public.main_anneeuniversitaire OWNER TO gestion_ifnti_user;

--
-- Name: main_anneeuniversitaire_id_seq; Type: SEQUENCE; Schema: public; Owner: gestion_ifnti_user
--

ALTER TABLE public.main_anneeuniversitaire ALTER COLUMN id ADD GENERATED BY DEFAULT AS IDENTITY (
    SEQUENCE NAME public.main_anneeuniversitaire_id_seq
    START WITH 1
    INCREMENT BY 1
    NO MINVALUE
    NO MAXVALUE
    CACHE 1
);


--
-- Name: main_charge; Type: TABLE; Schema: public; Owner: gestion_ifnti_user
--

CREATE TABLE public.main_charge (
    id bigint NOT NULL,
    "dateDebut" date,
    "dateFin" date,
    frais_de_vie integer NOT NULL,
    frais_nourriture integer NOT NULL,
    frais_de_vie_dcc integer NOT NULL,
    frais_nourriture_dcc integer NOT NULL,
    montant integer NOT NULL,
    "montantEnLettre" character varying(100) NOT NULL,
    annee_universitaire_id bigint,
    compte_bancaire_id bigint,
    personnel_id bigint NOT NULL
);


ALTER TABLE public.main_charge OWNER TO gestion_ifnti_user;

--
-- Name: main_charge_id_seq; Type: SEQUENCE; Schema: public; Owner: gestion_ifnti_user
--

ALTER TABLE public.main_charge ALTER COLUMN id ADD GENERATED BY DEFAULT AS IDENTITY (
    SEQUENCE NAME public.main_charge_id_seq
    START WITH 1
    INCREMENT BY 1
    NO MINVALUE
    NO MAXVALUE
    CACHE 1
);


--
-- Name: main_competence; Type: TABLE; Schema: public; Owner: gestion_ifnti_user
--

CREATE TABLE public.main_competence (
    id character varying(30) NOT NULL,
    code character varying(100) NOT NULL,
    libelle character varying(100) NOT NULL,
    matiere_id bigint NOT NULL,
    ue_id bigint NOT NULL
);


ALTER TABLE public.main_competence OWNER TO gestion_ifnti_user;

--
-- Name: main_comptebancaire; Type: TABLE; Schema: public; Owner: gestion_ifnti_user
--

CREATE TABLE public.main_comptebancaire (
    id bigint NOT NULL,
    numero character varying(100) NOT NULL,
    solde_bancaire double precision NOT NULL,
    frais_tenue_de_compte numeric(10,2) NOT NULL
);


ALTER TABLE public.main_comptebancaire OWNER TO gestion_ifnti_user;

--
-- Name: main_comptebancaire_id_seq; Type: SEQUENCE; Schema: public; Owner: gestion_ifnti_user
--

ALTER TABLE public.main_comptebancaire ALTER COLUMN id ADD GENERATED BY DEFAULT AS IDENTITY (
    SEQUENCE NAME public.main_comptebancaire_id_seq
    START WITH 1
    INCREMENT BY 1
    NO MINVALUE
    NO MAXVALUE
    CACHE 1
);


--
-- Name: main_compteetudiant; Type: TABLE; Schema: public; Owner: gestion_ifnti_user
--

CREATE TABLE public.main_compteetudiant (
    id bigint NOT NULL,
    solde numeric(10,2) NOT NULL,
    annee_universitaire_id bigint NOT NULL,
    etudiant_id character varying(12) NOT NULL
);


ALTER TABLE public.main_compteetudiant OWNER TO gestion_ifnti_user;

--
-- Name: main_compteetudiant_id_seq; Type: SEQUENCE; Schema: public; Owner: gestion_ifnti_user
--

ALTER TABLE public.main_compteetudiant ALTER COLUMN id ADD GENERATED BY DEFAULT AS IDENTITY (
    SEQUENCE NAME public.main_compteetudiant_id_seq
    START WITH 1
    INCREMENT BY 1
    NO MINVALUE
    NO MAXVALUE
    CACHE 1
);


--
-- Name: main_conge; Type: TABLE; Schema: public; Owner: gestion_ifnti_user
--

CREATE TABLE public.main_conge (
    id bigint NOT NULL,
    nature character varying(30) NOT NULL,
    autre_nature character varying(100),
    date_et_heure_debut date NOT NULL,
    date_et_heure_fin date NOT NULL,
    motif_refus text,
    valider character varying(30) NOT NULL,
    nombre_de_jours_de_conge integer NOT NULL,
    annee_universitaire_id bigint,
    personnel_id bigint
);


ALTER TABLE public.main_conge OWNER TO gestion_ifnti_user;

--
-- Name: main_conge_id_seq; Type: SEQUENCE; Schema: public; Owner: gestion_ifnti_user
--

ALTER TABLE public.main_conge ALTER COLUMN id ADD GENERATED BY DEFAULT AS IDENTITY (
    SEQUENCE NAME public.main_conge_id_seq
    START WITH 1
    INCREMENT BY 1
    NO MINVALUE
    NO MAXVALUE
    CACHE 1
);


--
-- Name: main_correspondancemaquette; Type: TABLE; Schema: public; Owner: gestion_ifnti_user
--

CREATE TABLE public.main_correspondancemaquette (
    id bigint NOT NULL,
    nature character varying(1) NOT NULL,
    ancienne character varying(225),
    nouvelle character varying(225)
);


ALTER TABLE public.main_correspondancemaquette OWNER TO gestion_ifnti_user;

--
-- Name: main_correspondancemaquette_id_seq; Type: SEQUENCE; Schema: public; Owner: gestion_ifnti_user
--

ALTER TABLE public.main_correspondancemaquette ALTER COLUMN id ADD GENERATED BY DEFAULT AS IDENTITY (
    SEQUENCE NAME public.main_correspondancemaquette_id_seq
    START WITH 1
    INCREMENT BY 1
    NO MINVALUE
    NO MAXVALUE
    CACHE 1
);


--
-- Name: main_domaine; Type: TABLE; Schema: public; Owner: gestion_ifnti_user
--

CREATE TABLE public.main_domaine (
    id bigint NOT NULL,
    nom character varying(255) NOT NULL,
    description text NOT NULL
);


ALTER TABLE public.main_domaine OWNER TO gestion_ifnti_user;

--
-- Name: main_domaine_id_seq; Type: SEQUENCE; Schema: public; Owner: gestion_ifnti_user
--

ALTER TABLE public.main_domaine ALTER COLUMN id ADD GENERATED BY DEFAULT AS IDENTITY (
    SEQUENCE NAME public.main_domaine_id_seq
    START WITH 1
    INCREMENT BY 1
    NO MINVALUE
    NO MAXVALUE
    CACHE 1
);


--
-- Name: main_enseignant; Type: TABLE; Schema: public; Owner: gestion_ifnti_user
--

CREATE TABLE public.main_enseignant (
    id bigint NOT NULL,
    type character varying(9),
    specialite character varying(300),
    personnel_id bigint NOT NULL
);


ALTER TABLE public.main_enseignant OWNER TO gestion_ifnti_user;

--
-- Name: main_enseignant_id_seq; Type: SEQUENCE; Schema: public; Owner: gestion_ifnti_user
--

ALTER TABLE public.main_enseignant ALTER COLUMN id ADD GENERATED BY DEFAULT AS IDENTITY (
    SEQUENCE NAME public.main_enseignant_id_seq
    START WITH 1
    INCREMENT BY 1
    NO MINVALUE
    NO MAXVALUE
    CACHE 1
);


--
-- Name: main_etudiant; Type: TABLE; Schema: public; Owner: gestion_ifnti_user
--

CREATE TABLE public.main_etudiant (
    nom character varying(50) NOT NULL,
    prenom character varying(50) NOT NULL,
    sexe character varying(1) NOT NULL,
    datenaissance date,
    lieunaissance character varying(50),
    contact character varying(25),
    email character varying(50),
    adresse character varying(50),
    prefecture character varying(50),
    is_active boolean,
    carte_identity character varying(50),
    nationalite character varying(50) NOT NULL,
    profil character varying(100),
    id character varying(12) NOT NULL,
    seriebac1 character varying(2),
    seriebac2 character varying(2),
    anneeentree integer,
    anneebac1 integer,
    anneebac2 integer,
    "etablissementSeconde" character varying(300),
    "francaisSeconde" numeric(4,2) NOT NULL,
    "anglaisSeconde" numeric(4,2) NOT NULL,
    "mathematiqueSeconde" numeric(4,2) NOT NULL,
    "etablissementPremiere" character varying(300),
    "francaisPremiere" numeric(4,2) NOT NULL,
    "anglaisPremiere" numeric(4,2) NOT NULL,
    "mathematiquePremiere" numeric(4,2) NOT NULL,
    "etablissementTerminale" character varying(300),
    "francaisTerminale" numeric(4,2) NOT NULL,
    "anglaisTerminale" numeric(4,2) NOT NULL,
    "mathematiqueTerminale" numeric(4,2) NOT NULL,
    delegue boolean,
    passer_semestre_suivant boolean NOT NULL,
    decision_conseil text,
    photo_passport character varying(100),
    user_id integer NOT NULL
);


ALTER TABLE public.main_etudiant OWNER TO gestion_ifnti_user;

--
-- Name: main_etudiant_semestres; Type: TABLE; Schema: public; Owner: gestion_ifnti_user
--

CREATE TABLE public.main_etudiant_semestres (
    id bigint NOT NULL,
    etudiant_id character varying(12) NOT NULL,
    semestre_id character varying(14) NOT NULL
);


ALTER TABLE public.main_etudiant_semestres OWNER TO gestion_ifnti_user;

--
-- Name: main_etudiant_semestres_id_seq; Type: SEQUENCE; Schema: public; Owner: gestion_ifnti_user
--

ALTER TABLE public.main_etudiant_semestres ALTER COLUMN id ADD GENERATED BY DEFAULT AS IDENTITY (
    SEQUENCE NAME public.main_etudiant_semestres_id_seq
    START WITH 1
    INCREMENT BY 1
    NO MINVALUE
    NO MAXVALUE
    CACHE 1
);


--
-- Name: main_etudiant_tuteurs; Type: TABLE; Schema: public; Owner: gestion_ifnti_user
--

CREATE TABLE public.main_etudiant_tuteurs (
    id bigint NOT NULL,
    etudiant_id character varying(12) NOT NULL,
    tuteur_id bigint NOT NULL
);


ALTER TABLE public.main_etudiant_tuteurs OWNER TO gestion_ifnti_user;

--
-- Name: main_etudiant_tuteurs_id_seq; Type: SEQUENCE; Schema: public; Owner: gestion_ifnti_user
--

ALTER TABLE public.main_etudiant_tuteurs ALTER COLUMN id ADD GENERATED BY DEFAULT AS IDENTITY (
    SEQUENCE NAME public.main_etudiant_tuteurs_id_seq
    START WITH 1
    INCREMENT BY 1
    NO MINVALUE
    NO MAXVALUE
    CACHE 1
);


--
-- Name: main_evaluation; Type: TABLE; Schema: public; Owner: gestion_ifnti_user
--

CREATE TABLE public.main_evaluation (
    id bigint NOT NULL,
    libelle character varying(258) NOT NULL,
    ponderation integer NOT NULL,
    date date NOT NULL,
    rattrapage boolean NOT NULL,
    matiere_id bigint NOT NULL,
    semestre_id character varying(14)
);


ALTER TABLE public.main_evaluation OWNER TO gestion_ifnti_user;

--
-- Name: main_evaluation_id_seq; Type: SEQUENCE; Schema: public; Owner: gestion_ifnti_user
--

ALTER TABLE public.main_evaluation ALTER COLUMN id ADD GENERATED BY DEFAULT AS IDENTITY (
    SEQUENCE NAME public.main_evaluation_id_seq
    START WITH 1
    INCREMENT BY 1
    NO MINVALUE
    NO MAXVALUE
    CACHE 1
);


--
-- Name: main_fichedepaie; Type: TABLE; Schema: public; Owner: gestion_ifnti_user
--

CREATE TABLE public.main_fichedepaie (
    id bigint NOT NULL,
    "dateDebut" date,
    "dateFin" date,
    "nombreHeureL1" double precision NOT NULL,
    "nombreHeureL2" double precision NOT NULL,
    "nombreHeureL3" double precision NOT NULL,
    "nombreHeure" double precision NOT NULL,
    "prixUnitaire" integer NOT NULL,
    "montantL1" double precision NOT NULL,
    "montantL2" double precision NOT NULL,
    "montantL3" double precision NOT NULL,
    montant double precision NOT NULL,
    difference double precision NOT NULL,
    acomptes double precision NOT NULL,
    "montantEnLettre" character varying(100) NOT NULL,
    annee_universitaire_id bigint,
    compte_bancaire_id bigint,
    enseignant_id bigint NOT NULL
);


ALTER TABLE public.main_fichedepaie OWNER TO gestion_ifnti_user;

--
-- Name: main_fichedepaie_id_seq; Type: SEQUENCE; Schema: public; Owner: gestion_ifnti_user
--

ALTER TABLE public.main_fichedepaie ALTER COLUMN id ADD GENERATED BY DEFAULT AS IDENTITY (
    SEQUENCE NAME public.main_fichedepaie_id_seq
    START WITH 1
    INCREMENT BY 1
    NO MINVALUE
    NO MAXVALUE
    CACHE 1
);


--
-- Name: main_fichedepaie_matiere; Type: TABLE; Schema: public; Owner: gestion_ifnti_user
--

CREATE TABLE public.main_fichedepaie_matiere (
    id bigint NOT NULL,
    fichedepaie_id bigint NOT NULL,
    matiere_id bigint NOT NULL
);


ALTER TABLE public.main_fichedepaie_matiere OWNER TO gestion_ifnti_user;

--
-- Name: main_fichedepaie_matiere_id_seq; Type: SEQUENCE; Schema: public; Owner: gestion_ifnti_user
--

ALTER TABLE public.main_fichedepaie_matiere ALTER COLUMN id ADD GENERATED BY DEFAULT AS IDENTITY (
    SEQUENCE NAME public.main_fichedepaie_matiere_id_seq
    START WITH 1
    INCREMENT BY 1
    NO MINVALUE
    NO MAXVALUE
    CACHE 1
);


--
-- Name: main_fournisseur; Type: TABLE; Schema: public; Owner: gestion_ifnti_user
--

CREATE TABLE public.main_fournisseur (
    id bigint NOT NULL,
    type character varying(30) NOT NULL,
    montant numeric(10,2) NOT NULL,
    dateversement date NOT NULL,
    le_mois character varying(30) NOT NULL,
    facture_pdf character varying(100),
    annee_universitaire_id bigint,
    compte_bancaire_id bigint
);


ALTER TABLE public.main_fournisseur OWNER TO gestion_ifnti_user;

--
-- Name: main_fournisseur_id_seq; Type: SEQUENCE; Schema: public; Owner: gestion_ifnti_user
--

ALTER TABLE public.main_fournisseur ALTER COLUMN id ADD GENERATED BY DEFAULT AS IDENTITY (
    SEQUENCE NAME public.main_fournisseur_id_seq
    START WITH 1
    INCREMENT BY 1
    NO MINVALUE
    NO MAXVALUE
    CACHE 1
);


--
-- Name: main_frais; Type: TABLE; Schema: public; Owner: gestion_ifnti_user
--

CREATE TABLE public.main_frais (
    id bigint NOT NULL,
    montant_inscription numeric(10,2) NOT NULL,
    montant_scolarite numeric(10,2) NOT NULL,
    annee_universitaire_id bigint NOT NULL
);


ALTER TABLE public.main_frais OWNER TO gestion_ifnti_user;

--
-- Name: main_frais_id_seq; Type: SEQUENCE; Schema: public; Owner: gestion_ifnti_user
--

ALTER TABLE public.main_frais ALTER COLUMN id ADD GENERATED BY DEFAULT AS IDENTITY (
    SEQUENCE NAME public.main_frais_id_seq
    START WITH 1
    INCREMENT BY 1
    NO MINVALUE
    NO MAXVALUE
    CACHE 1
);


--
-- Name: main_information; Type: TABLE; Schema: public; Owner: gestion_ifnti_user
--

CREATE TABLE public.main_information (
    id bigint NOT NULL,
    "numeroSecurite" integer NOT NULL,
    niveau character varying(100) NOT NULL,
    "dateDebut" date NOT NULL,
    "dateFin" date NOT NULL,
    duree character varying(100) NOT NULL,
    discipline_id bigint NOT NULL,
    enseignant_id bigint
);


ALTER TABLE public.main_information OWNER TO gestion_ifnti_user;

--
-- Name: main_information_id_seq; Type: SEQUENCE; Schema: public; Owner: gestion_ifnti_user
--

ALTER TABLE public.main_information ALTER COLUMN id ADD GENERATED BY DEFAULT AS IDENTITY (
    SEQUENCE NAME public.main_information_id_seq
    START WITH 1
    INCREMENT BY 1
    NO MINVALUE
    NO MAXVALUE
    CACHE 1
);


--
-- Name: main_matiere; Type: TABLE; Schema: public; Owner: gestion_ifnti_user
--

CREATE TABLE public.main_matiere (
    id bigint NOT NULL,
    codematiere character varying(50) NOT NULL,
    libelle character varying(100) NOT NULL,
    coefficient integer,
    "minValue" double precision,
    heures numeric(4,1),
    abbreviation character varying(10) NOT NULL,
    is_active boolean NOT NULL,
    enseignant_id bigint,
    ue_id bigint NOT NULL
);


ALTER TABLE public.main_matiere OWNER TO gestion_ifnti_user;

--
-- Name: main_matiere_id_seq; Type: SEQUENCE; Schema: public; Owner: gestion_ifnti_user
--

ALTER TABLE public.main_matiere ALTER COLUMN id ADD GENERATED BY DEFAULT AS IDENTITY (
    SEQUENCE NAME public.main_matiere_id_seq
    START WITH 1
    INCREMENT BY 1
    NO MINVALUE
    NO MAXVALUE
    CACHE 1
);


--
-- Name: main_note; Type: TABLE; Schema: public; Owner: gestion_ifnti_user
--

CREATE TABLE public.main_note (
    id bigint NOT NULL,
    "valeurNote" numeric(5,2) NOT NULL,
    etudiant_id character varying(12) NOT NULL,
    evaluation_id bigint NOT NULL
);


ALTER TABLE public.main_note OWNER TO gestion_ifnti_user;

--
-- Name: main_note_id_seq; Type: SEQUENCE; Schema: public; Owner: gestion_ifnti_user
--

ALTER TABLE public.main_note ALTER COLUMN id ADD GENERATED BY DEFAULT AS IDENTITY (
    SEQUENCE NAME public.main_note_id_seq
    START WITH 1
    INCREMENT BY 1
    NO MINVALUE
    NO MAXVALUE
    CACHE 1
);


--
-- Name: main_paiement; Type: TABLE; Schema: public; Owner: gestion_ifnti_user
--

CREATE TABLE public.main_paiement (
    id bigint NOT NULL,
    type character varying(30) NOT NULL,
    montant numeric(10,2) NOT NULL,
    dateversement date NOT NULL,
    numerobordereau character varying(30) NOT NULL,
    annee_universitaire_id bigint NOT NULL,
    comptable_id bigint NOT NULL,
    compte_bancaire_id bigint,
    etudiant_id character varying(12) NOT NULL
);


ALTER TABLE public.main_paiement OWNER TO gestion_ifnti_user;

--
-- Name: main_paiement_id_seq; Type: SEQUENCE; Schema: public; Owner: gestion_ifnti_user
--

ALTER TABLE public.main_paiement ALTER COLUMN id ADD GENERATED BY DEFAULT AS IDENTITY (
    SEQUENCE NAME public.main_paiement_id_seq
    START WITH 1
    INCREMENT BY 1
    NO MINVALUE
    NO MAXVALUE
    CACHE 1
);


--
-- Name: main_parametre; Type: TABLE; Schema: public; Owner: gestion_ifnti_user
--

CREATE TABLE public.main_parametre (
    id bigint NOT NULL,
    data_is_load boolean NOT NULL,
    numero_compte character varying(255) NOT NULL,
    nom_institut character varying(255),
    logo_institut character varying(100),
    directeur_des_etudes character varying(255)
);


ALTER TABLE public.main_parametre OWNER TO gestion_ifnti_user;

--
-- Name: main_parametre_id_seq; Type: SEQUENCE; Schema: public; Owner: gestion_ifnti_user
--

ALTER TABLE public.main_parametre ALTER COLUMN id ADD GENERATED BY DEFAULT AS IDENTITY (
    SEQUENCE NAME public.main_parametre_id_seq
    START WITH 1
    INCREMENT BY 1
    NO MINVALUE
    NO MAXVALUE
    CACHE 1
);


--
-- Name: main_parcours; Type: TABLE; Schema: public; Owner: gestion_ifnti_user
--

CREATE TABLE public.main_parcours (
    id bigint NOT NULL,
    nom character varying(255) NOT NULL,
    description text NOT NULL,
    domaine_id bigint
);


ALTER TABLE public.main_parcours OWNER TO gestion_ifnti_user;

--
-- Name: main_parcours_id_seq; Type: SEQUENCE; Schema: public; Owner: gestion_ifnti_user
--

ALTER TABLE public.main_parcours ALTER COLUMN id ADD GENERATED BY DEFAULT AS IDENTITY (
    SEQUENCE NAME public.main_parcours_id_seq
    START WITH 1
    INCREMENT BY 1
    NO MINVALUE
    NO MAXVALUE
    CACHE 1
);


--
-- Name: main_personnel; Type: TABLE; Schema: public; Owner: gestion_ifnti_user
--

CREATE TABLE public.main_personnel (
    id bigint NOT NULL,
    nom character varying(50) NOT NULL,
    prenom character varying(50) NOT NULL,
    sexe character varying(1) NOT NULL,
    datenaissance date,
    lieunaissance character varying(50),
    contact character varying(25),
    email character varying(50),
    adresse character varying(50),
    prefecture character varying(50),
    is_active boolean,
    carte_identity character varying(50),
    nationalite character varying(50) NOT NULL,
    profil character varying(100),
    qualification_professionnel character varying(30) NOT NULL,
    numero_cnss character varying(30) NOT NULL,
    nif character varying(50) NOT NULL,
    "salaireBrut" numeric(15,2) NOT NULL,
    dernierdiplome character varying(100),
    "nbreJrsCongesRestant" integer NOT NULL,
    "nbreJrsConsomme" integer NOT NULL,
    nombre_de_personnes_en_charge integer NOT NULL,
    user_id integer NOT NULL
);


ALTER TABLE public.main_personnel OWNER TO gestion_ifnti_user;

--
-- Name: main_personnel_id_seq; Type: SEQUENCE; Schema: public; Owner: gestion_ifnti_user
--

ALTER TABLE public.main_personnel ALTER COLUMN id ADD GENERATED BY DEFAULT AS IDENTITY (
    SEQUENCE NAME public.main_personnel_id_seq
    START WITH 1
    INCREMENT BY 1
    NO MINVALUE
    NO MAXVALUE
    CACHE 1
);


--
-- Name: main_programme; Type: TABLE; Schema: public; Owner: gestion_ifnti_user
--

CREATE TABLE public.main_programme (
    id bigint NOT NULL,
    parcours_id bigint,
    semestre_id character varying(14) NOT NULL
);


ALTER TABLE public.main_programme OWNER TO gestion_ifnti_user;

--
-- Name: main_programme_id_seq; Type: SEQUENCE; Schema: public; Owner: gestion_ifnti_user
--

ALTER TABLE public.main_programme ALTER COLUMN id ADD GENERATED BY DEFAULT AS IDENTITY (
    SEQUENCE NAME public.main_programme_id_seq
    START WITH 1
    INCREMENT BY 1
    NO MINVALUE
    NO MAXVALUE
    CACHE 1
);


--
-- Name: main_programme_ues; Type: TABLE; Schema: public; Owner: gestion_ifnti_user
--

CREATE TABLE public.main_programme_ues (
    id bigint NOT NULL,
    programme_id bigint NOT NULL,
    ue_id bigint NOT NULL
);


ALTER TABLE public.main_programme_ues OWNER TO gestion_ifnti_user;

--
-- Name: main_programme_ues_id_seq; Type: SEQUENCE; Schema: public; Owner: gestion_ifnti_user
--

ALTER TABLE public.main_programme_ues ALTER COLUMN id ADD GENERATED BY DEFAULT AS IDENTITY (
    SEQUENCE NAME public.main_programme_ues_id_seq
    START WITH 1
    INCREMENT BY 1
    NO MINVALUE
    NO MAXVALUE
    CACHE 1
);


--
-- Name: main_semestre; Type: TABLE; Schema: public; Owner: gestion_ifnti_user
--

CREATE TABLE public.main_semestre (
    id character varying(14) NOT NULL,
    libelle character varying(30) NOT NULL,
    credits integer NOT NULL,
    courant boolean,
    annee_universitaire_id bigint
);


ALTER TABLE public.main_semestre OWNER TO gestion_ifnti_user;

--
-- Name: main_tuteur; Type: TABLE; Schema: public; Owner: gestion_ifnti_user
--

CREATE TABLE public.main_tuteur (
    id bigint NOT NULL,
    nom character varying(20) NOT NULL,
    prenom character varying(20) NOT NULL,
    sexe character varying(1) NOT NULL,
    adresse character varying(20) NOT NULL,
    contact character varying(25) NOT NULL,
    profession character varying(20) NOT NULL,
    type character varying(20) NOT NULL
);


ALTER TABLE public.main_tuteur OWNER TO gestion_ifnti_user;

--
-- Name: main_tuteur_id_seq; Type: SEQUENCE; Schema: public; Owner: gestion_ifnti_user
--

ALTER TABLE public.main_tuteur ALTER COLUMN id ADD GENERATED BY DEFAULT AS IDENTITY (
    SEQUENCE NAME public.main_tuteur_id_seq
    START WITH 1
    INCREMENT BY 1
    NO MINVALUE
    NO MAXVALUE
    CACHE 1
);


--
-- Name: main_ue; Type: TABLE; Schema: public; Owner: gestion_ifnti_user
--

CREATE TABLE public.main_ue (
    id bigint NOT NULL,
    "codeUE" character varying(50) NOT NULL,
    libelle character varying(100) NOT NULL,
    niveau character varying(50) NOT NULL,
    type character varying(50) NOT NULL,
    "nbreCredits" integer NOT NULL,
    "minValue" double precision,
    heures numeric(4,1) NOT NULL,
    enseignant_id bigint,
    semestre_id character varying(14)
);


ALTER TABLE public.main_ue OWNER TO gestion_ifnti_user;

--
-- Name: main_ue_id_seq; Type: SEQUENCE; Schema: public; Owner: gestion_ifnti_user
--

ALTER TABLE public.main_ue ALTER COLUMN id ADD GENERATED BY DEFAULT AS IDENTITY (
    SEQUENCE NAME public.main_ue_id_seq
    START WITH 1
    INCREMENT BY 1
    NO MINVALUE
    NO MAXVALUE
    CACHE 1
);


--
-- Name: main_versmentsalaire; Type: TABLE; Schema: public; Owner: gestion_ifnti_user
--

CREATE TABLE public.main_versmentsalaire (
    id bigint NOT NULL,
    date_debut date,
    date_fin date,
    prime_efficacite numeric(10,2) NOT NULL,
    prime_qualite numeric(10,2) NOT NULL,
    frais_travaux_complementaires numeric(10,2) NOT NULL,
    prime_anciennete numeric(10,2) NOT NULL,
    frais_prestations_familiales numeric(10,2) NOT NULL,
    frais_risques_professionnel numeric(10,2) NOT NULL,
    frais_pension_vieillesse_emsalaire numeric(10,3) NOT NULL,
    frais_prestations_familiale_salsalaire numeric(10,2) NOT NULL,
    assurance_maladie_universelle numeric(10,2) NOT NULL,
    tcs numeric(10,2) NOT NULL,
    irpp numeric(10,2) NOT NULL,
    prime_forfaitaire numeric(10,2) NOT NULL,
    acomptes numeric(10,2) NOT NULL,
    salaire_net_a_payer numeric(15,2) NOT NULL,
    annee_universitaire_id bigint,
    compte_bancaire_id bigint,
    personnel_id bigint NOT NULL
);


ALTER TABLE public.main_versmentsalaire OWNER TO gestion_ifnti_user;

--
-- Name: main_versmentsalaire_id_seq; Type: SEQUENCE; Schema: public; Owner: gestion_ifnti_user
--

ALTER TABLE public.main_versmentsalaire ALTER COLUMN id ADD GENERATED BY DEFAULT AS IDENTITY (
    SEQUENCE NAME public.main_versmentsalaire_id_seq
    START WITH 1
    INCREMENT BY 1
    NO MINVALUE
    NO MAXVALUE
    CACHE 1
);


--
-- Name: planning_planning; Type: TABLE; Schema: public; Owner: gestion_ifnti_user
--

CREATE TABLE public.planning_planning (
    id bigint NOT NULL,
    semaine integer NOT NULL,
    datedebut date NOT NULL,
    datefin date NOT NULL,
    intervalle character varying(50),
    semestre_id character varying(14) NOT NULL
);


ALTER TABLE public.planning_planning OWNER TO gestion_ifnti_user;

--
-- Name: planning_planning_id_seq; Type: SEQUENCE; Schema: public; Owner: gestion_ifnti_user
--

ALTER TABLE public.planning_planning ALTER COLUMN id ADD GENERATED BY DEFAULT AS IDENTITY (
    SEQUENCE NAME public.planning_planning_id_seq
    START WITH 1
    INCREMENT BY 1
    NO MINVALUE
    NO MAXVALUE
    CACHE 1
);


--
-- Name: planning_seanceplannifier; Type: TABLE; Schema: public; Owner: gestion_ifnti_user
--

CREATE TABLE public.planning_seanceplannifier (
    id bigint NOT NULL,
    intitule character varying(200) NOT NULL,
    date_heure_debut timestamp with time zone NOT NULL,
    date_heure_fin timestamp with time zone NOT NULL,
    "precision" character varying(255) NOT NULL,
    valider boolean NOT NULL,
    planning_id bigint,
    professeur_id bigint
);


ALTER TABLE public.planning_seanceplannifier OWNER TO gestion_ifnti_user;

--
-- Name: planning_seanceplannifier_id_seq; Type: SEQUENCE; Schema: public; Owner: gestion_ifnti_user
--

ALTER TABLE public.planning_seanceplannifier ALTER COLUMN id ADD GENERATED BY DEFAULT AS IDENTITY (
    SEQUENCE NAME public.planning_seanceplannifier_id_seq
    START WITH 1
    INCREMENT BY 1
    NO MINVALUE
    NO MAXVALUE
    CACHE 1
);


--
-- Data for Name: auth_group; Type: TABLE DATA; Schema: public; Owner: gestion_ifnti_user
--

COPY public.auth_group (id, name) FROM stdin;
1	directeur_des_etudes
2	etudiant
3	enseignant
4	comptable
5	secretaire
6	gardien
\.


--
-- Data for Name: auth_group_permissions; Type: TABLE DATA; Schema: public; Owner: gestion_ifnti_user
--

COPY public.auth_group_permissions (id, group_id, permission_id) FROM stdin;
145	1	25
146	1	26
147	1	27
148	1	28
149	1	37
150	1	38
151	1	39
152	1	40
153	1	41
154	1	42
155	1	43
156	1	44
157	1	49
158	1	50
159	1	51
160	1	52
161	1	53
162	1	54
163	1	55
164	1	56
165	1	69
166	1	70
167	1	71
168	1	72
169	1	73
170	1	74
171	1	75
172	1	76
173	1	77
174	1	78
175	1	79
176	1	80
177	1	81
178	1	82
179	1	83
180	1	84
181	1	85
182	1	86
183	1	87
184	1	88
185	1	89
186	1	90
187	1	91
188	1	92
189	1	93
190	1	94
191	1	95
192	1	96
193	1	97
194	1	98
195	1	99
196	1	100
197	1	101
198	1	102
199	1	103
200	1	104
201	1	109
202	1	110
203	1	111
204	1	112
205	1	113
206	1	114
207	1	115
208	1	116
209	1	117
210	1	118
211	1	119
212	1	120
213	1	125
214	1	126
215	1	127
216	1	128
217	1	133
218	1	134
219	1	135
220	1	136
221	1	137
222	1	138
223	1	139
224	1	140
225	2	72
226	2	137
227	2	138
228	2	136
229	2	140
230	2	84
231	2	116
232	2	56
233	2	88
234	3	72
235	3	136
236	3	138
237	3	140
238	3	44
239	3	81
240	3	82
241	3	83
242	3	84
243	3	85
244	3	86
245	3	87
246	3	56
247	3	116
248	3	88
249	4	96
250	4	73
251	4	74
252	4	44
253	4	77
254	4	78
255	4	76
256	4	80
257	4	52
258	4	56
259	5	133
260	5	134
261	5	135
262	5	136
263	5	137
264	5	138
265	5	140
266	5	41
267	5	42
268	5	44
269	5	49
270	5	50
271	5	52
272	5	53
273	5	54
274	5	56
275	5	69
276	5	70
277	5	72
278	5	81
279	5	82
280	5	83
281	5	84
282	5	85
283	5	86
284	5	87
285	5	88
286	5	113
287	5	114
288	5	116
\.


--
-- Data for Name: auth_permission; Type: TABLE DATA; Schema: public; Owner: gestion_ifnti_user
--

COPY public.auth_permission (id, name, content_type_id, codename) FROM stdin;
1	Can add log entry	1	add_logentry
2	Can change log entry	1	change_logentry
3	Can delete log entry	1	delete_logentry
4	Can view log entry	1	view_logentry
5	Can add permission	2	add_permission
6	Can change permission	2	change_permission
7	Can delete permission	2	delete_permission
8	Can view permission	2	view_permission
9	Can add group	3	add_group
10	Can change group	3	change_group
11	Can delete group	3	delete_group
12	Can view group	3	view_group
13	Can add user	4	add_user
14	Can change user	4	change_user
15	Can delete user	4	delete_user
16	Can view user	4	view_user
17	Can add content type	5	add_contenttype
18	Can change content type	5	change_contenttype
19	Can delete content type	5	delete_contenttype
20	Can view content type	5	view_contenttype
21	Can add session	6	add_session
22	Can change session	6	change_session
23	Can delete session	6	delete_session
24	Can view session	6	view_session
25	Can add annee universitaire	7	add_anneeuniversitaire
26	Can change annee universitaire	7	change_anneeuniversitaire
27	Can delete annee universitaire	7	delete_anneeuniversitaire
28	Can view annee universitaire	7	view_anneeuniversitaire
29	Can add compte bancaire	8	add_comptebancaire
30	Can change compte bancaire	8	change_comptebancaire
31	Can delete compte bancaire	8	delete_comptebancaire
32	Can view compte bancaire	8	view_comptebancaire
33	Can add correspondance maquette	9	add_correspondancemaquette
34	Can change correspondance maquette	9	change_correspondancemaquette
35	Can delete correspondance maquette	9	delete_correspondancemaquette
36	Can view correspondance maquette	9	view_correspondancemaquette
37	Can add domaine	10	add_domaine
38	Can change domaine	10	change_domaine
39	Can delete domaine	10	delete_domaine
40	Can view domaine	10	view_domaine
41	Can add enseignant	11	add_enseignant
42	Can change enseignant	11	change_enseignant
43	Can delete enseignant	11	delete_enseignant
44	Can view enseignant	11	view_enseignant
45	Can add parametre	12	add_parametre
46	Can change parametre	12	change_parametre
47	Can delete parametre	12	delete_parametre
48	Can view parametre	12	view_parametre
49	Can add tuteur	13	add_tuteur
50	Can change tuteur	13	change_tuteur
51	Can delete tuteur	13	delete_tuteur
52	Can view tuteur	13	view_tuteur
53	Can add Etudiant	14	add_etudiant
54	Can change Etudiant	14	change_etudiant
55	Can delete Etudiant	14	delete_etudiant
56	Can view Etudiant	14	view_etudiant
57	Can add compte etudiant	15	add_compteetudiant
58	Can change compte etudiant	15	change_compteetudiant
59	Can delete compte etudiant	15	delete_compteetudiant
60	Can view compte etudiant	15	view_compteetudiant
61	Can add fournisseur	16	add_fournisseur
62	Can change fournisseur	16	change_fournisseur
63	Can delete fournisseur	16	delete_fournisseur
64	Can view fournisseur	16	view_fournisseur
65	Can add frais	17	add_frais
66	Can change frais	17	change_frais
67	Can delete frais	17	delete_frais
68	Can view frais	17	view_frais
69	Can add matiere	18	add_matiere
70	Can change matiere	18	change_matiere
71	Can delete matiere	18	delete_matiere
72	Can view matiere	18	view_matiere
73	Can add information	19	add_information
74	Can change information	19	change_information
75	Can delete information	19	delete_information
76	Can view information	19	view_information
77	Can add fiche de paie	20	add_fichedepaie
78	Can change fiche de paie	20	change_fichedepaie
79	Can delete fiche de paie	20	delete_fichedepaie
80	Can view fiche de paie	20	view_fichedepaie
81	Can add evaluation	21	add_evaluation
82	Can change evaluation	21	change_evaluation
83	Can delete evaluation	21	delete_evaluation
84	Can view evaluation	21	view_evaluation
85	Can add note	22	add_note
86	Can change note	22	change_note
87	Can delete note	22	delete_note
88	Can view note	22	view_note
89	Can add parcours	23	add_parcours
90	Can change parcours	23	change_parcours
91	Can delete parcours	23	delete_parcours
92	Can view parcours	23	view_parcours
93	Can add personnel	24	add_personnel
94	Can change personnel	24	change_personnel
95	Can delete personnel	24	delete_personnel
96	Can view personnel	24	view_personnel
97	Can add paiement	25	add_paiement
98	Can change paiement	25	change_paiement
99	Can delete paiement	25	delete_paiement
100	Can view paiement	25	view_paiement
101	Can add conge	26	add_conge
102	Can change conge	26	change_conge
103	Can delete conge	26	delete_conge
104	Can view conge	26	view_conge
105	Can add charge	27	add_charge
106	Can change charge	27	change_charge
107	Can delete charge	27	delete_charge
108	Can view charge	27	view_charge
109	Can add semestre	28	add_semestre
110	Can change semestre	28	change_semestre
111	Can delete semestre	28	delete_semestre
112	Can view semestre	28	view_semestre
113	Can add ue	29	add_ue
114	Can change ue	29	change_ue
115	Can delete ue	29	delete_ue
116	Can view ue	29	view_ue
117	Can add competence	30	add_competence
118	Can change competence	30	change_competence
119	Can delete competence	30	delete_competence
120	Can view competence	30	view_competence
121	Can add versment salaire	31	add_versmentsalaire
122	Can change versment salaire	31	change_versmentsalaire
123	Can delete versment salaire	31	delete_versmentsalaire
124	Can view versment salaire	31	view_versmentsalaire
125	Can add programme	32	add_programme
126	Can change programme	32	change_programme
127	Can delete programme	32	delete_programme
128	Can view programme	32	view_programme
129	Can add planning	33	add_planning
130	Can change planning	33	change_planning
131	Can delete planning	33	delete_planning
132	Can view planning	33	view_planning
133	Can add seance plannifier	34	add_seanceplannifier
134	Can change seance plannifier	34	change_seanceplannifier
135	Can delete seance plannifier	34	delete_seanceplannifier
136	Can view seance plannifier	34	view_seanceplannifier
137	Can add seance	35	add_seance
138	Can change seance	35	change_seance
139	Can delete seance	35	delete_seance
140	Can view seance	35	view_seance
\.


--
-- Data for Name: auth_user; Type: TABLE DATA; Schema: public; Owner: gestion_ifnti_user
--

COPY public.auth_user (id, password, last_login, is_superuser, username, first_name, last_name, email, is_staff, is_active, date_joined) FROM stdin;
1	pbkdf2_sha256$720000$TAygSiuElDMrNofUZLBPDg$OeL8TY7mKs1YbqBS5fp8vcOJNwK3hhm7AZ7Ah7OfCTo=	2024-05-16 15:59:05.417+00	t	hafizh				t	t	2024-05-16 11:33:15.797+00
2	pbkdf2_sha256$720000$KAHkCLWDnPGU2De69kxlil$Zjp7ENnqlOD3Lnew+A6CbpvUco8fQZVGinha8QuEP0g=	\N	f	teourimohamedsabirou	TEOURI	Mohamed Sabirou	sabirou.teouri@ifnti.com	f	t	2024-02-22 17:08:30+00
4	pbkdf2_sha256$720000$m5KYjzA5luauj6gX71yw68$k/hYnkaLBrXi6BslERKuJMQOyDoNZh8DaB/fh9NpmNU=	\N	f	teourisabirou	TEOURI 	Sabirou	test@ifnti.com	f	t	2024-02-22 17:52:54+00
6	pbkdf2_sha256$720000$BmbJ1Cagu1cPUKeaMvcICl$kfF5eVLF49uQTwCg2I2QtI/ISglc2d2lDEbsaJW3bn4=	\N	f	alisseramanaar	ALISSERA 	Manaar	test@ifnti.com	f	t	2024-02-22 17:52:55+00
7	pbkdf2_sha256$720000$QgJQiWSTUd7Z3CZgxdTPwp$9C10Mw/1HBzyti8fH9ONS/GX7ez9M3Qt+6AX1ICsNA8=	\N	f	adameissifou	ADAME 	Issifou	test@ifnti.com	f	t	2024-02-22 17:52:56+00
8	pbkdf2_sha256$720000$j0nJKt1JtJXebF8Huu0RvK$hxNavR/mk3yYWU3HZJMvYgwherfjR7TK7meX971nCY0=	\N	f	sahmichaou	SAHM 	Ichaou	test@ifnti.com	f	t	2024-02-22 17:52:56+00
9	pbkdf2_sha256$720000$o9UBVCvNlK7YcZPWoduk3U$9kXVVn3rjFqmHZUPf3zGIbyl3kmgO5x77AOwGmf5UuI=	\N	f	semagado	SEMA 	Gado	test@ifnti.com	f	t	2024-02-22 17:52:57+00
10	pbkdf2_sha256$720000$iCQ1pDhX3jYJcrIA3YY3cM$kYS6EXCpDORnKTx9fUscQ34+scrre9paQbLurhSlnQI=	\N	f	mawugnakossiankoui	MAWUGNA 	Kossi Ankoui	test@ifnti.com	f	t	2024-02-22 17:52:58+00
11	pbkdf2_sha256$720000$csUl1i63x9EK1dbB2BlvpX$ZghPJ7u1uX3JcqwPO+sgjolsQKATEyOnZH9g/5xqAMw=	\N	f	kabossakodjovi	KABOSSA 	Kodjovi	test@ifnti.com	f	t	2024-02-22 17:52:58+00
12	pbkdf2_sha256$720000$ZcZxR2bRL2v91NlE0c7J6T$FOY2OeReVDmzICy0a0g96/5I4mKZk49h/VEeyCcnq84=	\N	f	dogounawonlobamdakéna	DOGOUNA 	Wonloba Mdakéna	test@ifnti.com	f	t	2024-02-22 17:52:59+00
13	pbkdf2_sha256$720000$P6WXKFr2qMIK5mavo57cHa$jt7PWQ76em+tm+JWB9pL2nYEc95gy50/02ms8ne45xI=	\N	f	teourijosué	TEOURI 	Josué	test@ifnti.com	f	t	2024-02-22 17:53:00+00
14	pbkdf2_sha256$720000$k35kfxjn3jtOfFP53MeIiq$nfLlVUK7QaB5LaHhEGCraT9d6T0hua+xzre5++nqZsY=	\N	f	touremouhariabdoul-haqenseignant	TOURE MOUHARI	Abdoul-Haq	test@ifnti.com	f	t	2024-02-22 17:53:01+00
15	pbkdf2_sha256$720000$VNxJ2TffYIPAQkgH1YkPt7$1Mn86DA8Vc6LgmBQsWalOwhTDqjvkNqnx3qxc9KKuwo=	\N	f	djimissakokouwamaenseignant	DJIMISSA	Kokou Wama	test@ifnti.com	f	t	2024-02-22 17:53:02+00
16	pbkdf2_sha256$720000$72EvEq9UuqfLdBUMZHpVmo$dMWJHn5is1G1ArtIzIWqJzYmzfRt955yvogt/X2qSj0=	\N	f	messibekamengaevardgregoire	MESSI BEKAMENGA	Evard Gregoire	test@ifnti.com	f	t	2024-02-22 17:53:02+00
17	pbkdf2_sha256$720000$zOf6toF9Bdk2DaA3Wnx9cY$XQmlSxO+CNMUJsSo6S59GxlTnO97IWHfap6cLbWs3ZI=	\N	f	teouriruth	TEOURI 	Ruth	test@ifnti.com	f	t	2024-02-22 17:53:03+00
18	pbkdf2_sha256$720000$eMMztcnp67xIxwQ5ZSneXr$a714SEFiWYIfw1rs4cJNNy3I/fq96I8SRzStVENpBbc=	\N	f	traorenasser	TRAORE 	Nasser	test@ifnti.com	f	t	2024-02-22 17:53:04+00
19	pbkdf2_sha256$720000$01838pyqEYy8MS4SJFev09$m9rBaa1bDDfXvwlvDGz53iJGov7vmLeswLBYBjYEBtQ=	2024-03-15 18:06:24+00	f	clementvincent	CLEMENT	Vincent	test@ifnti.com	f	t	2024-02-22 17:53:05+00
20	pbkdf2_sha256$720000$XA5TAMWlWrtmiMtJo0mdDh$Upmh1PJD+yBHtSPub12xkZ7ze2J+RbZrmn/02kxOZsQ=	\N	f	nekerebassarou	NEKERE	Bassarou	bassarou.nekere@ifnti.com	f	t	2024-02-22 17:54:29+00
21	pbkdf2_sha256$720000$pVPcni0LV7n6zCHO7bptDU$iq0CCC6Epc2v6L3huiA1eiD7xIPS7l/4RKocEkhgDEE=	\N	f	aboubakaryakinou	ABOUBAKAR	Yakinou	yakinou.aboubakar@ifnti.com	f	t	2024-02-22 17:54:30+00
22	pbkdf2_sha256$720000$F3Pm6ZzWbcWP2VTFaITp4S$I6LFYC6/EG1FiPhQqjlBizj7v+tH5UXmQB3sTTHgjC0=	\N	f	fofanarachad	FOFANA	Rachad	rachad.fofana@ifnti.com	f	t	2024-02-22 17:54:31+00
23	pbkdf2_sha256$720000$G2WaDroCy8gYR7wAfgrQwC$90vFq9PE139nvAffn0gtne3ff1tRZzY1S+3W1l/gCw4=	\N	f	tcha-djeriguyassou	TCHA-DJERI	Guyassou	guyassou.tcha-djeri@ifnti.com	f	t	2024-02-22 17:54:32+00
24	pbkdf2_sha256$720000$rJj6G2gN4e5gbtZptiDNcj$/Ef+RKkDsGQCpdzem1mDYaOI6tPw26uiFjpIoX+aHaQ=	\N	f	tchablyyendoiboim	TCHABLY	Yendoiboim	yendoiboim.tchably@ifnti.com	f	t	2024-02-22 17:54:33+00
25	pbkdf2_sha256$720000$p6FCMlG3rJ2TFUE3YopTJM$NClYmH9h2yjYT6RoQtUvkKmAJa3do2KJwYxnu/Pziy8=	\N	f	ognadonkomlan	OGNADON 	Komlan	komlan.ognadon @ifnti.com	f	t	2024-02-22 17:54:34+00
26	pbkdf2_sha256$720000$v0GJPsiHsSzBdALHVrTgoX$F6DqorRRe7IZ+wimcu2lhxOoHS54gZC+iBGi+6WafJM=	\N	f	yérimasalamatou	YÉRIMA 	Salamatou	salamatou.yérima @ifnti.com	f	t	2024-02-22 17:54:35+00
27	pbkdf2_sha256$720000$7dmOcEXA0t549opxduxftw$zD2Hs6Ast+s8Dd5GKwYL5z2wFLbs2fT+ZUvCg6hA5u4=	\N	f	alabapileza	ALABA	Pileza	pileza.alaba@ifnti.com	f	t	2024-02-22 17:54:36+00
28	pbkdf2_sha256$720000$gNlr72z8u3y6DyAWdxx8ep$Ol4lySszKVhrRYk2zPaB3Fn3bIi/s2O7XzvqD+snGXk=	\N	f	gadodjakpo	GADO	Djakpo	djakpo.gado@ifnti.com	f	t	2024-02-22 17:54:37+00
29	pbkdf2_sha256$720000$QoSDQwYc3ltzO25ZbZbU0g$zW/VMk2Auv/ctzFzb7TDttFGC5qDBSN9S0HE/tKFDGQ=	\N	f	gnonegueerezamdaniel	GNONEGUE	Erezam Daniel	erezam-daniel.gnonegue@ifnti.com	f	t	2024-02-22 17:54:38+00
30	pbkdf2_sha256$720000$FuXcplz8iKr6KmgxGl2Irn$HFLtrtRNRTdpLnO+oCHnL9+oFMct95BObVurPEk1Zqo=	\N	f	kokoukwamifélix	KOKOU	Kwami  Félix	kwami-félix.kokou@ifnti.com	f	t	2024-02-22 17:54:39+00
31	pbkdf2_sha256$720000$YkXiVmmq4PhmPHmhCYjym1$YNpGIVw+roK+GFGJM7nEaWb4/LHHSm6FLCE1szGlOI0=	\N	f	abi-abrangaorachidou	ABI-ABRANGAO	Rachidou	rachidou.abi-abrangao@ifnti.com	f	t	2024-02-22 17:54:40+00
32	pbkdf2_sha256$720000$mmhGPhYuRIeiyfr11b6Gtb$b28ARYKrO+20w+6C7oV5EOqsPucHfKmIC8CEpoaojP8=	\N	f	agbereabdou-samadou	AGBERE 	Abdou-Samadou	abdou-samadou.agbere @ifnti.com	f	t	2024-02-22 17:54:41+00
33	pbkdf2_sha256$720000$ybJtZqnugJ82s3eiHKqhIK$7fL5rsEMn88AN+wf5dOs7n/GpyU85TsUk3ozGbPlxyc=	\N	f	akondonouréni	AKONDO 	Nouréni	nouréni.akondo @ifnti.com	f	t	2024-02-22 17:54:42+00
34	pbkdf2_sha256$720000$4YuylpdzzGmLOzrmpWkxWc$g4qWsgb3vpaaM44dXfVndkBZWohhbVEUbM2KXr/LpEM=	\N	f	akoujean-paulessognim	AKOU 	Jean-Paul Essognim	jean-paul-essognim.akou @ifnti.com	f	t	2024-02-22 17:54:43+00
35	pbkdf2_sha256$720000$vI7n4gOkcJOJ0YS1w5t8eO$jQIHhviy1w0/ECS0dZHA0y8B6iD/uMMXPUmgsoejqBY=	\N	f	alassanibasstou	ALASSANI 	Basstou	basstou.alassani @ifnti.com	f	t	2024-02-22 17:54:44+00
36	pbkdf2_sha256$720000$jvyv5htHH0iCrA0q36aXnG$UDeOEPGmN7Q/9UVPH+0EZc/qAw4hSeO+R2oGyaubDDI=	\N	f	alialassanimousbaou	ALI Alassani 	Mousbaou	mousbaou.ali alassani @ifnti.com	f	t	2024-02-22 17:54:45+00
37	pbkdf2_sha256$720000$KVnuXDHvKqk6LPmOZveRfW$uevvHODy40mmArsp1oLQAGuYjsds93P1Ew90bzOBbbc=	\N	f	degbembiarachad	DEGBEMBIA	Rachad	rachad.degbembia@ifnti.com	f	t	2024-02-22 17:54:46+00
38	pbkdf2_sha256$720000$dKLMt7TYB9vsGMA4EkZz3Q$gRpobnemeR6WxQPsK1/z/DzYQOBExjr0Yd5VuyRahg0=	\N	f	kondosamoussiya	KONDO 	Samoussiya	samoussiya.kondo @ifnti.com	f	t	2024-02-22 17:54:47+00
39	pbkdf2_sha256$720000$mcvJ9c9UNjdrrTUwSulnNH$XV4JZNATBy8H9QyuVbsKkH0ixQ63qud59JUCn40/MfA=	\N	f	koumoïmohamansani	KOUMOÏ 	Mohaman Sani	mohaman-sani.koumoï @ifnti.com	f	t	2024-02-22 17:54:48+00
40	pbkdf2_sha256$720000$OIiQLdi3Z8Fmd2l8WoOQHi$BTMiX7mnzbTYlj3d0Mniiq9RK3hih9Ab9CaYpdVz53w=	\N	f	ogboneirédonarif	OGBONE	Irédon Arif	irédon-arif.ogbone@ifnti.com	f	t	2024-02-22 17:54:49+00
41	pbkdf2_sha256$720000$PMSd4APUYiO9qxQbqPxVuy$2nZAJtYeot5k+0PQNl2StLirJ8wr/4Y5jIt5Yzxbl/w=	\N	f	sibittiamoudiya	SIBITTI  	Amoudiya	amoudiya.sibitti  @ifnti.com	f	t	2024-02-22 17:54:50+00
42	pbkdf2_sha256$720000$kvCTrvXxwWaXikDUMJWHqJ$/ia2AgdqJucUx5R5HYpR7cwPAbb/ZA4NEvxwevzVkDs=	\N	f	adammohamedfawaazou	ADAM	Mohamed Fawaazou	mohamed-fawaazou.adam@ifnti.com	f	t	2024-02-22 17:54:51+00
43	pbkdf2_sha256$720000$XlRGdYoiGhOwXQ1dE8d2XB$m4J7+cZBrlI8C5i1BqzlP1+WfuxgKPFSjsQcfSzuonI=	\N	f	monilamboninatanman	MONI LAMBONI	Natanman	natanman.moni lamboni@ifnti.com	f	t	2024-02-22 17:54:52+00
44	pbkdf2_sha256$720000$ulC4JJVheLZADZcQ6fweHx$hRBSio0BvacPrMCn6wZ+Omy7N8J9U0i4gxKtB9U2D84=	\N	f	petemamaleki	PETEMA	Maleki	maleki.petema@ifnti.com	f	t	2024-02-22 17:54:53+00
45	pbkdf2_sha256$720000$vOFaXpuelJRBIKJK8A4F5i$v5h27+BAEpH7PHyNmK5bIeiig1hMMbQcKgXMRcMmdwM=	\N	f	tebonoufatihi	TEBONOU	Fatihi	fatihi.tebonou@ifnti.com	f	t	2024-02-22 17:54:53+00
46	pbkdf2_sha256$720000$wDz6aMpww8ThUzEuqFCeWs$TQbLtDQ1MeveusyqAiOh+Pp1ntlX6feaRY5km7N5OK0=	\N	f	issatourefadilou	ISSA TOURE	Fadilou	fadilou.issa toure@ifnti.com	f	t	2024-02-22 17:54:54+00
47	pbkdf2_sha256$720000$WsfvGsuEQt55qkHI31Rg9l$ZRc5+wyErNW3N70bFZZ/GbmzWHEIAzCfjYr5swaOOVs=	\N	f	mamawangaraaminah	MAMA WANGARA	Aminah	aminah.mama wangara@ifnti.com	f	t	2024-02-22 17:54:55+00
48	pbkdf2_sha256$720000$1UzhAbqUqF6j9RYd9rTCpc$uvg5Z/7yB3F9wnTwXD8xMHPPkW77BHBzjTIrSmlkjls=	\N	f	sowoumohammed	SOWOU 	Mohammed	mohammed.sowou @ifnti.com	f	t	2024-02-22 17:54:56+00
49	pbkdf2_sha256$720000$DKY0EUFDRrYwguBy0ZnmdJ$FZ2AVRl6kIHwXcwiHTQ1Ug0vKIWkWkPDRZflJ5+NK/E=	\N	f	tchalimwiyao	TCHALIM 	Wiyao	wiyao.tchalim @ifnti.com	f	t	2024-02-22 17:54:57+00
50	pbkdf2_sha256$720000$NJCw4Ty66QYOu4Z2iQaQdV$XzmgRboajRBdRL6Km89ggv6CrOQkU9MFNshKfo+4bMU=	\N	f	ayevayaasiin	AYEVA 	Yaasiin	yaasiin.ayeva @ifnti.com	f	t	2024-02-22 17:54:59+00
51	pbkdf2_sha256$720000$Y7doNpFwIz3jScBB6rNEY9$6sszG64bjw1+Yotv+5IH/y8/NhWz+WIrRBWKB7voLCg=	\N	f	bessan-ganvioamewunuedouard	BESSAN-GANVIO	Amewunu Edouard	amewunu-edouard.bessan-ganvio@ifnti.com	f	t	2024-02-22 17:55:00+00
52	pbkdf2_sha256$720000$qHvDgHopPyWhXNnNxy1ixb$zP8CtYEUNeTX//LU+MAVPjLoJ0TKACo+NT0icAukX3g=	\N	f	idrissoudjabir	IDRISSOU	Djabir	djabir.idrissou@ifnti.com	f	t	2024-02-22 17:55:02+00
53	pbkdf2_sha256$720000$BLAD1iJ4OElu1ETo2E1BqN$1nieALmMUUFvfTax6InevEEBuu6CqfX++P/SI+fOq7g=	\N	f	korodowouharounayassinetouré	KORODOWOU HAROUNA	Yassine Touré	yassine-touré.korodowou harouna@ifnti.com	f	t	2024-02-22 17:55:04+00
54	pbkdf2_sha256$720000$fyopi0m3mdIJiSA7C3QRNB$L6m646OQ5oUnoCdajU4qbe6uPytq1v3yCHjlvZ8byaQ=	\N	f	koziwétchiré	KOZI	Wétchiré	wétchiré.kozi@ifnti.com	f	t	2024-02-22 17:55:06+00
55	pbkdf2_sha256$720000$2D4ttA7oSiaYCK0DEEENJj$scMVsH8dFWlKKxAiftkAmfctpGINSLZpa6QkuAM1TLY=	\N	f	ouperen'sewaahlimou	OUPERE N'SEWA	Ahlimou	ahlimou.oupere n'sewa@ifnti.com	f	t	2024-02-22 17:55:08+00
56	pbkdf2_sha256$720000$ngshQDcexA6GEEpU86hOcf$dtqEWZgDybxlD55CG8Smamy+nTg3M95+cEX22kWbZGU=	\N	f	tchassonatraorewalid	TCHASSONA TRAORE	Walid	walid.tchassona traore@ifnti.com	f	t	2024-02-22 17:55:10+00
57	pbkdf2_sha256$720000$EMVddm48Bq1Pa6I0dT6LpF$dAl855aNJtNt+afxljfWq52uOaHXHmsRBnfuUXFYsgg=	\N	f	adjanayoeritayosimone	ADJANAYO	Eritayo Simone	eritayo-simone.adjanayo@ifnti.com	f	t	2024-02-22 17:55:12+00
58	pbkdf2_sha256$720000$ahaTONET7sF0SSGyOLRAcX$fa1AntFPjeuzfD4iuyais5bjiBprXjXdjA2CLDtNOTI=	\N	f	alassanafez	ALASSAN	Afez	afez.alassan@ifnti.com	f	t	2024-02-22 17:55:14+00
59	pbkdf2_sha256$720000$qBhhkoWanuVHCh3FXcPGTE$SV3yqzjvPnWtQo1t9UJWVqQZZ7D5KFe3Deit5rdiiQI=	\N	f	issatouremohamedabdel-aziz	ISSA TOURE	Mohamed Abdel-Aziz	mohamed-abdel-aziz.issa toure@ifnti.com	f	t	2024-02-22 17:55:15+00
60	pbkdf2_sha256$720000$0Gl8jIMY3FfqRXYIOSckyk$CKX99s2+9qmiOUhBo9YipKkVVkQK06yHXmImT9vwTj0=	\N	f	kondiadboulmalik	KONDI	Adboul Malik	adboul-malik.kondi@ifnti.com	f	t	2024-02-22 17:55:17+00
61	pbkdf2_sha256$720000$uYaL9wBQK3WrnUE21No17o$6YIGX3U1eidunLv+0HpI1MTlNnKZcC/8+I7qT/Zy5fU=	\N	f	kpaboukoussouneisidore	KPABOU	Koussoune Isidore	koussoune-isidore.kpabou@ifnti.com	f	t	2024-02-22 17:55:18+00
62	pbkdf2_sha256$720000$SZIljr3M7DknaAg6jbQsSc$8ebMMJr/KxCazZTC0cMN8zuNwEd42ejjxALVRrD8Te0=	\N	f	kpelingalameganarcisse	KPELINGA	Lamega Narcisse	lamega-narcisse.kpelinga@ifnti.com	f	t	2024-02-22 17:55:19+00
63	pbkdf2_sha256$720000$UxaUcL141KPY7zhuInw98Y$zNyNmP9/FFnfggfEuR7LeR+2zkpYwwzy7D3qpQuK0r8=	\N	f	ngandeundjeukamalhasan	NGANDEU NDJEUKAM	Alhasan	alhasan.ngandeu ndjeukam@ifnti.com	f	t	2024-02-22 17:55:20+00
65	pbkdf2_sha256$720000$SX87cA3h1J1OM5A5CVQhUG$Gu56ZX7sOfqGP5YUViUGF/aIIRzqIlrRGk8GDedHBbU=	\N	f	ogboneinoussachérifa	OGBONE INOUSSA	Chérifa	chérifa.ogbone inoussa@ifnti.com	f	t	2024-02-22 17:55:22+00
67	pbkdf2_sha256$720000$PQGS5wvE7ZryFq9VFpTxP6$gCMOTsgNk4NfrRwcn6K3+0Eg1nYpt/Ug1OWSQ8ATmLE=	\N	f	tchabanamalia	TCHABANA	Malia	malia.tchabana@ifnti.com	f	t	2024-02-22 17:55:24+00
68	pbkdf2_sha256$720000$WwLo1vDgI5h3bHIfbd8eFS$M6kXecfJlMK9hLeI1znRN7q0hJgo0u0BVkWNvP3ZKmo=	\N	f	tchasseiabdoulbaki	TCHASSEI	Abdoul Baki	abdoul-baki.tchassei@ifnti.com	f	t	2024-02-22 17:55:25+00
70	pbkdf2_sha256$720000$Z2ujMWPzhEOovML7fLTdIh$yW0QF6Xb5/RkgRgeoOyRAA9+sJ7dtoqoaBWxw4q7iYM=	\N	f	teourisamrouablaye	TEOURI	Samrou Ablaye	samrou-ablaye.teouri@ifnti.com	f	t	2024-02-22 17:55:26+00
71	pbkdf2_sha256$720000$JXIRXRZsCHA1YUz686oOjB$QGERUSrpGCdToujE2TpeCm+eFsvNHYtOJYAul/PJVnw=	\N	f	teouritouré-ydaouamadou	TEOURI	Touré-Ydaou Amadou	touré-ydaou-amadou.teouri@ifnti.com	f	t	2024-02-22 17:55:27+00
72	pbkdf2_sha256$720000$hpr3g67I4Cvi8zCiqlPbXe$KnXirLo+g2pPcem8491GE564XKcDAbyhsZ4drcnKWpU=	\N	f	toyifabriceanénafoua	TOYI	Fabrice Anénafoua	fabrice-anénafoua.toyi@ifnti.com	f	t	2024-02-22 17:55:28+00
73	pbkdf2_sha256$720000$wIgKlTawa4YvoaYnbsQwrB$pItAAsnYQ4+VTg9//FHnwPbWQFzt3gufSp0i8PYjnOs=	\N	f	amonabirewaaudrey	AMONA	Birewa Audrey	birewa-audrey.amona@ifnti.com	f	t	2024-02-22 17:55:29+00
74	pbkdf2_sha256$720000$XVX8LOBr9V8Q81n0izRdL1$qZGtvsEvjImOmoy4TfKgJO7rPUdzXMA1X/Lo4tKGKJI=	\N	f	langoefahouzia	LANGOE	Fahouzia	fahouzia.langoe@ifnti.com	f	t	2024-02-22 17:55:30+00
75	pbkdf2_sha256$720000$xmIuWfjUsT76TeAs41goCP$qcZpzf3fpWW1ggSP1O71cOE80aS8b5oKsBqzpKUABVI=	\N	f	ogbonetamimoufayssol	OGBONE	Tamimou Fayssol	tamimou-fayssol.ogbone@ifnti.com	f	t	2024-02-22 17:55:31+00
78	pbkdf2_sha256$720000$SKYWpSd3RBccy1HmRznx3c$P7QUN151cW6yqORoOVnRB+CR5suLnwTB3tjn1dGjN7w=	\N	f	zatozakariibrahim	ZATO ZAKARI	Ibrahim	ibrahim.zato zakari@ifnti.com	f	t	2024-02-22 17:55:34+00
79	pbkdf2_sha256$720000$gRYnJxCWfeZeT8hhxzbR22$yKoqiC0U5Mt2RU8NxH0JjfbUurc88cYeqmo1KPcJ7Ak=	\N	f	kumenam’baroland	KUMENA	M’Ba Roland	m’ba-roland.kumena@ifnti.com	f	t	2024-02-22 17:55:35+00
80	pbkdf2_sha256$720000$L3DRefaxopkbIFeF3dPBf1$Ekp/wlRLeq+i9arZ6W1E3vMHYFa/LxQDcvN78nxtAQI=	\N	f	toyifrançoiskrami	TOYI	François Krami	françois-krami.toyi@ifnti.com	f	t	2024-02-22 17:55:36+00
82	pbkdf2_sha256$720000$43JH3ylZDbaDhMbkqXfdG6$bYeDLd7OYSU+KvQTx4pLXe19pAqmp+GnS87KGzkU5wo=	\N	f	sokadissima	SOKA	Dissima	dissima.soka@ifnti.com	f	t	2024-02-22 17:55:38+00
83	pbkdf2_sha256$720000$yxHz8dB6sVAmT8lR8tQOtM$0LENMpgWiliI117Zk2QFAZ0h89MCjPlEUR/P2DmNA4w=	\N	f	tchabanaabdoulhafizh	TCHABANA	Abdoul Hafizh	abdoul-hafizh.tchabana@ifnti.com	f	t	2024-02-22 17:55:39+00
84	pbkdf2_sha256$720000$bzanL1GuvVRtMGG9nXYFTv$JKn4iI3avc+HRiSbJafankRCc4mnie0BkDhylhg8pF0=	\N	f	koutemaditoma	KOUTEMA	Ditoma	ditoma.koutema@ifnti.com	f	t	2024-02-22 17:55:40+00
85	pbkdf2_sha256$720000$SuTELemdqrSFcXmhnSPHO7$k9KkDYSrneEOMXnQjUTPoe5ovArhNUz8Vntf6mKNlu4=	\N	f	degbebiaaïmane	DEGBEBIA	Aïmane	aïmane.degbebia@ifnti.com	f	t	2024-02-22 17:55:41+00
86	pbkdf2_sha256$720000$XHtgUaACfntVWWmjUAHk7I$nH9hAITcdCfaLVTqMe9TdHnWG9Vc5GYHhD/l4qKFkAM=	\N	f	tabateessowedeo	TABATE	Essowedeo	essowedeo.tabate@ifnti.com	f	t	2024-02-22 17:55:42+00
89	pbkdf2_sha256$720000$KvvC8JRvZfBgUiFmpCheIl$MI1AtKFN3HbX0s9Bvt8xOrVqjUYJkYS62tht7GYrH0U=	\N	f	dermanfad	DERMAN	Fad	fad.derman@ifnti.com	f	t	2024-02-22 17:55:45+00
90	pbkdf2_sha256$720000$KZxgKyRJDCEAdHOfoXdfwb$hClu5mIS3hsA94T1XernRysL2tCPvqxYMjbYK/2fXCA=	\N	f	ekloukokoufidèle	EKLOU	Kokou Fidèle	kokou-fidèle.eklou@ifnti.com	f	t	2024-02-22 17:55:46+00
91	pbkdf2_sha256$720000$aHj8sm7Faezc0PR5cXDpww$SX5peBUjOBHqANEh6TRGEkNCmPaQjI6mhl71LWtxQPA=	\N	f	akohn’djarmamouhamedesawanatou	AKOH N’DJARMA	Mouhamede Sawanatou	mouhamede-sawanatou.akoh n’djarma@ifnti.com	f	t	2024-02-22 17:55:47+00
92	pbkdf2_sha256$720000$OSBYFB2dXiXjRqFDsvlkTI$K3sSj8KVKV2Zo/PuaXmlHrXvMTcDkmHDqWF+1e5Wllk=	\N	f	alassanimoustabchira	ALASSANI 	Moustabchira	moustabchira.alassani @ifnti.com	f	t	2024-02-22 17:55:47+00
93	pbkdf2_sha256$720000$AV5VY4roGvXDd5LMfrRbck$dbwkPklJNcg+IqH7RpVrDx9wKy/qts8wuEK5uYhWf/8=	\N	f	babatraoréhanatou	BABA	Traoré Hanatou	traoré-hanatou.baba@ifnti.com	f	t	2024-02-22 17:55:48+00
94	pbkdf2_sha256$720000$EX3lC2fbYkFx9K1rffF9j4$HLg8jieygX/zyOUMFGFuFe1zYEI3tgxioDeCXtNb468=	\N	f	batayakpatongacrépin	BATAYA 	Kpatonga Crépin	kpatonga-crépin.bataya @ifnti.com	f	t	2024-02-22 17:55:49+00
95	pbkdf2_sha256$720000$UJauyPjM21YRdo2CQHgj4C$OKZJcWhs4uRGkSWAhSkt6eqoNmM/IfFXRKgMnaVAoMg=	\N	f	beverifarida	BEVERI 	Farida	farida.beveri @ifnti.com	f	t	2024-02-22 17:55:50+00
96	pbkdf2_sha256$720000$UCkkIXodNhA8Js0Em1Grli$DJYlBA18HjSrCwxOAwAopAa9slWCWD93l3zm4mLAWd8=	\N	f	djodirachad	DJODI 	Rachad	rachad.djodi @ifnti.com	f	t	2024-02-22 17:55:51+00
97	pbkdf2_sha256$720000$sEdPZiJUDYwN2t30ZTpB9c$epxEM1pvcK6eR1SGn1pcLAZy5J5WynG9oGJY7LgBUpA=	\N	f	gountandinabila	GOUNTANDI 	Nabila	nabila.gountandi @ifnti.com	f	t	2024-02-22 17:55:52+00
98	pbkdf2_sha256$720000$vgxFNi8gQamvwz8dDaJx4e$0MId5V32KZNZHpMomRo+fsITAfLtabebdbEW1OrstDo=	\N	f	guemadindja	GUEMA 	Dindja	dindja.guema @ifnti.com	f	t	2024-02-22 17:55:53+00
99	pbkdf2_sha256$720000$yPPh56yWV65QWbjsQP0Pbw$x+xPeIFaizanotgpuaO1Iibn0hd05ciHBCnw6ooIjKQ=	\N	f	mangbayet-nambénédicta	MANGBA	Yét-nam Bénédicta	mangba@ifnti.com	f	t	2024-02-22 17:55:54+00
100	pbkdf2_sha256$720000$7dIibejo2DFf6D4Mr1ewzo$rjG5vRkMvrzTaBEmM/lYhWJiDMdWQ2D031CAl8kRq5c=	\N	f	mayouessolizampatrik	MAYOU 	Essolizam Patrik	essolizam-patrik.mayou @ifnti.com	f	t	2024-02-22 17:55:55+00
101	pbkdf2_sha256$720000$jkv1RV42i9dTWwu1Dh0Lx7$M3RvtXTdXPtmmD91CrUsjSg7rw63nEidRNVsRkKmsmo=	\N	f	ouro-bodiislam	OURO-BODI 	Islam	islam.ouro-bodi @ifnti.com	f	t	2024-02-22 17:55:55+00
102	pbkdf2_sha256$720000$dR5UDoBloSUaFYa1j0B20s$FvoMbqdC8MrLpy6/KpxdaWjAC1/N1wqcB33VEeB2O+Q=	\N	f	sankarasarata	SANKARA 	Sarata	sarata.sankara @ifnti.com	f	t	2024-02-22 17:55:56+00
103	pbkdf2_sha256$720000$lAiIpSBmx5JD7oUtcpmrrY$8TlqxICTDcQeoEX8OKIHD6z2zHhQMWEHcc14xJuWSRU=	\N	f	takpaawellagilbert	TAKPAA 	Wella Gilbert	wella-gilbert.takpaa @ifnti.com	f	t	2024-02-22 17:55:57+00
104	pbkdf2_sha256$720000$Ge5xE4uJwSA9LXhv9xfcnT$XRkKU1EYeyRAwdpk4cnBFPnCo1Qch89ZwTAPB0HRHw0=	\N	f	tchangaîmagnourewajoseph	TCHANGAÎ 	Magnourewa Joseph	magnourewa-joseph.tchangaî @ifnti.com	f	t	2024-02-22 17:55:58+00
105	pbkdf2_sha256$720000$sVrI6n7sUKnHEg4ixfaxDR$RLkhXpXy3waG6IRX7InFeB5M1h71ifiMhEYW8WndC2Q=	\N	f	tourechabane	TOURE	Tchabane	tchabane.toure@ifnti.com	f	t	2024-02-22 17:55:59+00
106	pbkdf2_sha256$720000$LjkuNQA2qJmIo52l6xuelP$mb/0ni5ZoxJ39synImFYa3g0eH7UvdluvZb25+JRiJc=	\N	f	yacoubouabdoul-razak	YACOUBOU 	Abdoul-Razak	abdoul-razak.yacoubou @ifnti.com	f	t	2024-02-22 17:56:00+00
107	pbkdf2_sha256$720000$m7UMylz0XEIE9QwUPxor1e$gfxe5CzZSRYKUbQsmUAUeXMlzBSEfKyUs9UPi0b1C9w=	\N	f	yakoubouzina	YAKOUBOU 	Zina	zina.yakoubou @ifnti.com	f	t	2024-02-22 17:56:01+00
108	pbkdf2_sha256$720000$1cdCEtBFJQKN1Y3NRQwWGy$VA4Wzg9WrPJz1R5eVFXmM/yWdRPPZtR6btmhfMWcxP4=	\N	f	abdoulayealiya	ABDOULAYE 	Aliya	aliya.abdoulaye @ifnti.com	f	t	2024-02-22 17:56:02+00
109	pbkdf2_sha256$720000$kMsQvv17cDfQ4pZSFVFsGJ$rsFGwCYOIISd25TdUuHveqVPVCxkOvjFdFGfKFxERKs=	\N	f	adjebadjaabdoul-chakour	ADJEBADJA 	Abdoul-chakour	abdoul-chakour.adjebadja @ifnti.com	f	t	2024-02-22 17:56:04+00
110	pbkdf2_sha256$720000$jCTNNEbOFOoUaB8Udoxr8a$7blqPg41+9wX6KxgmIH/OmZMbAbW3PnCFLxcgfXIsxU=	\N	f	agaoakilarois	AGAO 	Akila Rois	akila-rois.agao @ifnti.com	f	t	2024-02-22 17:56:05+00
111	pbkdf2_sha256$720000$KLPMH47xGyzleKPtpPGTeA$wt7NwpL2Qwvz84kGyTIZGtx6rD88Dt8y4rc/TQgYHKA=	\N	f	akparoolivier	AKPARO 	Olivier	olivier.akparo @ifnti.com	f	t	2024-02-22 17:56:05+00
112	pbkdf2_sha256$720000$twCRer2hXCCYnGfwjPEGDz$X5zkqg5ATAGnitoR9lcwVubmlNjbxzb+fYfKzTu0Lfo=	\N	f	arounaramdane	AROUNA	 Ramdane	ramdane.arouna@ifnti.com	f	t	2024-02-22 17:56:06+00
113	pbkdf2_sha256$720000$IW2byoWM8dWIFZqPgbRFxb$ZwxFtvIeMYLf/f7Au5vp2akpCXMxAN5TcIGEHA/+S5E=	\N	f	bokopoloyahliouphinéas	BOKOPOLO 	Yahliou Phinéas	yahliou-phinéas.bokopolo @ifnti.com	f	t	2024-02-22 17:56:07+00
114	pbkdf2_sha256$720000$AwQKrQUTchlxoZpgry41N3$O+2zda0ipDRWRAJTKqVpv6d/Kw5DhKL4F+ENPyyIidA=	\N	f	dadjokoffijeansocrate	DADJO 	Koffi Jean Socrate	koffi-jean-socrate.dadjo @ifnti.com	f	t	2024-02-22 17:56:08+00
115	pbkdf2_sha256$720000$2m34Dw26btFEO7EEebo04d$7gGEUT2GGY6m2yDxdB/2vqdA5U1UX1AYJTTzUyqwORY=	\N	f	mememdjawadou	MEMEM	 Djawadou	djawadou.memem@ifnti.com	f	t	2024-02-22 17:56:09+00
116	pbkdf2_sha256$720000$dafmsPplYW4VdSiXGNjY1T$6gTNJKGxPUvb5hX9sh+4CKQ7X7Jn6yLi91HCFGQCFyI=	\N	f	nazegayoussif	NAZEGA 	Youssif	youssif.nazega @ifnti.com	f	t	2024-02-22 17:56:10+00
117	pbkdf2_sha256$720000$2EqFqr2WGsNZbRrfvq2E1M$aXuX8UWXflyPg4S7rMaI2cRJbFnJLkRktJk3eBoVm0w=	\N	f	oulabarnamoubarak	OULA BARNA 	Moubarak	moubarak.oula barna @ifnti.com	f	t	2024-02-22 17:56:11+00
118	pbkdf2_sha256$720000$t6ITKWRuszJlaQvCUm6YPH$CiL88/Md5Bb88/5YoAt6NzmRrqfkitv0o1RbRHnGmIs=	\N	f	tchalatalakikibandoustéphanie	TCHALA TALAKI 	Kibandou Stéphanie	kibandou-stéphanie.tchala talaki @ifnti.com	f	t	2024-02-22 17:56:12+00
119	pbkdf2_sha256$720000$xymsKHEVU56tR4H7muNBQu$JpWWFZPBtyja1TkfKWpQ00Mxz332BUbx6RJm6MI+SQs=	\N	f	tchantchanedieudonné	TCHANTCHANE 	Dieudonné	dieudonné.tchantchane @ifnti.com	f	t	2024-02-22 17:56:13+00
120	pbkdf2_sha256$720000$MOKwuP1HCcmqeetNvikTol$Lc7qQunMDNpEI1L0Frv+vbwjRb9Gc4MhvalzW4al3pI=	\N	f	tchatchawgnénamsilas	TCHATCHAW 	Gnénam Silas	gnénam-silas.tchatchaw @ifnti.com	f	t	2024-02-22 17:56:13+00
121	pbkdf2_sha256$720000$gpTchu8UVdZtVGe0CXGRlM$Wfqg2vFYlMGMjZhSRA96p+DRqsuZLcKTBAeI7cQ8NkU=	\N	f	traoreel-imraneadjibola	TRAORE	 El-imrane Adjibola	el-imrane-adjibola.traore@ifnti.com	f	t	2024-02-22 17:56:14+00
122	pbkdf2_sha256$720000$wo4uFHlJtj5cldp4uAJFQH$nv5MQwogALdoTLj6PMmeNSGssIuQm3D8rUOvJPrlgyA=	\N	f	yerimamansour	YERIMA 	Mansour	mansour.yerima @ifnti.com	f	t	2024-02-22 17:56:15+00
123	pbkdf2_sha256$720000$4BVozgiTzqyq8OwTIwhcsy$qUCbxhsW/vXVKgr3Y1UyRzCS0ZkQ6oSCU34718CCQvI=	\N	f	koumoimouhamamsani	KOUMOI MOUHAMAM	Sani	test123@gmail.com	f	t	2024-02-26 14:49:05+00
124	pbkdf2_sha256$720000$xlLWRA45YG7VUt3Bfbch8J$9ZUzH9Y6VmNMFWrLfA3mClIOw6nfnjsdHVkd2PjL+1Y=	\N	f	sibittiamoudya	SIBITTI	Amoudya	test1234@gmail.com	f	t	2024-02-26 14:50:36+00
125	pbkdf2_sha256$720000$Oi9Nf3uSYZhQISUAwGixxD$yKNb0CF/VYjwsJeYchvWW0+dB06VUr3jFp9Ky9PUI28=	\N	f	babatraorehannatou	BABA	Traore Hannatou	traore-hannatou.baba@ifnti.com	f	t	2024-02-26 15:32:50+00
126	pbkdf2_sha256$720000$fILToA6PSyYPOwv8ZKINwA$kseV5PXFVW/ACPiTl2iv9wGtA3AunDywbOaVMEuwK9U=	\N	f	nondouessoronda	NONDOU	Essoronda	essoronda.nondou@ifnti.com	f	t	2024-02-26 15:34:43+00
127	pbkdf2_sha256$720000$dLnGjsfWoSXEsAAxdibQDf$i3EWnK388tHz4ni8IFdwp2iGi2bFXwPFXgkTtZgWVpM=	\N	f	teourifridaouss	TEOURI	Fridaouss	fridaouss.teouri@ifnti.com	f	t	2024-02-26 15:38:05+00
128	pbkdf2_sha256$720000$PJqCTiRQFYqfeqpLnudMVk$1yVafatoeBMwvfII5mxw7/MMwL8wL7KzMgJCsmwTaGU=	\N	f	bah-tourefatiha	BAH-TOURE	Fatiha	fatiha.bah-toure@ifnti.com	f	t	2024-02-26 15:39:51+00
129	pbkdf2_sha256$720000$HU436f25NMJFHyMuiKGFpG$G8g0kK/OaM9zaXejvaH1DIOkwyvVLl7cAQdwAoTqtEs=	\N	f	adomtadjoudine	ADOM	Tadjoudine	tadjoudine.adom@ifnti.com	f	t	2024-02-26 15:41:47+00
131	pbkdf2_sha256$720000$OjgjqaPH8QM77mknL8RVXl$N3ItcOT75tEhPUXcQQT8oDrHaplagrw5Vbv1u+kiXWs=	\N	f	testtest	Test	Test	hegrabekoumouda@gmail.com	f	t	2024-02-26 16:14:05+00
132	pbkdf2_sha256$720000$NyVO5Qm2spMN3Bl8IFUaF2$nnfLdWjhRySNFJgZ1cr2qmrmLlWkrcS5H9DetlzoC8o=	2024-09-26 08:19:39.617+00	f	hegrabekoumouda	HEGRA	Bekoumouda	hegrabekoumouda@gmail.com	f	t	2024-02-26 16:19:23+00
134	pbkdf2_sha256$720000$8vpUaSNISVcWnWTUbKvwx2$j5/xCq2j2x5JjIxEMjvTF/LA3HXxzZ9g20AKSrqJRSw=	\N	f	pakondecelia	PAKONDE	Celia	celia.pakonde@ifnti.com	f	t	2024-02-29 09:06:37+00
135	pbkdf2_sha256$720000$MTHUe2WetTIdEPf8dgum9S$uAx1igsmevqYAVfy7uxWEC5FUP/fGRgOd5fbmcdeqbE=	\N	f	ikousseninaboudou	IKOUSSENIN	Aboudou	hegrabekoumouda@gmail.com	f	t	2024-03-06 10:18:28+00
136	pbkdf2_sha256$720000$TDnT6HcvZE6dkKjkVGmSUM$Tn2yTk6j5LqPfUSrN7xhw6qVSZfnAgtUO2BPQqoqFpc=	\N	f	ogboneinoussamedjidon	OGBONE INOUSSA	Medjidon	mogboneinoussa@gmail.com	f	t	2024-03-25 16:15:40+00
137	pbkdf2_sha256$720000$piuKMBmg68NdxicaKAUh3O$B/1q8FVQ/8AUhU6rBt20mnLevuLNyXXSPNS3d5huUDY=	\N	f	pyratraphaël	PYRAT	Raphaël	raphael@gmail.com	f	t	2024-03-25 16:25:28+00
138	pbkdf2_sha256$600000$q6hQdxZ7wQLxAdsROUq4X8$MDlHHQkZc4NNgT3CLPhKsE2b/DJ54jyzNZB01ustAPs=	\N	f	djimissakokouwama	Kokou Wama	DJIMISSA	kokou-wama.djimissa@ifnti.com	f	t	2024-05-29 15:23:53.55+00
139	pbkdf2_sha256$600000$4OvtM1xeR4ckyar8q1JnOX$1qIE7cbARvkCaymgZrTP/jwNNt/tJ5IM2Pq69sPVYv8=	\N	f	touremouhariabdoul-haq	Abdoul-haq	TOURE MOUHARI	abdoul-haq.toure mouhari@ifnti.com	f	t	2024-05-29 15:24:35.494+00
142	pbkdf2_sha256$600000$W1wPEmICtaAF9RBKQnGy17$Q4ShAxpWdWpSt2Z9/ZlHgCzxa4/Smrvgb8keemBdQoU=	\N	f	nondoouessoronda	Essoronda	NONDOOU	essoronda.nondoou@ifnti.com	f	t	2024-05-29 15:27:35.22+00
143	pbkdf2_sha256$600000$JRJGI50Gz1DxI8e7LTQLI1$yDmyBfE0BD7fF/1xG+lLfsmPMvW+aFLuwe3j8sq8rFg=	\N	f	pakondemazaloucélia	Mazalou Célia	PAKONDE	mazalou-célia.pakonde@ifnti.com	f	t	2024-05-29 15:28:02.476+00
144	pbkdf2_sha256$600000$cGtfBY9h6CanETCWYzkund$ySfkAOMwudtdIWR+WfNR8pDH96DfF8AS74pr3BIS73c=	\N	f	simlewaessohanam	Essohanam	SIMLEWA	essohanam.simlewa@ifnti.com	f	t	2024-05-29 15:28:29.587+00
145	pbkdf2_sha256$600000$liyCq7ydVfjBgJTkkgOk3L$Oq25zPU3aucPyXPR3dkspxGyYsSyN9rnypdNRFKAYpk=	\N	f	youssifmohamadhassane	Mohamad Hassane	YOUSSIF	mohamad-hassane.youssif@ifnti.com	f	t	2024-05-29 15:28:54.074+00
146	pbkdf2_sha256$600000$p6Ck4PnO9Q67w3509DiwYy$ii7wJSg7uvxaN/FkdCSmDX08QOSlvrx5mhitwmmetyY=	\N	f	sogbedjikomlantsègnon	Komlan Tsègnon	SOGBEDJI	komlan-tsègnon.sogbedji@ifnti.com	f	t	2024-05-29 15:28:54.557+00
147	pbkdf2_sha256$600000$73jfaPvBeTp7d6MVqjSlKh$/+UXWWVgwkSni2bV7NmpQpU7bedq6zvP/fcqXKUY4sQ=	\N	f	tchabitchousoumeyatou	Soumeyatou	TCHABITCHOU	soumeyatou.tchabitchou@ifnti.com	f	t	2024-05-29 15:28:55.092+00
148	pbkdf2_sha256$600000$m705B17lgJvrO4AUH95rTJ$g8AA/xK0FvtpuVAyxVg+O0vAkRX3bzn9oF97/130YL4=	\N	f	degebiaaïmane	Aïmane	DEGEBIA	aïmane.degebia@ifnti.com	f	t	2024-05-29 15:28:55.658+00
149	pbkdf2_sha256$600000$NxaW0OS4JIJKxbE8bnwXg7$WP5dBd2brWyQcEJEJgKntoO90ZheB7zBnNcWFcqW624=	\N	f	bahtourefatiha	Fatiha	BAH TOURE	fatiha.bah toure@ifnti.com	f	t	2024-05-29 15:28:56.154+00
150	pbkdf2_sha256$600000$enrnW3gXH6W7WJwxFikvBw$+ZBdX4pdnnTTRcwppPDUNezjWuKAha2mP/HqtK5LFeA=	\N	f	dadokoffijeansocrate	Koffi Jean Socrate	DADO 	koffi-jean-socrate.dado @ifnti.com	f	t	2024-05-29 15:28:57.281+00
151	pbkdf2_sha256$600000$dhA1WGox6iFgc4KCrWK3VR$8JnY7dTO6lRdRVL4tAa00z61vOSDxBfLD+CmlsTwml4=	\N	f	babatraoréhannatou	Traoré hannatou	BABA	traoré-hannatou.baba@ifnti.com	f	t	2024-05-29 15:28:57.891+00
152	pbkdf2_sha256$720000$HouCXMGfy85tgqASgwKaqL$NOQe0Zf4MqQY27v6iOpEft3zJF57ibqbbMQpi3X2rp0=	2024-06-01 12:34:33+00	t	amk				t	t	2024-06-01 12:33:50+00
153	pbkdf2_sha256$720000$X6okoEV8Ti6kmfDJjaHmAg$3SGfxzDMWM2eMmDcDmbRG1lKqboI/ElgFPh7uNftfNI=	\N	f	abdoulmalikkondi	KONDI	Abdoul Malik	malik.kondi@ifnti.com	f	t	2024-07-30 15:50:58.435+00
154	pbkdf2_sha256$720000$lnmPMKcmwQ3mfGowdZDCSj$CRm2omiBGTZxzSHvpv58kwSkOItGSlGUFCh3E1+44go=	2024-10-31 17:28:49.643+00	f	malikaouro-akondo	OURO-AKONDO	Malika	malika.akondo@gmail.com	f	t	2024-08-02 15:24:58.638+00
155	pbkdf2_sha256$720000$FoSaoc4WJkV1JCdFzwBCT4$M1w3qhsJA5OPRFznwp7K/K7w+bA4nTXL1VdSNIVxrgQ=	2024-11-29 12:37:29.542+00	t	root				t	t	2024-10-26 12:45:02+00
157	pbkdf2_sha256$720000$ldZdeYaswaIYXPuj1jm15Y$apt8UWx74i6jN29S49Fr51hDaXCkF2kbXOcKb6ytFYU=	\N	f	malikaouroakondo	OURO AKONDO	Malika	malika.akondo@gmail.com	f	t	2024-10-31 07:11:14.981+00
158	pbkdf2_sha256$720000$XpZutd8je1SIyf7NmIKNeZ$IXwND6Q7DNqwcmR2C+aw4xul1d3Qh2DOliBg9EAXOPU=	\N	f	abdoulayeaddouakisourouya	Addou Aki Sourouya	ABDOULAYE	addou-aki-sourouya.abdoulaye@ifnti.com	f	t	2024-11-18 09:28:11.756+00
159	pbkdf2_sha256$720000$49tq6UTJRH1vGDtyLjXPeD$FPf5gAa8EgPX4hJ0js0z4khmXhTiwaQI88c0z/iqfB4=	\N	f	assipkaizandine	Izandine	ASSIPKA	izandine.assipka@ifnti.com	f	t	2024-11-18 16:17:04.855+00
160	pbkdf2_sha256$720000$QgJ3wQysLmmXKy3p2b5d2K$mnRAf5oSJXj1L37NHdKb1NUw1tdUOUMc4UBvPT8wmHs=	\N	f	akpassougnantaachahame	Gnanta Achahame	AKPASSOU	gnanta-achahame.akpassou@ifnti.com	f	t	2024-11-18 16:37:53.023+00
161	pbkdf2_sha256$720000$zWkqmiFAag7jqINk47V0j0$wafBZL4GCddgVmGrDCk4Quir9lDZxcXhWkC8D4j4AT0=	\N	f	abdoufaouziatou	Faouziatou	ABDOU	faouziatou.abdou@ifnti.com	f	t	2024-11-18 16:57:10.786+00
162	pbkdf2_sha256$720000$at75C50d1LbH83Ug6kEhM5$x1Q1bLSRDoAxZjCGKBBGCiotv7suCsHMCSBZL+6wWn0=	\N	f	dadjagodwin	Godwin	DADJA	godwin.dadja@ifnti.com	f	t	2024-11-18 17:18:21.942+00
163	pbkdf2_sha256$720000$7AfeMJRWFuSfRCHCI2DGhh$9ewgNNKCapsLdFUhXcQJI1r4Q6m7JqdKE/+tZ34Pptw=	\N	f	kondiganietou	Ganietou	KONDI	ganietou.kondi@ifnti.com	f	t	2024-11-18 17:34:01.693+00
164	pbkdf2_sha256$720000$PUTW20JnUF1Vbi5M8IIF1V$efXxTZqTtltVVwOSVZG5wj6q/NykWjAIKNQbHkOLo+I=	\N	f	makayabakoudimaflorian	Koudima Florian	MAKAYABA	koudima-florian.makayaba@ifnti.com	f	t	2024-11-18 17:47:26.905+00
165	pbkdf2_sha256$720000$GuN9iXmWqafCvHPLwDKByO$GSTM4HEDk3HltlwnSFigThvlqJtzQAwq7JNSONd761s=	\N	f	sossoukpekomichristophe	Komi Christophe	SOSSOUKPE	komi-christophe.sossoukpe@ifnti.com	f	t	2024-11-19 10:20:03.156+00
166	pbkdf2_sha256$720000$uThdLtSn9IXeKcR35OttIb$4eXmCxgTuEZ4hudlzB1zl9v+JTs6o6nlmKfLbX3/ux0=	\N	f	ayevafayssal	Fayssal	AYEVA	fayssal.ayeva@ifnti.com	f	t	2024-11-19 10:37:53.442+00
167	pbkdf2_sha256$720000$hnM2aAJCOhNMmoNbtifpvg$jouKyQk1czPeG2+oaLurJ41UaWatQVshDrsLvqHVyDQ=	\N	f	ourotagbaessofa	Essofa	OURO TAGBA	essofa.ouro tagba@ifnti.com	f	t	2024-11-19 10:47:49.297+00
168	pbkdf2_sha256$720000$7NxGQ65ZOE6mqrOBUHnP0e$1Yf4kEOCziW2MdSe85aX0/sN+GUFCFJPXcfIM13IdjI=	\N	f	tchadjirorahamatou	Rahamatou	TCHADJIRO	rahamatou.tchadjiro@ifnti.com	f	t	2024-11-19 11:04:01.062+00
169	pbkdf2_sha256$720000$8EhtyXUvmqZHAFzdRSQcuJ$2uEI7u/SN/SeFFz4D2M8QNjcNwaj7vKbP0epe58lF2E=	\N	f	darédare	DARE	Daré	contact@ifnti.com	f	t	2024-11-26 11:39:38.836+00
170	pbkdf2_sha256$720000$vJR5VZAWCXiPwykjfp0nUv$Tfy9l+bS5CR5zIaAVqfmqRz347Y9ff24+WH9xxWKB0w=	\N	f	amezobouwéréougrâce	Bouwéréou Grâce	AMEZO	bouwéréou-grâce.amezo@ifnti.com	f	t	2024-12-04 16:35:39.105+00
171	pbkdf2_sha256$720000$KjM1CGD8hinOh85G09EVBl$6gOkfO1fUjTRxN3Vvzp/zNzNYsn1ye6HVGaVz9+MWSs=	\N	f	agoudaabdelhakkou	Abdel Hakkou	AGOUDA	abdel-hakkou.agouda@ifnti.com	f	t	2024-12-04 16:52:43.062+00
172	pbkdf2_sha256$720000$23X7glp465P3aEagIde2pw$d2Z8AzpGCtVt/xtXpcV1xMB7p+bVRHpFaQj4Nq/cDm8=	\N	f	attademanagisele	Demana Gisele	ATTA	demana-gisele.atta@ifnti.com	f	t	2024-12-05 15:23:47.958+00
156	pbkdf2_sha256$720000$BS1amwHm6F7GqunQ5V4S1S$ZYiOBMosI9AeRplypzU6CwOVycO8FR2Xn6vzJrh+qIs=	\N	f	abdou-raoufouamidou	AMIDOU	ABDOU-RAOUFOU	raoufou@raoufou.raoufou	f	t	2024-10-30 12:39:41.425+00
173	pbkdf2_sha256$600000$VscLUynPy476m4AWBsdsrH$fsnYxZK8jEG8iwYPCqFBLnVONNA5aMbagEBqASjJx6Y=	\N	f	moussaikoussenin	IKOUSSENIN	Moussa	ikoussenin@gmail.com	f	t	2025-02-08 15:31:10.209698+00
3	pbkdf2_sha256$600000$zEmSszVOlEX0xWtc9zpIkU$Sj3VNHWPmjN2mLP65ZUvzOqZOzG7GP8C2eDgRa0atbs=	2025-04-15 11:20:25.444169+00	t	ifnti				t	t	2024-02-22 17:08:31+00
\.


--
-- Data for Name: auth_user_groups; Type: TABLE DATA; Schema: public; Owner: gestion_ifnti_user
--

COPY public.auth_user_groups (id, user_id, group_id) FROM stdin;
167	2	1
168	2	3
169	3	1
170	3	3
171	3	4
172	3	5
173	4	3
174	6	3
175	7	3
176	8	3
177	9	3
178	10	3
179	11	3
180	12	3
181	13	3
182	14	3
183	15	3
184	16	3
185	17	3
186	18	3
187	19	3
188	20	2
189	21	2
190	22	2
191	23	2
192	24	2
193	25	2
194	26	2
195	27	2
196	28	2
197	29	2
198	30	2
199	31	2
200	32	2
201	33	2
202	34	2
203	35	2
204	36	2
205	37	2
206	38	2
207	39	2
208	40	2
209	41	2
210	42	2
211	43	2
212	44	2
213	45	2
214	46	2
215	47	2
216	48	2
217	49	2
218	50	2
219	51	2
220	52	2
221	53	2
222	54	2
223	55	2
224	56	2
225	57	2
226	58	2
227	59	2
228	60	2
229	61	2
230	62	2
231	63	2
232	65	2
233	67	2
234	68	2
235	70	2
236	71	2
237	72	2
238	73	2
239	74	2
240	75	2
241	78	2
242	79	2
243	80	2
244	82	2
245	83	2
246	84	2
247	85	2
248	86	2
249	89	2
250	90	2
251	91	2
252	92	2
253	93	2
254	94	2
255	95	2
256	96	2
257	97	2
258	98	2
259	99	2
260	100	2
261	101	2
262	102	2
263	103	2
264	104	2
265	105	2
266	106	2
267	107	2
268	108	2
269	109	2
270	110	2
271	111	2
272	112	2
273	113	2
274	114	2
275	115	2
276	116	2
277	117	2
278	118	2
279	119	2
280	120	2
281	121	2
282	122	2
283	123	3
284	124	3
285	125	2
286	126	2
287	127	2
288	128	2
289	129	2
290	131	4
291	132	3
292	132	4
293	132	5
294	134	2
295	137	3
296	138	2
297	139	2
298	142	2
299	143	2
300	144	2
301	145	2
302	146	2
303	147	2
304	148	2
305	149	2
306	150	2
307	151	2
308	152	1
309	152	3
310	152	4
311	153	3
312	154	4
313	155	1
314	155	4
315	156	3
316	157	3
317	157	4
318	158	2
319	159	2
320	160	2
321	161	2
322	162	2
323	163	2
324	164	2
325	165	2
326	166	2
327	167	2
328	168	2
329	169	3
330	170	2
331	171	2
332	172	2
365	173	6
\.


--
-- Data for Name: auth_user_user_permissions; Type: TABLE DATA; Schema: public; Owner: gestion_ifnti_user
--

COPY public.auth_user_user_permissions (id, user_id, permission_id) FROM stdin;
141	155	1
142	155	2
143	155	3
144	155	4
145	155	5
146	155	6
147	155	7
148	155	8
149	155	9
150	155	10
151	155	11
152	155	12
153	155	13
154	155	14
155	155	15
156	155	16
157	155	17
158	155	18
159	155	19
160	155	20
161	155	21
162	155	22
163	155	23
164	155	24
165	155	25
166	155	26
167	155	27
168	155	28
169	155	29
170	155	30
171	155	31
172	155	32
173	155	33
174	155	34
175	155	35
176	155	36
177	155	37
178	155	38
179	155	39
180	155	40
181	155	41
182	155	42
183	155	43
184	155	44
185	155	45
186	155	46
187	155	47
188	155	48
189	155	49
190	155	50
191	155	51
192	155	52
193	155	53
194	155	54
195	155	55
196	155	56
197	155	57
198	155	58
199	155	59
200	155	60
201	155	61
202	155	62
203	155	63
204	155	64
205	155	65
206	155	66
207	155	67
208	155	68
209	155	69
210	155	70
211	155	71
212	155	72
213	155	73
214	155	74
215	155	75
216	155	76
217	155	77
218	155	78
219	155	79
220	155	80
221	155	81
222	155	82
223	155	83
224	155	84
225	155	85
226	155	86
227	155	87
228	155	88
229	155	89
230	155	90
231	155	91
232	155	92
233	155	93
234	155	94
235	155	95
236	155	96
237	155	97
238	155	98
239	155	99
240	155	100
241	155	101
242	155	102
243	155	103
244	155	104
245	155	105
246	155	106
247	155	107
248	155	108
249	155	109
250	155	110
251	155	111
252	155	112
253	155	113
254	155	114
255	155	115
256	155	116
257	155	117
258	155	118
259	155	119
260	155	120
261	155	121
262	155	122
263	155	123
264	155	124
265	155	125
266	155	126
267	155	127
268	155	128
269	155	129
270	155	130
271	155	131
272	155	132
273	155	133
274	155	134
275	155	135
276	155	136
277	155	137
278	155	138
279	155	139
280	155	140
\.


--
-- Data for Name: cahier_de_texte_seance; Type: TABLE DATA; Schema: public; Owner: gestion_ifnti_user
--

COPY public.cahier_de_texte_seance (id, intitule, date_et_heure_debut, date_et_heure_fin, description, valider, commentaire, auteur_id, enseignant_id, matiere_id, "seancePlannifier_id", semestre_id) FROM stdin;
\.


--
-- Data for Name: cahier_de_texte_seance_eleves_presents; Type: TABLE DATA; Schema: public; Owner: gestion_ifnti_user
--

COPY public.cahier_de_texte_seance_eleves_presents (id, seance_id, etudiant_id) FROM stdin;
\.


--
-- Data for Name: django_admin_log; Type: TABLE DATA; Schema: public; Owner: gestion_ifnti_user
--

COPY public.django_admin_log (id, action_time, object_id, object_repr, action_flag, change_message, content_type_id, user_id) FROM stdin;
1	2024-05-16 11:34:36.845+00	137	pyratraphaël	1	new through import_export	4	1
2	2024-05-16 11:34:36.85+00	136	ogboneinoussamedjidon	1	new through import_export	4	1
3	2024-05-16 11:34:36.854+00	135	ikousseninaboudou	1	new through import_export	4	1
4	2024-05-16 11:34:36.859+00	134	pakondecelia	1	new through import_export	4	1
5	2024-05-16 11:34:36.864+00	133	hegrabekoumouda	1	new through import_export	4	1
6	2024-05-16 11:34:36.869+00	132	hegra-bekoumouda	1	new through import_export	4	1
7	2024-05-16 11:34:36.874+00	131	testtest	1	new through import_export	4	1
8	2024-05-16 11:34:36.878+00	129	adomtadjoudine	1	new through import_export	4	1
9	2024-05-16 11:34:36.883+00	128	bah-tourefatiha	1	new through import_export	4	1
10	2024-05-16 11:34:36.887+00	127	teourifridaouss	1	new through import_export	4	1
11	2024-05-16 11:34:36.891+00	126	nondouessoronda	1	new through import_export	4	1
12	2024-05-16 11:34:36.896+00	125	babatraorehannatou	1	new through import_export	4	1
13	2024-05-16 11:34:36.9+00	124	sibittiamoudya	1	new through import_export	4	1
14	2024-05-16 11:34:36.905+00	123	koumoimouhamamsani	1	new through import_export	4	1
15	2024-05-16 11:34:36.909+00	122	yerimamansour	1	new through import_export	4	1
16	2024-05-16 11:34:36.913+00	121	traoreel-imraneadjibola	1	new through import_export	4	1
17	2024-05-16 11:34:36.918+00	120	tchatchawgnénamsilas	1	new through import_export	4	1
18	2024-05-16 11:34:36.923+00	119	tchantchanedieudonné	1	new through import_export	4	1
19	2024-05-16 11:34:36.927+00	118	tchalatalakikibandoustéphanie	1	new through import_export	4	1
20	2024-05-16 11:34:36.931+00	117	oulabarnamoubarak	1	new through import_export	4	1
21	2024-05-16 11:34:36.936+00	116	nazegayoussif	1	new through import_export	4	1
22	2024-05-16 11:34:36.941+00	115	mememdjawadou	1	new through import_export	4	1
23	2024-05-16 11:34:36.945+00	114	dadjokoffijeansocrate	1	new through import_export	4	1
24	2024-05-16 11:34:36.95+00	113	bokopoloyahliouphinéas	1	new through import_export	4	1
25	2024-05-16 11:34:36.954+00	112	arounaramdane	1	new through import_export	4	1
26	2024-05-16 11:34:36.958+00	111	akparoolivier	1	new through import_export	4	1
27	2024-05-16 11:34:36.963+00	110	agaoakilarois	1	new through import_export	4	1
28	2024-05-16 11:34:36.968+00	109	adjebadjaabdoul-chakour	1	new through import_export	4	1
29	2024-05-16 11:34:36.974+00	108	abdoulayealiya	1	new through import_export	4	1
30	2024-05-16 11:34:36.979+00	107	yakoubouzina	1	new through import_export	4	1
31	2024-05-16 11:34:36.984+00	106	yacoubouabdoul-razak	1	new through import_export	4	1
32	2024-05-16 11:34:36.989+00	105	touretchabane	1	new through import_export	4	1
33	2024-05-16 11:34:36.994+00	104	tchangaîmagnourewajoseph	1	new through import_export	4	1
34	2024-05-16 11:34:37.001+00	103	takpaawellagilbert	1	new through import_export	4	1
35	2024-05-16 11:34:37.005+00	102	sankarasarata	1	new through import_export	4	1
36	2024-05-16 11:34:37.021+00	101	ouro-bodiislam	1	new through import_export	4	1
37	2024-05-16 11:34:37.027+00	100	mayouessolizampatrik	1	new through import_export	4	1
38	2024-05-16 11:34:37.033+00	99	mangbayét-nambénédicta	1	new through import_export	4	1
39	2024-05-16 11:34:37.04+00	98	guemadindja	1	new through import_export	4	1
40	2024-05-16 11:34:37.048+00	97	gountandinabila	1	new through import_export	4	1
41	2024-05-16 11:34:37.056+00	96	djodirachad	1	new through import_export	4	1
42	2024-05-16 11:34:37.063+00	95	beverifarida	1	new through import_export	4	1
43	2024-05-16 11:34:37.07+00	94	batayakpatongacrépin	1	new through import_export	4	1
44	2024-05-16 11:34:37.077+00	93	babatraoréhanatou	1	new through import_export	4	1
45	2024-05-16 11:34:37.084+00	92	alassanimoustabchira	1	new through import_export	4	1
46	2024-05-16 11:34:37.091+00	91	akohn’djarmamouhamedesawanatou	1	new through import_export	4	1
47	2024-05-16 11:34:37.097+00	90	ekloukokoufidèle	1	new through import_export	4	1
48	2024-05-16 11:34:37.105+00	89	dermanfad	1	new through import_export	4	1
49	2024-05-16 11:34:37.112+00	86	tabateessowedeo	1	new through import_export	4	1
50	2024-05-16 11:34:37.121+00	85	degbebiaaïmane	1	new through import_export	4	1
51	2024-05-16 11:34:37.128+00	84	koutemaditoma	1	new through import_export	4	1
52	2024-05-16 11:34:37.135+00	83	tchabanaabdoulhafizh	1	new through import_export	4	1
53	2024-05-16 11:34:37.142+00	82	sokadissima	1	new through import_export	4	1
54	2024-05-16 11:34:37.149+00	80	toyifrançoiskrami	1	new through import_export	4	1
55	2024-05-16 11:34:37.156+00	79	kumenam’baroland	1	new through import_export	4	1
56	2024-05-16 11:34:37.163+00	78	zatozakariibrahim	1	new through import_export	4	1
57	2024-05-16 11:34:37.17+00	77	youssifmohamadhassane	1	new through import_export	4	1
58	2024-05-16 11:34:37.177+00	76	simlewaessohanam	1	new through import_export	4	1
59	2024-05-16 11:34:37.183+00	75	ogbonetamimoufayssol	1	new through import_export	4	1
60	2024-05-16 11:34:37.191+00	74	langoefahouzia	1	new through import_export	4	1
61	2024-05-16 11:34:37.197+00	73	amonabirewaaudrey	1	new through import_export	4	1
62	2024-05-16 11:34:37.204+00	72	toyifabriceanénafoua	1	new through import_export	4	1
63	2024-05-16 11:34:37.211+00	71	teouritouré-ydaouamadou	1	new through import_export	4	1
64	2024-05-16 11:34:37.22+00	70	teourisamrouablaye	1	new through import_export	4	1
65	2024-05-16 11:34:37.226+00	68	tchasseiabdoulbaki	1	new through import_export	4	1
66	2024-05-16 11:34:37.233+00	67	tchabanamalia	1	new through import_export	4	1
67	2024-05-16 11:34:37.24+00	66	pakondemazaloucélia	1	new through import_export	4	1
68	2024-05-16 11:34:37.247+00	65	ogboneinoussachérifa	1	new through import_export	4	1
69	2024-05-16 11:34:37.254+00	63	ngandeundjeukamalhasan	1	new through import_export	4	1
70	2024-05-16 11:34:37.26+00	62	kpelingalameganarcisse	1	new through import_export	4	1
71	2024-05-16 11:34:37.267+00	61	kpaboukoussouneisidore	1	new through import_export	4	1
72	2024-05-16 11:34:37.274+00	60	kondiadboulmalik	1	new through import_export	4	1
73	2024-05-16 11:34:37.281+00	59	issatouremohamedabdel-aziz	1	new through import_export	4	1
74	2024-05-16 11:34:37.287+00	58	alassanafez	1	new through import_export	4	1
75	2024-05-16 11:34:37.293+00	57	adjanayoeritayosimone	1	new through import_export	4	1
76	2024-05-16 11:34:37.298+00	56	tchassonatraorewalid	1	new through import_export	4	1
77	2024-05-16 11:34:37.304+00	55	ouperen'sewaahlimou	1	new through import_export	4	1
780	2024-05-30 15:16:53.93+00	74		3		15	3
78	2024-05-16 11:34:37.309+00	54	koziwétchiré	1	new through import_export	4	1
79	2024-05-16 11:34:37.317+00	53	korodowouharounayassinetouré	1	new through import_export	4	1
80	2024-05-16 11:34:37.323+00	52	idrissoudjabir	1	new through import_export	4	1
81	2024-05-16 11:34:37.33+00	51	bessan-ganvioamewunuedouard	1	new through import_export	4	1
82	2024-05-16 11:34:37.337+00	50	ayevayaasiin	1	new through import_export	4	1
83	2024-05-16 11:34:37.344+00	49	tchalimwiyao	1	new through import_export	4	1
84	2024-05-16 11:34:37.35+00	48	sowoumohammed	1	new through import_export	4	1
85	2024-05-16 11:34:37.356+00	47	mamawangaraaminah	1	new through import_export	4	1
86	2024-05-16 11:34:37.364+00	46	issatourefadilou	1	new through import_export	4	1
87	2024-05-16 11:34:37.37+00	45	tebonoufatihi	1	new through import_export	4	1
88	2024-05-16 11:34:37.376+00	44	petemamaleki	1	new through import_export	4	1
89	2024-05-16 11:34:37.383+00	43	monilamboninatanman	1	new through import_export	4	1
90	2024-05-16 11:34:37.39+00	42	adammohamedfawaazou	1	new through import_export	4	1
91	2024-05-16 11:34:37.397+00	41	sibittiamoudiya	1	new through import_export	4	1
92	2024-05-16 11:34:37.404+00	40	ogboneirédonarif	1	new through import_export	4	1
93	2024-05-16 11:34:37.412+00	39	koumoïmohamansani	1	new through import_export	4	1
94	2024-05-16 11:34:37.419+00	38	kondosamoussiya	1	new through import_export	4	1
95	2024-05-16 11:34:37.426+00	37	degbembiarachad	1	new through import_export	4	1
96	2024-05-16 11:34:37.432+00	36	alialassanimousbaou	1	new through import_export	4	1
97	2024-05-16 11:34:37.439+00	35	alassanibasstou	1	new through import_export	4	1
98	2024-05-16 11:34:37.447+00	34	akoujean-paulessognim	1	new through import_export	4	1
99	2024-05-16 11:34:37.455+00	33	akondonouréni	1	new through import_export	4	1
100	2024-05-16 11:34:37.462+00	32	agbereabdou-samadou	1	new through import_export	4	1
101	2024-05-16 11:34:37.47+00	31	abi-abrangaorachidou	1	new through import_export	4	1
102	2024-05-16 11:34:37.477+00	30	kokoukwamifélix	1	new through import_export	4	1
103	2024-05-16 11:34:37.483+00	29	gnonegueerezamdaniel	1	new through import_export	4	1
104	2024-05-16 11:34:37.49+00	28	gadodjakpo	1	new through import_export	4	1
105	2024-05-16 11:34:37.497+00	27	alabapileza	1	new through import_export	4	1
106	2024-05-16 11:34:37.503+00	26	yérimasalamatou	1	new through import_export	4	1
107	2024-05-16 11:34:37.51+00	25	ognadonkomlan	1	new through import_export	4	1
108	2024-05-16 11:34:37.571+00	24	tchablyyendoiboim	1	new through import_export	4	1
109	2024-05-16 11:34:37.575+00	23	tcha-djeriguyassou	1	new through import_export	4	1
110	2024-05-16 11:34:37.579+00	22	fofanarachad	1	new through import_export	4	1
111	2024-05-16 11:34:37.584+00	21	aboubakaryakinou	1	new through import_export	4	1
112	2024-05-16 11:34:37.591+00	20	nekerebassarou	1	new through import_export	4	1
113	2024-05-16 11:34:37.598+00	19	clementvincent	1	new through import_export	4	1
114	2024-05-16 11:34:37.606+00	18	traorenasser	1	new through import_export	4	1
115	2024-05-16 11:34:37.613+00	17	teouriruth	1	new through import_export	4	1
116	2024-05-16 11:34:37.62+00	16	messibekamengaevardgregoire	1	new through import_export	4	1
117	2024-05-16 11:34:37.627+00	15	djimissakokouwama	1	new through import_export	4	1
118	2024-05-16 11:34:37.633+00	14	touremouhariabdoul-haq	1	new through import_export	4	1
119	2024-05-16 11:34:37.641+00	13	teourijosué	1	new through import_export	4	1
120	2024-05-16 11:34:37.647+00	12	dogounawonlobamdakéna	1	new through import_export	4	1
121	2024-05-16 11:34:37.655+00	11	kabossakodjovi	1	new through import_export	4	1
122	2024-05-16 11:34:37.661+00	10	mawugnakossiankoui	1	new through import_export	4	1
123	2024-05-16 11:34:37.668+00	9	semagado	1	new through import_export	4	1
124	2024-05-16 11:34:37.675+00	8	sahmichaou	1	new through import_export	4	1
125	2024-05-16 11:34:37.682+00	7	adameissifou	1	new through import_export	4	1
126	2024-05-16 11:34:37.689+00	6	alisseramanaar	1	new through import_export	4	1
127	2024-05-16 11:34:37.695+00	4	teourisabirou	1	new through import_export	4	1
128	2024-05-16 11:34:37.703+00	3	ifnti	1	new through import_export	4	1
129	2024-05-16 11:34:37.71+00	2	teourimohamedsabirou	1	new through import_export	4	1
130	2024-05-16 11:35:16.123+00	25	PYRAT Raphaël	1	new through import_export	24	1
131	2024-05-16 11:35:16.129+00	24	OGBONE INOUSSA Medjidon	1	new through import_export	24	1
132	2024-05-16 11:35:16.133+00	23	IKOUSSENIN Aboudou	1	new through import_export	24	1
133	2024-05-16 11:35:16.137+00	22	HEGRA Bekoumouda	1	new through import_export	24	1
134	2024-05-16 11:35:16.141+00	21	HEGRA -Bekoumouda	1	new through import_export	24	1
135	2024-05-16 11:35:16.146+00	20	Test Test	1	new through import_export	24	1
136	2024-05-16 11:35:16.151+00	19	SIBITTI Amoudiya	1	new through import_export	24	1
137	2024-05-16 11:35:16.156+00	18	KOUMOI MOUHAMAM Sani	1	new through import_export	24	1
138	2024-05-16 11:35:16.164+00	17	CLEMENT Vincent	1	new through import_export	24	1
139	2024-05-16 11:35:16.171+00	16	TRAORE  Nasser	1	new through import_export	24	1
140	2024-05-16 11:35:16.177+00	15	TEOURI  Ruth	1	new through import_export	24	1
141	2024-05-16 11:35:16.184+00	14	MESSI BEKAMENGA Evard Gregoire	1	new through import_export	24	1
142	2024-05-16 11:35:16.19+00	13	DJIMISSA Kokou Wama	1	new through import_export	24	1
143	2024-05-16 11:35:16.198+00	12	TOURE MOUHARI Abdoul-Haq	1	new through import_export	24	1
144	2024-05-16 11:35:16.205+00	11	TEOURI  Josué	1	new through import_export	24	1
145	2024-05-16 11:35:16.212+00	10	DOGOUNA  Wonloba Mdakéna	1	new through import_export	24	1
146	2024-05-16 11:35:16.22+00	9	KABOSSA  Kodjovi	1	new through import_export	24	1
147	2024-05-16 11:35:16.228+00	8	MAWUGNA  Kossi Ankoui	1	new through import_export	24	1
148	2024-05-16 11:35:16.234+00	7	SEMA  Gado	1	new through import_export	24	1
149	2024-05-16 11:35:16.24+00	6	SAHM  Ichaou	1	new through import_export	24	1
150	2024-05-16 11:35:16.246+00	5	ADAME  Issifou	1	new through import_export	24	1
151	2024-05-16 11:35:16.253+00	4	ALISSERA  Manaar	1	new through import_export	24	1
152	2024-05-16 11:35:16.26+00	2	TEOURI Sabirou	1	new through import_export	24	1
153	2024-05-16 11:35:16.268+00	1	TEOURI Mohamed-Sabirou	1	new through import_export	24	1
154	2024-05-16 11:44:33.754+00	ZI202106	ZATO ZAKARI Ibrahim	1	new through import_export	14	1
155	2024-05-16 11:44:33.758+00	YZ202217	YAKOUBOU Zina	1	new through import_export	14	1
781	2024-05-30 15:16:53.938+00	72		3		15	3
156	2024-05-16 11:44:33.763+00	YS201502	YÉRIMA  Salamatou	1	new through import_export	14	1
157	2024-05-16 11:44:33.768+00	YM202315	YERIMA Mansour	1	new through import_export	14	1
158	2024-05-16 11:44:33.772+00	YA202216	YACOUBOU  Abdoul-Razak	1	new through import_export	14	1
159	2024-05-16 11:44:33.776+00	TY201405	TCHABLY Yendoiboim	1	new through import_export	14	1
160	2024-05-16 11:44:33.781+00	TW202213	TAKPAA Wella Gilbert	1	new through import_export	14	1
161	2024-05-16 11:44:33.785+00	TW201907	TCHASSONA TRAORE Walid	1	new through import_export	14	1
162	2024-05-16 11:44:33.789+00	TW201807	TCHALIM  Wiyao	1	new through import_export	14	1
163	2024-05-16 11:44:33.794+00	TT202215	TOURE Chabane	1	new through import_export	14	1
164	2024-05-16 11:44:33.799+00	TT202015	TEOURI Touré-Ydaou Amadou	1	new through import_export	14	1
165	2024-05-16 11:44:33.803+00	TS202014	TEOURI Samrou Ablaye	1	new through import_export	14	1
166	2024-05-16 11:44:33.808+00	TM202214	TCHANGAÎ  Magnourewa Joseph	1	new through import_export	14	1
167	2024-05-16 11:44:33.813+00	TM202011	TCHABANA Malia	1	new through import_export	14	1
168	2024-05-16 11:44:33.817+00	TK202311	TCHALA TALAKI Kibandou Stéphanie	1	new through import_export	14	1
169	2024-05-16 11:44:33.822+00	TG202313	TCHATCHAW  Gnénam Silas	1	new through import_export	14	1
170	2024-05-16 11:44:33.827+00	TG201404	TCHA-DJERI Guyassou	1	new through import_export	14	1
171	2024-05-16 11:44:33.832+00	TF202403	TEOURI Fridaouss	1	new through import_export	14	1
172	2024-05-16 11:44:33.836+00	TF202108	TOYI François Krami	1	new through import_export	14	1
173	2024-05-16 11:44:33.84+00	TF202016	TOYI Fabrice Anénafoua	1	new through import_export	14	1
174	2024-05-16 11:44:33.845+00	TF201803	TEBONOU Fatihi	1	new through import_export	14	1
175	2024-05-16 11:44:33.85+00	TE202114	TABATE Essowedeo	1	new through import_export	14	1
176	2024-05-16 11:44:33.854+00	TA202111	TCHABANA Abdoul Hafizh	1	new through import_export	14	1
177	2024-05-16 11:44:33.859+00	TA202012	TCHASSEI Abdoul Baki	1	new through import_export	14	1
178	2024-05-16 11:44:33.864+00	T 202314	TRAORE El-imrane Adjibola	1	new through import_export	14	1
179	2024-05-16 11:44:33.868+00	SS202212	SANKARA Sarata	1	new through import_export	14	1
180	2024-05-16 11:44:33.873+00	SM201806	SOWOU  Mohammed	1	new through import_export	14	1
181	2024-05-16 11:44:33.877+00	SD202110	SOKA Dissima	1	new through import_export	14	1
182	2024-05-16 11:44:33.882+00	SA201612	SIBITTI   Amoudiya	1	new through import_export	14	1
183	2024-05-16 11:44:33.886+00	PM201802	PETEMA Maleki	1	new through import_export	14	1
184	2024-05-16 11:44:33.891+00	OT202103	OGBONE Tamimou Fayssol	1	new through import_export	14	1
185	2024-05-16 11:44:33.895+00	OM202310	OULA BARNA Moubarak	1	new through import_export	14	1
186	2024-05-16 11:44:33.9+00	OK201501	OGNADON  Komlan	1	new through import_export	14	1
187	2024-05-16 11:44:33.905+00	OI202211	OURO-BODI Islam	1	new through import_export	14	1
188	2024-05-16 11:44:33.909+00	OI201611	OGBONE Irédon Arif	1	new through import_export	14	1
189	2024-05-16 11:44:33.915+00	OC202009	OGBONE INOUSSA Chérifa	1	new through import_export	14	1
190	2024-05-16 11:44:33.919+00	OA201906	OUPERE N'SEWA Ahlimou	1	new through import_export	14	1
191	2024-05-16 11:44:33.926+00	NY202309	NAZEGA Youssif	1	new through import_export	14	1
192	2024-05-16 11:44:33.933+00	NE202402	NONDOOU Essoronda	1	new through import_export	14	1
193	2024-05-16 11:44:33.938+00	NB201401	NEKERE Bassarou	1	new through import_export	14	1
194	2024-05-16 11:44:33.943+00	NA202007	NGANDEU NDJEUKAM Alhasan	1	new through import_export	14	1
195	2024-05-16 11:44:33.947+00	MY202209	MANGBA Yet-nam Bénédicta	1	new through import_export	14	1
196	2024-05-16 11:44:33.952+00	MN201801	MONI LAMBONI Natanman	1	new through import_export	14	1
197	2024-05-16 11:44:33.956+00	ME202210	MAYOU Essolizam Patrik	1	new through import_export	14	1
198	2024-05-16 11:44:33.961+00	MA201805	MAMA WANGARA Aminah	1	new through import_export	14	1
199	2024-05-16 11:44:33.966+00	LF202102	LANGOE Fahouzia	1	new through import_export	14	1
200	2024-05-16 11:44:33.971+00	KY201904	KORODOWOU HAROUNA Yassine Touré	1	new through import_export	14	1
201	2024-05-16 11:44:33.978+00	KW201905	KOZI Wétchiré	1	new through import_export	14	1
202	2024-05-16 11:44:33.985+00	KS201609	KONDO  Samoussiya	1	new through import_export	14	1
203	2024-05-16 11:44:33.991+00	KM202107	KUMENA M’Ba Roland	1	new through import_export	14	1
204	2024-05-16 11:44:34.001+00	KM201610	KOUMOÏ  Mohaman Sani	1	new through import_export	14	1
205	2024-05-16 11:44:34.007+00	KL202006	KPELINGA Lamega Narcisse	1	new through import_export	14	1
206	2024-05-16 11:44:34.013+00	KK202005	KPABOU Koussoune Isidore	1	new through import_export	14	1
207	2024-05-16 11:44:34.018+00	KK201601	KOKOU Kwami  Félix	1	new through import_export	14	1
208	2024-05-16 11:44:34.023+00	KD202112	KOUTEMA Ditoma	1	new through import_export	14	1
209	2024-05-16 11:44:34.028+00	KA202004	KONDI Adboul Malik	1	new through import_export	14	1
210	2024-05-16 11:44:34.033+00	IM202003	ISSA TOURE Mohamed Abdel-Aziz	1	new through import_export	14	1
211	2024-05-16 11:44:34.037+00	IF201804	ISSA TOURE Fadilou	1	new through import_export	14	1
212	2024-05-16 11:44:34.042+00	ID201903	IDRISSOU Djabir	1	new through import_export	14	1
213	2024-05-16 11:44:34.047+00	GN202207	GOUNTANDI Nabila	1	new through import_export	14	1
214	2024-05-16 11:44:34.051+00	GE201505	GNONEGUE Erezam Daniel	1	new through import_export	14	1
215	2024-05-16 11:44:34.055+00	GD202208	GUEMA Dindja	1	new through import_export	14	1
216	2024-05-16 11:44:34.06+00	GD201504	GADO Djakpo	1	new through import_export	14	1
217	2024-05-16 11:44:34.065+00	FR201403	FOFANA Rachad	1	new through import_export	14	1
218	2024-05-16 11:44:34.07+00	EK202118	EKLOU Kokou Fidèle	1	new through import_export	14	1
219	2024-05-16 11:44:34.075+00	DR202206	DJODI Rachad	1	new through import_export	14	1
220	2024-05-16 11:44:34.082+00	DR201608	DEGBEMBIA Rachad	1	new through import_export	14	1
221	2024-05-16 11:44:34.09+00	DK202307	DADO Koffi Jean Socrate	1	new through import_export	14	1
222	2024-05-16 11:44:34.097+00	DF202117	DERMAN Fad	1	new through import_export	14	1
223	2024-05-16 11:44:34.104+00	DA202113	DEGBEBIA Aïmane	1	new through import_export	14	1
224	2024-05-16 11:44:34.112+00	BY202306	BOKOPOLO Yahliou Phinéas	1	new through import_export	14	1
225	2024-05-16 11:44:34.118+00	BT202401	BABA Traore Hannatou	1	new through import_export	14	1
226	2024-05-16 11:44:34.124+00	BT202203	BABA Traoré Hanatou	1	new through import_export	14	1
227	2024-05-16 11:44:34.129+00	BK202204	BATAYA Kpatonga Crépin	1	new through import_export	14	1
228	2024-05-16 11:44:34.134+00	BF202404	BAH-TOURE Fatiha	1	new through import_export	14	1
229	2024-05-16 11:44:34.139+00	BF202205	BEVERI Farida	1	new through import_export	14	1
230	2024-05-16 11:44:34.145+00	BA201902	BESSAN-GANVIO Amewunu Edouard	1	new through import_export	14	1
231	2024-05-16 11:44:34.15+00	AY201901	AYEVA  Yaasiin	1	new through import_export	14	1
232	2024-05-16 11:44:34.154+00	AY201402	ABOUBAKAR Yakinou	1	new through import_export	14	1
233	2024-05-16 11:44:34.159+00	AT202405	ADOM Tadjoudine	1	new through import_export	14	1
234	2024-05-16 11:44:34.164+00	AR201602	ABI-ABRANGAO Rachidou	1	new through import_export	14	1
235	2024-05-16 11:44:34.17+00	AP201503	ALABA Pileza	1	new through import_export	14	1
236	2024-05-16 11:44:34.174+00	AO202304	AKPARO Olivier	1	new through import_export	14	1
237	2024-05-16 11:44:34.179+00	AN201604	AKONDO  Nouréni	1	new through import_export	14	1
238	2024-05-16 11:44:34.184+00	AM202202	ALASSANI Moustabchira	1	new through import_export	14	1
239	2024-05-16 11:44:34.189+00	AM202201	AKOH N’DJARMA Mouhamede Sawanatou	1	new through import_export	14	1
240	2024-05-16 11:44:34.196+00	AM201613	ADAM Mohamed Fawaazou	1	new through import_export	14	1
241	2024-05-16 11:44:34.202+00	AM201607	ALI ALASSANI  Mousbaou	1	new through import_export	14	1
242	2024-05-16 11:44:34.209+00	AJ201605	AKOU  Jean-Paul Essognim	1	new through import_export	14	1
243	2024-05-16 11:44:34.215+00	AE202001	ADJANAYO Eritayo Simone	1	new through import_export	14	1
244	2024-05-16 11:44:34.22+00	AB202101	AMONA Birewa Audrey	1	new through import_export	14	1
245	2024-05-16 11:44:34.225+00	AB201606	ALASSANI  Basstou	1	new through import_export	14	1
246	2024-05-16 11:44:34.23+00	AA202303	AGAO Akila Rois	1	new through import_export	14	1
247	2024-05-16 11:44:34.236+00	AA202302	ADJEBADJA Abdoul-chakour	1	new through import_export	14	1
248	2024-05-16 11:44:34.243+00	AA202301	ABDOULAYE Aliya	1	new through import_export	14	1
249	2024-05-16 11:44:34.251+00	AA202002	ALASSAN Afez	1	new through import_export	14	1
250	2024-05-16 11:44:34.259+00	AA201603	AGBERE  Abdou-Samadou	1	new through import_export	14	1
251	2024-05-16 11:44:34.267+00	AR202305	AROUNA Ramdane	1	new through import_export	14	1
252	2024-05-16 12:02:16.525+00	21	Enseignant object (21)	1	new through import_export	11	1
253	2024-05-16 12:02:16.53+00	19	Enseignant object (19)	1	new through import_export	11	1
254	2024-05-16 12:02:16.535+00	18	Enseignant object (18)	1	new through import_export	11	1
255	2024-05-16 12:02:16.539+00	17	Enseignant object (17)	1	new through import_export	11	1
256	2024-05-16 12:02:16.543+00	16	Enseignant object (16)	1	new through import_export	11	1
257	2024-05-16 12:02:16.547+00	15	Enseignant object (15)	1	new through import_export	11	1
258	2024-05-16 12:02:16.551+00	14	Enseignant object (14)	1	new through import_export	11	1
259	2024-05-16 12:02:16.555+00	13	Enseignant object (13)	1	new through import_export	11	1
260	2024-05-16 12:02:16.559+00	12	Enseignant object (12)	1	new through import_export	11	1
261	2024-05-16 12:02:16.563+00	11	Enseignant object (11)	1	new through import_export	11	1
262	2024-05-16 12:02:16.567+00	10	Enseignant object (10)	1	new through import_export	11	1
263	2024-05-16 12:02:16.571+00	9	Enseignant object (9)	1	new through import_export	11	1
264	2024-05-16 12:02:16.576+00	8	Enseignant object (8)	1	new through import_export	11	1
265	2024-05-16 12:02:16.582+00	7	Enseignant object (7)	1	new through import_export	11	1
266	2024-05-16 12:02:16.588+00	6	Enseignant object (6)	1	new through import_export	11	1
267	2024-05-16 12:02:16.595+00	5	Enseignant object (5)	1	new through import_export	11	1
268	2024-05-16 12:02:16.601+00	4	Enseignant object (4)	1	new through import_export	11	1
269	2024-05-16 12:02:16.608+00	2	Enseignant object (2)	1	new through import_export	11	1
270	2024-05-16 12:02:16.616+00	1	Enseignant object (1)	1	new through import_export	11	1
271	2024-05-16 12:10:50.927+00	88	ORG1603 Stage de fin d’étude	1	new through import_export	29	1
272	2024-05-16 12:10:50.932+00	87	INF1669 Projet d’entreprise en développement des applications	1	new through import_export	29	1
273	2024-05-16 12:10:50.936+00	86	MAT1606 Mathématique formelle	1	new through import_export	29	1
274	2024-05-16 12:10:50.94+00	85	ORG1603 Auto-entrepreneur	1	new through import_export	29	1
275	2024-05-16 12:10:50.944+00	84	INF1068 Réseaux et système embarqué	1	new through import_export	29	1
276	2024-05-16 12:10:50.948+00	83	INFlicence067 Sécurité des applications web	1	new through import_export	29	1
277	2024-05-16 12:10:50.953+00	82	INFlicence066 Aptitude technique	1	new through import_export	29	1
278	2024-05-16 12:10:50.959+00	81	INFlicence065 Programmation III, langage avancé	1	new through import_export	29	1
279	2024-05-16 12:10:50.965+00	80	INFlicence064 Routage, communication et réseaux sans fils	1	new through import_export	29	1
280	2024-05-16 12:10:50.972+00	79	INFlicence063 Insertion technique en entreprise	1	new through import_export	29	1
281	2024-05-16 12:10:50.978+00	78	INFlicence062 Informatique embarquée	1	new through import_export	29	1
282	2024-05-16 12:10:50.985+00	76	INFlicence060 Sécurité des réseaux locaux	1	new through import_export	29	1
283	2024-05-16 12:10:50.991+00	75	INFlicence059 Système et administration de données	1	new through import_export	29	1
284	2024-05-16 12:10:50.998+00	74	INFlicence058 Communication en entreprise	1	new through import_export	29	1
285	2024-05-16 12:10:51.006+00	73	INFlicence057 Traitement et administration de données	1	new through import_export	29	1
286	2024-05-16 12:10:51.012+00	72	INFlicence056 Interface Homme Machine	1	new through import_export	29	1
287	2024-05-16 12:10:51.018+00	71	INFlicence055 Programmation Orientée Objet II	1	new through import_export	29	1
288	2024-05-16 12:10:51.024+00	70	INFlicence054 Conception et structuration des données	1	new through import_export	29	1
289	2024-05-16 12:10:51.031+00	69	INFlicence053 Introduction à la programmation orientée objet et développement d’applications	1	new through import_export	29	1
290	2024-05-16 12:10:51.037+00	68	INFlicence052 Réseau et systèmes embarqués	1	new through import_export	29	1
291	2024-05-16 12:10:51.044+00	67	INFlicence051 Mathématiques II	1	new through import_export	29	1
292	2024-05-16 12:10:51.052+00	66	INFlicence050 Manipulation des données	1	new through import_export	29	1
293	2024-05-16 12:10:51.058+00	65	INFlicence049 Communication et insertion en entreprise	1	new through import_export	29	1
294	2024-05-16 12:10:51.065+00	64	INFlicence048 Initiation à l’algorithmique et à la programmation	1	new through import_export	29	1
295	2024-05-16 12:10:51.071+00	63	INFlicence047 Mathématique I	1	new through import_export	29	1
782	2024-05-30 15:16:53.945+00	71		3		15	3
296	2024-05-16 12:10:51.078+00	62	INFlicence046 Fondement des technologies et système d’exploitation	1	new through import_export	29	1
297	2024-05-16 12:10:51.084+00	61	INF1045 Stage de fin d’étude	1	new through import_export	29	1
298	2024-05-16 12:10:51.094+00	60	INF1044 Projet d’entreprise en développement des applications	1	new through import_export	29	1
299	2024-05-16 12:10:51.101+00	59	MAT1005 Mathématique formelle	1	new through import_export	29	1
300	2024-05-16 12:10:51.108+00	58	COM1007 Auto-entrepreneur	1	new through import_export	29	1
301	2024-05-16 12:10:51.114+00	57	INF1043 Sécurité des applications web	1	new through import_export	29	1
302	2024-05-16 12:10:51.121+00	56	INF1042 Aptitude technique	1	new through import_export	29	1
303	2024-05-16 12:10:51.127+00	55	INF1041 Programmation III, langage avancé	1	new through import_export	29	1
304	2024-05-16 12:10:51.133+00	54	INF1040 Routage, communication et réseaux sans fils	1	new through import_export	29	1
305	2024-05-16 12:10:51.14+00	53	INF1039 Conception et développement des logiciels	1	new through import_export	29	1
306	2024-05-16 12:10:51.146+00	52	COM1006 Insertion technique en entreprise	1	new through import_export	29	1
307	2024-05-16 12:10:51.153+00	51	INF1038 Informatique embarquée	1	new through import_export	29	1
308	2024-05-16 12:10:51.159+00	50	INF1037 Conception et développement des application web et mobiles	1	new through import_export	29	1
309	2024-05-16 12:10:51.167+00	49	INF1036 Sécurité	1	new through import_export	29	1
310	2024-05-16 12:10:51.173+00	48	INF1035 Système	1	new through import_export	29	1
311	2024-05-16 12:10:51.179+00	47	INF1035 Réseaux et système embarqué	1	new through import_export	29	1
312	2024-05-16 12:10:51.186+00	46	INF1034 Communication en entreprise	1	new through import_export	29	1
313	2024-05-16 12:10:51.193+00	45	INF1033 Traitement et administration de données	1	new through import_export	29	1
314	2024-05-16 12:10:51.203+00	44	INF1032 Interface Homme Machine	1	new through import_export	29	1
315	2024-05-16 12:10:51.209+00	43	INF1031 Programmation Orientée Objet II	1	new through import_export	29	1
316	2024-05-16 12:10:51.215+00	42	COM1004 Communication et insertion en entreprise	1	new through import_export	29	1
317	2024-05-16 12:10:51.222+00	41	MAT1004 Mathématiques II	1	new through import_export	29	1
318	2024-05-16 12:10:51.228+00	40	INF1030 Conception et structuration des données	1	new through import_export	29	1
319	2024-05-16 12:10:51.235+00	39	INF1029 Introduction à la programmation orientée objet et développement d’applications	1	new through import_export	29	1
320	2024-05-16 12:10:51.241+00	38	INF1028 Réseau et systèmes embarqués	1	new through import_export	29	1
321	2024-05-16 12:10:51.248+00	37	COM1003 Communication et insertion en entreprise	1	new through import_export	29	1
322	2024-05-16 12:10:51.256+00	36	INF1027 Initiation à l’algorithmique et à la programmation	1	new through import_export	29	1
323	2024-05-16 12:10:51.262+00	35	MAT1003 Mathématique I	1	new through import_export	29	1
324	2024-05-16 12:10:51.269+00	34	INF1026 Fondement des technologies et système d’exploitation	1	new through import_export	29	1
325	2024-05-16 12:10:51.275+00	31	INF1127 Manipulation des données	1	new through import_export	29	1
326	2024-05-16 12:10:51.282+00	30	INF1129 Algorithmes et Programmation	1	new through import_export	29	1
327	2024-05-16 12:10:51.288+00	29	INFlicence028 Stage/Projets d'entreprise et soutenance (Stage III)	1	new through import_export	29	1
328	2024-05-16 12:10:51.294+00	28	INFlicence027 Mathématique Fomelle	1	new through import_export	29	1
329	2024-05-16 12:10:51.302+00	27	INFlicence026 Cloud computing	1	new through import_export	29	1
330	2024-05-16 12:10:51.309+00	26	INFlicence025 Projet d'entreprise en développement des applications	1	new through import_export	29	1
331	2024-05-16 12:10:51.316+00	25	INFlicence567 Développement et déploiement des applications mobile	1	new through import_export	29	1
332	2024-05-16 12:10:51.322+00	24	INF1567 Déploiement des applications web	1	new through import_export	29	1
333	2024-05-16 12:10:51.329+00	23	INF1567 Conception et développement des logiciels	1	new through import_export	29	1
334	2024-05-16 12:10:51.335+00	22	ORG1503 Droit, éthique et responsabilité sociale des entreprises	1	new through import_export	29	1
335	2024-05-16 12:10:51.341+00	21	INF1567 Approche micro-service	1	new through import_export	29	1
336	2024-05-16 12:10:51.348+00	20	INFlicence019 Interfaces graphiques	1	new through import_export	29	1
337	2024-05-16 12:10:51.356+00	19	INFlicence018 Conception et développement des applications	1	new through import_export	29	1
338	2024-05-16 12:10:51.363+00	18	INFlicence017 Informatique embarquée II	1	new through import_export	29	1
339	2024-05-16 12:10:51.37+00	17	INFlicence016 Réseaux et Introduction à la sécurité informatique	1	new through import_export	29	1
340	2024-05-16 12:10:51.375+00	16	INFlicence015 Administration de serveur et systèmes d'exploitation II	1	new through import_export	29	1
341	2024-05-16 12:10:51.38+00	15	INFlicence014 Programmation 2	1	new through import_export	29	1
342	2024-05-16 12:10:51.385+00	14	INFlicence013 Données et administration de données	1	new through import_export	29	1
343	2024-05-16 12:10:51.389+00	13	INFlicence012 Infrastructure matériel et logiciel	1	new through import_export	29	1
344	2024-05-16 12:10:51.394+00	12	INFlicence011 Mathématiques III	1	new through import_export	29	1
345	2024-05-16 12:10:51.399+00	11	INFlicence010 Communication et gestion des entreprises	1	new through import_export	29	1
346	2024-05-16 12:10:51.404+00	9	INFlicence008 Introduction au développement d'applications	1	new through import_export	29	1
347	2024-05-16 12:10:51.408+00	8	INFlicence007 Conception et développement des sites web	1	new through import_export	29	1
348	2024-05-16 12:10:51.413+00	7	INFlicence006 Conception orientée objet et base de données	1	new through import_export	29	1
349	2024-05-16 12:10:51.419+00	6	INFlicence005 Électronique	1	new through import_export	29	1
350	2024-05-16 12:10:51.423+00	5	INFlicence004 Communication  et Insertion en entreprise	1	new through import_export	29	1
351	2024-05-16 12:10:51.428+00	4	INFlicence129 Fondement des TI et systèmes d'exploitation I	1	new through import_export	29	1
352	2024-05-16 12:10:51.433+00	3	MATlicence101 Mathématiques I	1	new through import_export	29	1
353	2024-05-16 12:10:51.437+00	2	INFlicence129 Communication et expression en entreprise	1	new through import_export	29	1
354	2024-05-16 12:10:51.443+00	1	INFlicence129 Manipulation de données	1	new through import_export	29	1
355	2024-05-16 13:21:01.282+00	158	3INFlicence020 Sujets émergents	1	new through import_export	18	1
356	2024-05-16 13:21:01.288+00	157	5INFlicence063 Organisation et comptabilité	1	new through import_export	18	1
783	2024-05-30 15:16:53.95+00	70		3		15	3
357	2024-05-16 13:21:01.292+00	156	4INFlicence063 Insertion et responsabilité dans la société	1	new through import_export	18	1
358	2024-05-16 13:21:01.297+00	155	1ORG1603 Auto-entrepreneur	1	new through import_export	18	1
359	2024-05-16 13:21:01.301+00	154	3INFlicence063 Stage	1	new through import_export	18	1
360	2024-05-16 13:21:01.306+00	153	1ORG1603 Stage	1	new through import_export	18	1
361	2024-05-16 13:21:01.31+00	152	1INF1669 Développement des applications	1	new through import_export	18	1
362	2024-05-16 13:21:01.315+00	151	2INFlicence063 Anglais	1	new through import_export	18	1
363	2024-05-16 13:21:01.32+00	150	2MAT1606 Programmation linéaire	1	new through import_export	18	1
364	2024-05-16 13:21:01.324+00	149	1INFlicence063 Technique	1	new through import_export	18	1
365	2024-05-16 13:21:01.329+00	148	1MAT1606 Théorie des automates	1	new through import_export	18	1
366	2024-05-16 13:21:01.334+00	147	1INFlicence062 Arduino	1	new through import_export	18	1
367	2024-05-16 13:21:01.339+00	142	2INFlicence060 Configuration firewall, gestion des machines virtuelles	1	new through import_export	18	1
368	2024-05-16 13:21:01.343+00	141	1INFlicence060 Dénombrement	1	new through import_export	18	1
369	2024-05-16 13:21:01.349+00	140	2INFlicence059 Base de données	1	new through import_export	18	1
370	2024-05-16 13:21:01.354+00	139	1INFlicence059 Bash	1	new through import_export	18	1
371	2024-05-16 13:21:01.403+00	138	4INFlicence057 Langage de modélisation unifié	1	new through import_export	18	1
372	2024-05-16 13:21:01.408+00	137	3INFlicence057 Bases de données	1	new through import_export	18	1
373	2024-05-16 13:21:01.413+00	136	2INFlicence057 XML	1	new through import_export	18	1
374	2024-05-16 13:21:01.419+00	135	1INFlicence057 Templating	1	new through import_export	18	1
375	2024-05-16 13:21:01.424+00	134	2INFlicence067 Gestion Projet	1	new through import_export	18	1
376	2024-05-16 13:21:01.428+00	132	1INFlicence066 Sujets émergents : React native, React JS, Node JS, Flutter, Docker, MongoDB, Firebase	1	new through import_export	18	1
377	2024-05-16 13:21:01.433+00	131	1INFlicence065 C++	1	new through import_export	18	1
378	2024-05-16 13:21:01.438+00	130	1INFlicence064 Système, Intégration de projet	1	new through import_export	18	1
379	2024-05-16 13:21:01.443+00	129	1INF1043 Gestion de projet	1	new through import_export	18	1
380	2024-05-16 13:21:01.447+00	128	1INF1042 Sujets émergents	1	new through import_export	18	1
381	2024-05-16 13:21:01.452+00	127	1INF1041 Langage C++	1	new through import_export	18	1
382	2024-05-16 13:21:01.457+00	126	1INF1040 Système, Intégration de projet	1	new through import_export	18	1
383	2024-05-16 13:21:01.462+00	125	2INF1039 JEE/Spring Boot	1	new through import_export	18	1
384	2024-05-16 13:21:01.469+00	124	1INF1039 Django	1	new through import_export	18	1
385	2024-05-16 13:21:01.473+00	123	5COM1006 Organisation et comptabilité	1	new through import_export	18	1
386	2024-05-16 13:21:01.477+00	122	4COM1006 Insertion et responsabilité dans la société	1	new through import_export	18	1
387	2024-05-16 13:21:01.482+00	121	3COM1006 Stage	1	new through import_export	18	1
388	2024-05-16 13:21:01.488+00	120	2COM1006 Anglais	1	new through import_export	18	1
389	2024-05-16 13:21:01.492+00	119	1COM1006 Technique	1	new through import_export	18	1
390	2024-05-16 13:21:01.497+00	118	1INF1038 Arduino	1	new through import_export	18	1
391	2024-05-16 13:21:01.502+00	117	4INF1037 App mobile	1	new through import_export	18	1
392	2024-05-16 13:21:01.506+00	116	3INF1037 PHP	1	new through import_export	18	1
393	2024-05-16 13:21:01.511+00	115	2INF1037 Javascript	1	new through import_export	18	1
394	2024-05-16 13:21:01.516+00	114	1INF1037 Apache	1	new through import_export	18	1
395	2024-05-16 13:21:01.523+00	113	2INF1036 Configuration firewall, gestion des machines virtuelles	1	new through import_export	18	1
396	2024-05-16 13:21:01.528+00	112	1INF1036 Dénombrement	1	new through import_export	18	1
397	2024-05-16 13:21:01.533+00	111	2INF1035 Base données	1	new through import_export	18	1
398	2024-05-16 13:21:01.537+00	110	1INF1035 Bash	1	new through import_export	18	1
399	2024-05-16 13:21:01.542+00	109	6INF1034 Gestion de projet	1	new through import_export	18	1
400	2024-05-16 13:21:01.547+00	108	5INF1034 Insertion et responsabilité dans la société	1	new through import_export	18	1
401	2024-05-16 13:21:01.552+00	107	4INF1034 Business Process Model and Notation	1	new through import_export	18	1
402	2024-05-16 13:21:01.556+00	106	3INF1034 Photoshop	1	new through import_export	18	1
403	2024-05-16 13:21:01.561+00	105	2INF1034 Anglais	1	new through import_export	18	1
404	2024-05-16 13:21:01.565+00	104	1INF1034 Latex	1	new through import_export	18	1
405	2024-05-16 13:21:01.569+00	103	4INF1033 Langage de modélisation unifié	1	new through import_export	18	1
406	2024-05-16 13:21:01.573+00	102	3INF1033 Bases de données	1	new through import_export	18	1
407	2024-05-16 13:21:01.577+00	101	2INF1033 XML	1	new through import_export	18	1
408	2024-05-16 13:21:01.582+00	100	1INF1033 Templating	1	new through import_export	18	1
409	2024-05-16 13:21:01.586+00	99	4INF1035 Graphes	1	new through import_export	18	1
410	2024-05-16 13:21:01.591+00	98	3INF1035 Adressage et routage	1	new through import_export	18	1
411	2024-05-16 13:21:01.595+00	97	2INF1035 Micro programmation	1	new through import_export	18	1
412	2024-05-16 13:21:01.6+00	96	1INF1035 Électronique	1	new through import_export	18	1
413	2024-05-16 13:21:01.604+00	95	3INF1032 Event	1	new through import_export	18	1
414	2024-05-16 13:21:01.608+00	94	2INF1032 Tkinter	1	new through import_export	18	1
415	2024-05-16 13:21:01.613+00	93	1INF1032 Géométrie	1	new through import_export	18	1
416	2024-05-16 13:21:01.617+00	92	3INF1031 Persistance	1	new through import_export	18	1
417	2024-05-16 13:21:01.622+00	91	2INF1031 Python	1	new through import_export	18	1
418	2024-05-16 13:21:01.626+00	90	1INF1031 Java	1	new through import_export	18	1
419	2024-05-16 13:21:01.631+00	89	4COM1004 Insertion et responsabilité dans la société	1	new through import_export	18	1
420	2024-05-16 13:21:01.636+00	88	3COM1004 Organisation et comptabilité	1	new through import_export	18	1
421	2024-05-16 13:21:01.641+00	87	2COM1004 Anglais	1	new through import_export	18	1
422	2024-05-16 13:21:01.645+00	86	1COM1004 Expression et communication	1	new through import_export	18	1
423	2024-05-16 13:21:01.651+00	85	1MAT1004 Mathématiques II	1	new through import_export	18	1
424	2024-05-16 13:21:01.656+00	84	3INF1030 Traitement des données semi-structurées	1	new through import_export	18	1
425	2024-05-16 13:21:01.66+00	83	2INF1030 Bases de données	1	new through import_export	18	1
426	2024-05-16 13:21:01.667+00	82	1INF1030 Langage de modélisation unifié	1	new through import_export	18	1
427	2024-05-16 13:21:01.673+00	81	1INF1029 Données Algorithme Programme	1	new through import_export	18	1
428	2024-05-16 13:21:01.68+00	80	3INF1028 Réseaux	1	new through import_export	18	1
429	2024-05-16 13:21:01.687+00	79	2INF1028 Électronique	1	new through import_export	18	1
430	2024-05-16 13:21:01.694+00	78	1INF1028 Architecture des Ordinateurs	1	new through import_export	18	1
431	2024-05-16 13:21:01.703+00	77	3COM1003 Insertion et responsabilité dans la société	1	new through import_export	18	1
432	2024-05-16 13:21:01.711+00	76	2INF1027 Organisation et comptabilité	1	new through import_export	18	1
433	2024-05-16 13:21:01.718+00	75	2COM1003 Anglais	1	new through import_export	18	1
434	2024-05-16 13:21:01.724+00	74	1COM1003 Expression et communication	1	new through import_export	18	1
435	2024-05-16 13:21:01.731+00	73	2INF1127 Bases de données	1	new through import_export	18	1
436	2024-05-16 13:21:01.738+00	72	1INF1127 Algèbre relationnelle	1	new through import_export	18	1
437	2024-05-16 13:21:01.745+00	71	1INF1027 Données Algorithme Programme	1	new through import_export	18	1
438	2024-05-16 13:21:01.752+00	70	1MAT1003 Mathématique	1	new through import_export	18	1
439	2024-05-16 13:21:01.761+00	69	3INF1026 Bureautique	1	new through import_export	18	1
440	2024-05-16 13:21:01.768+00	68	2INF1026 Système d’exploitation	1	new through import_export	18	1
441	2024-05-16 13:21:01.774+00	67	1INF1026 Introduction à l’Informatique	1	new through import_export	18	1
442	2024-05-16 13:21:01.779+00	66	2INFlicence019 Montage vidéo	1	new through import_export	18	1
443	2024-05-16 13:21:01.784+00	65	1INFlicence019 Java swing	1	new through import_export	18	1
444	2024-05-16 13:21:01.789+00	64	3INFlicence018 Programmation Mobile android	1	new through import_export	18	1
445	2024-05-16 13:21:01.794+00	63	2INFlicence018 PHP et Laravel	1	new through import_export	18	1
446	2024-05-16 13:21:01.802+00	62	1INFlicence018 javascript	1	new through import_export	18	1
447	2024-05-16 13:21:01.809+00	61	1INFlicence016 Réseaux et sécurité	1	new through import_export	18	1
448	2024-05-16 13:21:01.817+00	60	2INFlicence015 Systeme d'exploitation	1	new through import_export	18	1
449	2024-05-16 13:21:01.823+00	59	1INFlicence015 Serveur Web	1	new through import_export	18	1
450	2024-05-16 13:21:01.843+00	58	3INFlicence017 Mathématique II	1	new through import_export	18	1
451	2024-05-16 13:21:01.852+00	57	2INFlicence017 Architecture des ordinateurs	1	new through import_export	18	1
452	2024-05-16 13:21:01.859+00	56	3INFlicence005 Architecutre des ordinateurs	1	new through import_export	18	1
453	2024-05-16 13:21:01.866+00	55	1INFlicence008 Script Python	1	new through import_export	18	1
454	2024-05-16 13:21:01.873+00	54	2INFlicence007 Conception et dev appli web	1	new through import_export	18	1
455	2024-05-16 13:21:01.881+00	53	2INFlicence005 Mathématique	1	new through import_export	18	1
456	2024-05-16 13:21:01.889+00	52	1INFlicence005 Electronique	1	new through import_export	18	1
457	2024-05-16 13:21:01.896+00	50	2INFlicence004 Communication	1	new through import_export	18	1
458	2024-05-16 13:21:01.904+00	49	1INFlicence006 Base de données	1	new through import_export	18	1
459	2024-05-16 13:21:01.91+00	48	5INFlicence129 Communication	1	new through import_export	18	1
460	2024-05-16 13:21:01.917+00	47	4INFlicence129 Organisation et comptabilité	1	new through import_export	18	1
461	2024-05-16 13:21:01.924+00	45	2INFlicence023 Langage de modélisation unifié	1	new through import_export	18	1
462	2024-05-16 13:21:01.932+00	44	1INFlicence022 Developpement avec le framework Django	1	new through import_export	18	1
463	2024-05-16 13:21:01.939+00	43	3INFlicence004 Entrepreunariat	1	new through import_export	18	1
464	2024-05-16 13:21:01.945+00	42	2INFlicence020 Déploiement des applications avec Docker	1	new through import_export	18	1
465	2024-05-16 13:21:01.952+00	41	3INFlicence011 Latex	1	new through import_export	18	1
466	2024-05-16 13:21:01.958+00	40	3INFlicence004 Insertion et responsabilité sociale	1	new through import_export	18	1
467	2024-05-16 13:21:01.965+00	39	2INFlicence010 Comptabilité, budget	1	new through import_export	18	1
468	2024-05-16 13:21:01.972+00	38	1INFlicence010 Communication en Anglais	1	new through import_export	18	1
469	2024-05-16 13:21:01.979+00	37	2INFlicence013 Électronique II	1	new through import_export	18	1
470	2024-05-16 13:21:01.988+00	36	3INFlicence017 Micro-programmation des ordinateurs	1	new through import_export	18	1
471	2024-05-16 13:21:01.994+00	35	2INFlicence129 Expression numérique	1	new through import_export	18	1
472	2024-05-16 13:21:02.001+00	34	2INFlicence007 Langage de modélisation unifié	1	new through import_export	18	1
473	2024-05-16 13:21:02.007+00	33	1INFlicence021 Insertion et Responsablité Sociale	1	new through import_export	18	1
474	2024-05-16 13:21:02.014+00	32	2INFlicence023 Java Entreprise Edition et Spring boot	1	new through import_export	18	1
475	2024-05-16 13:21:02.02+00	31	1INFlicence023 Services réseaux II	1	new through import_export	18	1
476	2024-05-16 13:21:02.026+00	28	2INFlicence017 Informatique Embarqué	1	new through import_export	18	1
477	2024-05-16 13:21:02.032+00	26	2INFlicence011 Géométrie	1	new through import_export	18	1
478	2024-05-16 13:21:02.039+00	25	1INFlicence011 Théorie des graphes	1	new through import_export	18	1
479	2024-05-16 13:21:02.045+00	23	2INFlicence004 Insertion et Responsablité Sociale	1	new through import_export	18	1
480	2024-05-16 13:21:02.051+00	21	2INFlicence012 Fondements des réseaux II	1	new through import_export	18	1
481	2024-05-16 13:21:02.058+00	20	1INFlicence012 Service réseau	1	new through import_export	18	1
482	2024-05-16 13:21:02.065+00	19	5INFlicence014 Langage C	1	new through import_export	18	1
483	2024-05-16 13:21:02.072+00	18	4INFlicence014 Traitement des données semi structurées	1	new through import_export	18	1
484	2024-05-16 13:21:02.078+00	17	3INFlicence014 Base de données 3	1	new through import_export	18	1
485	2024-05-16 13:21:02.085+00	16	2INFlicence014 Programmation Orienté Objet(Java)	1	new through import_export	18	1
486	2024-05-16 13:21:02.092+00	15	1INFlicence014 Programmation Orienté Objet(Python)	1	new through import_export	18	1
487	2024-05-16 13:21:02.098+00	14	5INFlicence129 Matériel et maintenance	1	new through import_export	18	1
488	2024-05-16 13:21:02.104+00	13	4MATlicence101 Théorie des ensembles	1	new through import_export	18	1
489	2024-05-16 13:21:02.11+00	12	3MATlicence101 Logique mathématiques	1	new through import_export	18	1
490	2024-05-16 13:21:02.118+00	11	2INFlicence129 Culture Générale	1	new through import_export	18	1
491	2024-05-16 13:21:02.125+00	9	4INFlicence129 Fondement des technologies	1	new through import_export	18	1
784	2024-05-30 15:16:53.956+00	69		3		15	3
785	2024-05-30 15:16:53.962+00	68		3		15	3
492	2024-05-16 13:21:02.132+00	8	2INF1029 Données Algorithme Programmation	1	new through import_export	18	1
493	2024-05-16 13:21:02.139+00	7	1INF1029 Base de données 1	1	new through import_export	18	1
494	2024-05-16 13:21:02.145+00	5	2INFlicence129 Système d'exploitation	1	new through import_export	18	1
495	2024-05-16 13:21:02.152+00	3	1MATlicence101 Algèbre relationnel	1	new through import_export	18	1
496	2024-05-16 13:21:02.159+00	1	1INFlicence001 Anglais	1	new through import_export	18	1
497	2024-05-16 13:30:33.533+00	S6-2023	S6 -2023-2024	3		28	1
498	2024-05-16 13:30:33.541+00	S5-2023	S5 -2023-2024	3		28	1
499	2024-05-16 13:30:33.546+00	S4-2023	S4 -2023-2024	3		28	1
500	2024-05-16 13:30:33.55+00	S3-2023	S3 -2023-2024	3		28	1
501	2024-05-16 13:30:33.555+00	S2-2023	S2 -2023-2024	3		28	1
502	2024-05-16 13:30:33.56+00	S1-2023	S1 -2023-2024	3		28	1
503	2024-05-16 13:35:04.092+00	11	2023-2024	1	new through import_export	7	1
504	2024-05-16 13:35:04.097+00	10	2022-2023	1	new through import_export	7	1
505	2024-05-16 13:35:04.101+00	9	2021-2022	1	new through import_export	7	1
506	2024-05-16 13:35:04.105+00	8	2020-2021	1	new through import_export	7	1
507	2024-05-16 13:35:04.11+00	7	2019-2020	1	new through import_export	7	1
508	2024-05-16 13:35:04.115+00	6	2018-2019	1	new through import_export	7	1
509	2024-05-16 13:35:04.119+00	5	2017-2018	1	new through import_export	7	1
510	2024-05-16 13:35:04.124+00	4	2016-2017	1	new through import_export	7	1
511	2024-05-16 13:35:04.129+00	3	2015-2016	1	new through import_export	7	1
512	2024-05-16 13:35:04.134+00	2	2014-2015	1	new through import_export	7	1
513	2024-05-16 16:08:42.108+00	1	IN	1	[{"added": {}}]	10	1
514	2024-05-16 16:09:12.35+00	1	Licence Genie Logiciel	1	[{"added": {}}]	23	1
515	2024-05-17 11:21:16.406+00	YZ202217	YAKOUBOU Zina	2	[{"changed": {"fields": ["Semestres"]}}]	14	3
516	2024-05-17 11:42:04.206+00	TW202213	TAKPAA Wella Gilbert	2	[{"changed": {"fields": ["Semestres"]}}]	14	3
517	2024-05-17 11:49:22.37+00	1	Licence Genie Logiciel-main.Ue.None-S3 -2021-2022	1	[{"added": {}}]	32	1
518	2024-05-17 11:50:08.594+00	TT202215	TOURE Chabane	2	[{"changed": {"fields": ["Semestres"]}}]	14	3
519	2024-05-17 11:51:02.456+00	TT202015	TEOURI Touré-Ydaou Amadou	2	[{"changed": {"fields": ["Semestres"]}}]	14	3
520	2024-05-17 11:51:24.714+00	2	Licence Genie Logiciel-main.Ue.None-S6 -2022-2023	1	[{"added": {}}]	32	1
521	2024-05-17 11:54:29.779+00	KK202005	KPABOU Koussoune Isidore	2	[{"changed": {"fields": ["Semestres"]}}]	14	3
522	2024-05-17 11:54:48.403+00	SS202212	SANKARA Sarata	2	[{"changed": {"fields": ["Semestres"]}}]	14	3
523	2024-05-17 11:55:36.784+00	NA202007	NGANDEU NDJEUKAM Alhasan	2	[{"changed": {"fields": ["Semestres"]}}]	14	3
524	2024-05-17 11:56:24.829+00	OI202211	OURO-BODI Islam	2	[{"changed": {"fields": ["Semestres"]}}]	14	3
525	2024-05-17 12:00:33.119+00	3	ifnti	2	[{"changed": {"fields": ["Groups"]}}]	4	1
526	2024-05-22 09:12:11.05+00	259	4INFlicence129 Organisation et comptabilité-Rattrapage OC-S1 -2023-2024	1	new through import_export	21	3
527	2024-05-22 09:12:11.056+00	258	2INFlicence129 Culture Générale-Rattrapage Culture générale-S1 -2023-2024	1	new through import_export	21	3
528	2024-05-22 09:12:11.061+00	257	1INFlicence001 Anglais-Rattrapage Anglais-S1 -2023-2024	1	new through import_export	21	3
529	2024-05-22 09:12:11.065+00	256	2INF1029 Données Algorithme Programmation-Rattrapage DAP Python-S1 -2023-2024	1	new through import_export	21	3
530	2024-05-22 09:12:11.07+00	255	2INFlicence023 Langage de modélisation unifié-Modelisation composants et déploiement-S5 -2023-2024	1	new through import_export	21	3
531	2024-05-22 09:12:11.074+00	254	3INFlicence020 Sujets émergents-Sujets émergents-S5 -2023-2024	1	new through import_export	21	3
532	2024-05-22 09:12:11.079+00	253	1ORG1603 Stage-Stage de fin d’étude-S6 -2022-2023	1	new through import_export	21	3
533	2024-05-22 09:12:11.083+00	252	5INFlicence063 Organisation et comptabilité-Evaluation OC-S4 -2021-2022	1	new through import_export	21	3
534	2024-05-22 09:12:11.087+00	251	4INFlicence063 Insertion et responsabilité dans la société-Evaluation IRS-S4 -2021-2022	1	new through import_export	21	3
535	2024-05-22 09:12:11.092+00	250	3INFlicence063 Stage-Stage-S4 -2021-2022	1	new through import_export	21	3
536	2024-05-22 09:12:11.097+00	249	2INFlicence063 Anglais-Evaluation ANG-S4 -2021-2022	1	new through import_export	21	3
537	2024-05-22 09:12:11.101+00	248	1INFlicence063 Technique-Evaluation Technique-S4 -2021-2022	1	new through import_export	21	3
538	2024-05-22 09:12:11.106+00	247	1INFlicence062 Arduino-Evaluation Arduino-S4 -2021-2022	1	new through import_export	21	3
539	2024-05-22 09:12:11.11+00	242	2INFlicence060 Configuration firewall, gestion des machines virtuelles-Evaluation FW-S4 -2021-2022	1	new through import_export	21	3
540	2024-05-22 09:12:11.114+00	241	1INFlicence060 Dénombrement-Evaluation Dénombrement-S4 -2021-2022	1	new through import_export	21	3
541	2024-05-22 09:12:11.119+00	240	2INFlicence059 Base de données-Evaluation BD-S4 -2021-2022	1	new through import_export	21	3
542	2024-05-22 09:12:11.123+00	239	1INFlicence059 Bash-Evaluation Bash-S4 -2021-2022	1	new through import_export	21	3
543	2024-05-22 09:12:11.128+00	238	4INF1035 Graphes-Evaluation Graphes-S3 -2021-2022	1	new through import_export	21	3
544	2024-05-22 09:12:11.133+00	237	3INF1035 Adressage et routage-Evaluation Adressage et routage-S3 -2021-2022	1	new through import_export	21	3
545	2024-05-22 09:12:11.137+00	204	2INF1035 Micro programmation-Evaluation Micro-programmation-S3 -2021-2022	1	new through import_export	21	3
546	2024-05-22 09:12:11.142+00	171	1INF1035 Électronique-Evaluation EL-S3 -2021-2022	1	new through import_export	21	3
547	2024-05-22 09:12:11.147+00	138	5INF1034 Insertion et responsabilité dans la société-Evaluation IRS-S3 -2021-2022	1	new through import_export	21	3
548	2024-05-22 09:12:11.152+00	137	4INF1034 Business Process Model and Notation-Evaluation BPMN-S3 -2021-2022	1	new through import_export	21	3
549	2024-05-22 09:12:11.157+00	136	6INF1034 Gestion de projet-Evaluation Gestion projet-S3 -2021-2022	1	new through import_export	21	3
550	2024-05-22 09:12:11.162+00	135	3INF1034 Photoshop-Evaluation Photoshop-S3 -2021-2022	1	new through import_export	21	3
551	2024-05-22 09:12:11.166+00	134	2INF1034 Anglais-Evaluation ANG-S3 -2021-2022	1	new through import_export	21	3
552	2024-05-22 09:12:11.17+00	133	1INF1034 Latex-Evaluation Latex-S3 -2021-2022	1	new through import_export	21	3
553	2024-05-22 09:12:11.175+00	132	4INFlicence057 Langage de modélisation unifié-Evaluation UML-S3 -2021-2022	1	new through import_export	21	3
554	2024-05-22 09:12:11.179+00	131	3INFlicence057 Bases de données-Evaluation BD-S3 -2021-2022	1	new through import_export	21	3
786	2024-05-30 15:16:53.967+00	67		3		15	3
555	2024-05-22 09:12:11.183+00	130	2INFlicence057 XML-Evaluation XML-S3 -2021-2022	1	new through import_export	21	3
556	2024-05-22 09:12:11.188+00	129	1INFlicence057 Templating-Evaluation templating-S3 -2021-2022	1	new through import_export	21	3
557	2024-05-22 09:12:11.192+00	128	3INF1032 Event-Evaluation Event-S3 -2021-2022	1	new through import_export	21	3
558	2024-05-22 09:12:11.196+00	127	2INF1032 Tkinter-Evaluation tkinter-S3 -2021-2022	1	new through import_export	21	3
559	2024-05-22 09:12:11.2+00	126	1INF1032 Géométrie-Evaluation Géometrie-S3 -2021-2022	1	new through import_export	21	3
560	2024-05-22 09:12:11.205+00	125	3INF1031 Persistance-Evaluation Persistance-S3 -2021-2022	1	new through import_export	21	3
561	2024-05-22 09:12:11.21+00	124	2INF1031 Python-Evaluation Python-S3 -2021-2022	1	new through import_export	21	3
562	2024-05-22 09:12:11.214+00	123	1INF1031 Java-Evaluation Java-S3 -2021-2022	1	new through import_export	21	3
563	2024-05-22 09:12:11.219+00	122	4COM1004 Insertion et responsabilité dans la société-Evaluation IRS-S2 -2020-2021	1	new through import_export	21	3
564	2024-05-22 09:12:11.224+00	121	3COM1004 Organisation et comptabilité-Evaluation OC-S2 -2020-2021	1	new through import_export	21	3
565	2024-05-22 09:12:11.229+00	120	2COM1004 Anglais-Evaluation ANG-S2 -2020-2021	1	new through import_export	21	3
566	2024-05-22 09:12:11.233+00	119	1COM1004 Expression et communication-Evaluation EC-S2 -2020-2021	1	new through import_export	21	3
567	2024-05-22 09:12:11.238+00	118	1MAT1004 Mathématiques II-Evaluation Maths-S2 -2020-2021	1	new through import_export	21	3
568	2024-05-22 09:12:11.242+00	117	2INF1030 Bases de données-Evaluation BD-S2 -2020-2021	1	new through import_export	21	3
569	2024-05-22 09:12:11.246+00	116	1INF1030 Langage de modélisation unifié-Evaluation UML-S2 -2020-2021	1	new through import_export	21	3
570	2024-05-22 09:12:11.25+00	115	3INF1030 Traitement des données semi-structurées-Evaluation TDSS-S2 -2020-2021	1	new through import_export	21	3
571	2024-05-22 09:12:11.255+00	114	1INF1029 Données Algorithme Programme-DAP-S2 -2020-2021	1	new through import_export	21	3
572	2024-05-22 09:12:11.26+00	113	3INF1028 Réseaux-Evaluation Réseaux-S2 -2020-2021	1	new through import_export	21	3
573	2024-05-22 09:12:11.265+00	112	2INF1028 Électronique-Evaluation EL-S2 -2020-2021	1	new through import_export	21	3
574	2024-05-22 09:12:11.269+00	111	1INF1028 Architecture des Ordinateurs-Evaluation AO-S2 -2020-2021	1	new through import_export	21	3
575	2024-05-22 09:12:11.273+00	110	1ORG1603 Auto-entrepreneur-examen final-S6 -2022-2023	1	new through import_export	21	3
576	2024-05-22 09:12:11.277+00	107	2MAT1606 Programmation linéaire-examen final-S6 -2022-2023	1	new through import_export	21	3
577	2024-05-22 09:12:11.283+00	105	1MAT1606 Théorie des automates-examen final-S6 -2022-2023	1	new through import_export	21	3
578	2024-05-22 09:12:11.287+00	103	1INF1669 Développement des applications-examen final-S6 -2022-2023	1	new through import_export	21	3
579	2024-05-22 09:12:11.291+00	102	1INFlicence066 Sujets émergents : React native, React JS, Node JS, Flutter, Docker, MongoDB, Firebase-examen final-S5 -2022-2023	1	new through import_export	21	3
580	2024-05-22 09:12:11.296+00	101	1INFlicence065 C++-examen final-S5 -2022-2023	1	new through import_export	21	3
581	2024-05-22 09:12:11.303+00	100	1INFlicence064 Système, Intégration de projet-examen final-S5 -2022-2023	1	new through import_export	21	3
582	2024-05-22 09:12:11.31+00	99	2INFlicence023 Java Entreprise Edition et Spring boot-examen final-S5 -2022-2023	1	new through import_export	21	3
583	2024-05-22 09:12:11.316+00	98	2INFlicence067 Gestion Projet-examen final-S5 -2022-2023	1	new through import_export	21	3
584	2024-05-22 09:12:11.323+00	97	1INFlicence022 Developpement avec le framework Django-examen final-S5 -2022-2023	1	new through import_export	21	3
585	2024-05-22 09:12:11.33+00	95	3COM1003 Insertion et responsabilité dans la société-Évaluation IRS-S1 -2020-2021	1	new through import_export	21	3
586	2024-05-22 09:12:11.337+00	94	2INF1027 Organisation et comptabilité-Évaluation OC-S1 -2020-2021	1	new through import_export	21	3
587	2024-05-22 09:12:11.344+00	93	2COM1003 Anglais-Évaluation ANG-S1 -2020-2021	1	new through import_export	21	3
588	2024-05-22 09:12:11.35+00	92	1COM1003 Expression et communication-Evaluation EC-S1 -2020-2021	1	new through import_export	21	3
589	2024-05-22 09:12:11.357+00	91	1MAT1003 Mathématique-Evaluation Maths-S1 -2020-2021	1	new through import_export	21	3
590	2024-05-22 09:12:11.364+00	90	3INF1026 Bureautique-Examen Bureautique-S1 -2020-2021	1	new through import_export	21	3
591	2024-05-22 09:12:11.371+00	89	2INF1026 Système d’exploitation-Evaluation SE-S1 -2020-2021	1	new through import_export	21	3
592	2024-05-22 09:12:11.377+00	88	2INF1127 Bases de données-Évaluation BD-S1 -2020-2021	1	new through import_export	21	3
593	2024-05-22 09:12:11.384+00	87	1INF1127 Algèbre relationnelle-Évaluation AR-S1 -2020-2021	1	new through import_export	21	3
594	2024-05-22 09:12:11.391+00	86	1INF1027 Données Algorithme Programme-Evaluation DAP-S1 -2020-2021	1	new through import_export	21	3
595	2024-05-22 09:12:11.398+00	85	1INF1026 Introduction à l’Informatique-Evaluation II-S1 -2020-2021	1	new through import_export	21	3
596	2024-05-22 09:12:11.404+00	84	3INFlicence004 Entrepreunariat-Examen Entrepreunariat-S5 -2023-2024	1	new through import_export	21	3
597	2024-05-22 09:12:11.412+00	83	1INFlicence023 Services réseaux II-Evaluation Réseau-S5 -2023-2024	1	new through import_export	21	3
598	2024-05-22 09:12:11.418+00	82	2INFlicence020 Déploiement des applications avec Docker-Examen partie teorique-S5 -2023-2024	1	new through import_export	21	3
599	2024-05-22 09:12:11.425+00	79	2INFlicence020 Déploiement des applications avec Docker-Examen partie technique-S5 -2023-2024	1	new through import_export	21	3
600	2024-05-22 09:12:11.432+00	77	4INFlicence129 Fondement des technologies-Evaluation Fondement des TI-S1 -2023-2024	1	new through import_export	21	3
601	2024-05-22 09:12:11.438+00	76	2INFlicence012 Fondements des réseaux II-Evaluation Réseau-S3 -2023-2024	1	new through import_export	21	3
602	2024-05-22 09:12:11.457+00	75	2INFlicence023 Java Entreprise Edition et Spring boot-Évaluation N°2 JEE-S5 -2023-2024	1	new through import_export	21	3
603	2024-05-22 09:12:11.464+00	74	2INFlicence023 Java Entreprise Edition et Spring boot-Évaluation N°1 JEE-S5 -2023-2024	1	new through import_export	21	3
604	2024-05-22 09:12:11.471+00	73	2INFlicence023 Java Entreprise Edition et Spring boot-Examen JAVA EE Spring boot-S5 -2023-2024	1	new through import_export	21	3
605	2024-05-22 09:12:11.479+00	72	2INFlicence013 Électronique II-Examen-S3 -2023-2024	1	new through import_export	21	3
606	2024-05-22 09:12:11.485+00	71	3INFlicence011 Latex-Examen-S3 -2023-2024	1	new through import_export	21	3
607	2024-05-22 09:12:11.491+00	70	3INFlicence011 Latex-Évaluation Latex-S3 -2023-2024	1	new through import_export	21	3
787	2024-05-30 15:16:53.973+00	66		3		15	3
608	2024-05-22 09:12:11.498+00	69	3INFlicence017 Micro-programmation des ordinateurs-Examen-S3 -2023-2024	1	new through import_export	21	3
609	2024-05-22 09:12:11.504+00	68	5INFlicence014 Langage C-Examen Langage C-S3 -2023-2024	1	new through import_export	21	3
610	2024-05-22 09:12:11.51+00	67	1INFlicence010 Communication en Anglais-Examen English-S3 -2023-2024	1	new through import_export	21	3
611	2024-05-22 09:12:11.517+00	66	1INFlicence001 Anglais-Examen English-S1 -2023-2024	1	new through import_export	21	3
612	2024-05-22 09:12:11.524+00	65	4MATlicence101 Théorie des ensembles-Évaluation Thérorie des Ensembles-S1 -2023-2024	1	new through import_export	21	3
613	2024-05-22 09:12:11.53+00	64	1INFlicence022 Developpement avec le framework Django-Examen-S5 -2023-2024	1	new through import_export	21	3
614	2024-05-22 09:12:11.537+00	63	1INFlicence022 Developpement avec le framework Django-Note TPS-S5 -2023-2024	1	new through import_export	21	3
615	2024-05-22 09:12:11.544+00	62	2INFlicence129 Système d'exploitation-Examen SE-S1 -2023-2024	1	new through import_export	21	3
616	2024-05-22 09:12:11.551+00	61	2INFlicence010 Comptabilité, budget-Examen-S3 -2023-2024	1	new through import_export	21	3
617	2024-05-22 09:12:11.557+00	60	4MATlicence101 Théorie des ensembles-Examen Théories des ensembles-S1 -2023-2024	1	new through import_export	21	3
618	2024-05-22 09:12:11.563+00	59	4INFlicence129 Organisation et comptabilité-Examen Comptabilite-S1 -2023-2024	1	new through import_export	21	3
619	2024-05-22 09:12:11.57+00	58	4INFlicence129 Organisation et comptabilité-Examen-S1 -2023-2024	1	new through import_export	21	3
620	2024-05-22 09:12:11.577+00	57	5INFlicence129 Communication-Examen-S1 -2023-2024	1	new through import_export	21	3
621	2024-05-22 09:12:11.584+00	56	2INFlicence010 Comptabilité, budget-Examen-S3 -2023-2024	1	new through import_export	21	3
622	2024-05-22 09:12:11.59+00	55	2INFlicence129 Expression numérique-Examen-S1 -2023-2024	1	new through import_export	21	3
623	2024-05-22 09:12:11.597+00	54	2INFlicence011 Géométrie-Examen Géométrie-S3 -2023-2024	1	new through import_export	21	3
624	2024-05-22 09:12:11.607+00	53	2INFlicence011 Géométrie-Évaluation N°2 Géométrie-S3 -2023-2024	1	new through import_export	21	3
625	2024-05-22 09:12:11.614+00	52	3MATlicence101 Logique mathématiques-Examen Logique Mathématique-S1 -2023-2024	1	new through import_export	21	3
626	2024-05-22 09:12:11.622+00	51	3MATlicence101 Logique mathématiques-Évaluation N°3 Logique-S1 -2023-2024	1	new through import_export	21	3
627	2024-05-22 09:12:11.629+00	50	2INFlicence014 Programmation Orienté Objet(Java)-POO-S3 -2023-2024	1	new through import_export	21	3
628	2024-05-22 09:12:11.635+00	49	2INFlicence014 Programmation Orienté Objet(Java)-Evaluation N°1-S3 -2023-2024	1	new through import_export	21	3
629	2024-05-22 09:12:11.641+00	46	2INFlicence014 Programmation Orienté Objet(Java)-Examen-S3 -2023-2024	1	new through import_export	21	3
630	2024-05-22 09:12:11.648+00	45	1INFlicence021 Insertion et Responsablité Sociale-Examen IRS-S5 -2023-2024	1	new through import_export	21	3
631	2024-05-22 09:12:11.654+00	44	1INFlicence021 Insertion et Responsablité Sociale-Évaluation N°2 IRS-S5 -2023-2024	1	new through import_export	21	3
632	2024-05-22 09:12:11.661+00	43	1INFlicence021 Insertion et Responsablité Sociale-Évaluation N°1 IRS-S5 -2023-2024	1	new through import_export	21	3
633	2024-05-22 09:12:11.667+00	42	2INFlicence004 Insertion et Responsablité Sociale-Examen IRS-S3 -2023-2024	1	new through import_export	21	3
634	2024-05-22 09:12:11.676+00	41	2INFlicence004 Insertion et Responsablité Sociale-Évaluation N°2 IRS-S3 -2023-2024	1	new through import_export	21	3
635	2024-05-22 09:12:11.683+00	40	2INFlicence004 Insertion et Responsablité Sociale-Évaluation N°1 IRS-S3 -2023-2024	1	new through import_export	21	3
636	2024-05-22 09:12:11.69+00	39	2INFlicence129 Culture Générale-Examen Culture Générale-S1 -2023-2024	1	new through import_export	21	3
637	2024-05-22 09:12:11.698+00	38	2INFlicence129 Culture Générale-Évaluation N°3 Culture Générale-S1 -2023-2024	1	new through import_export	21	3
638	2024-05-22 09:12:11.704+00	37	2INFlicence129 Culture Générale-Évaluation N°2 Culture Générale-S1 -2023-2024	1	new through import_export	21	3
639	2024-05-22 09:12:11.711+00	36	2INFlicence129 Culture Générale-Évaluation N°1 Culture Générale-S1 -2023-2024	1	new through import_export	21	3
640	2024-05-22 09:12:11.717+00	34	3INFlicence014 Base de données 3-Examen-S3 -2023-2024	1	new through import_export	21	3
641	2024-05-22 09:12:11.725+00	33	3INFlicence014 Base de données 3-Evaluation N°1-S3 -2023-2024	1	new through import_export	21	3
642	2024-05-22 09:12:11.732+00	32	1INFlicence012 Service réseau-Évaluation N°2 Service réseau-S3 -2023-2024	1	new through import_export	21	3
643	2024-05-22 09:12:11.74+00	31	1INFlicence012 Service réseau-Évaluation N°1 Service réseau-S3 -2023-2024	1	new through import_export	21	3
644	2024-05-22 09:12:11.747+00	30	1INFlicence012 Service réseau-Examen Service réseau-S3 -2023-2024	1	new through import_export	21	3
645	2024-05-22 09:12:11.753+00	29	4INFlicence014 Traitement des données semi structurées-Examen TDSS-S3 -2023-2024	1	new through import_export	21	3
646	2024-05-22 09:12:11.76+00	28	4INFlicence014 Traitement des données semi structurées-Évaluation N°2 TDSS-S3 -2023-2024	1	new through import_export	21	3
647	2024-05-22 09:12:11.766+00	27	4INFlicence014 Traitement des données semi structurées-Évaluation N°1 TDSS-S3 -2023-2024	1	new through import_export	21	3
648	2024-05-22 09:12:11.773+00	26	2INFlicence013 Électronique II-Évaluation N°2 Electronique II-S3 -2023-2024	1	new through import_export	21	3
649	2024-05-22 09:12:11.78+00	25	2INFlicence013 Électronique II-Évaluation N°1 Electronique II-S3 -2023-2024	1	new through import_export	21	3
650	2024-05-22 09:12:11.787+00	24	1INFlicence014 Programmation Orienté Objet(Python)-Évaluation N°2 POO - Python-S3 -2023-2024	1	new through import_export	21	3
651	2024-05-22 09:12:11.793+00	23	1INFlicence014 Programmation Orienté Objet(Python)-Évaluation N°1 POO - Python-S3 -2023-2024	1	new through import_export	21	3
652	2024-05-22 09:12:11.8+00	22	1INFlicence010 Communication en Anglais-Évaluation N°1 ANG-S3 -2023-2024	1	new through import_export	21	3
653	2024-05-22 09:12:11.807+00	21	2INFlicence011 Géométrie-Évaluation N°1 Géométrie-S3 -2023-2024	1	new through import_export	21	3
654	2024-05-22 09:12:11.814+00	20	1INFlicence011 Théorie des graphes-Évaluation N°1 Théorie des graphes-S3 -2023-2024	1	new through import_export	21	3
655	2024-05-22 09:12:11.82+00	19	5INFlicence014 Langage C-Évaluation  Langage C-S3 -2023-2024	1	new through import_export	21	3
656	2024-05-22 09:12:11.827+00	18	3INFlicence017 Micro-programmation des ordinateurs-Évaluation N°2 Mirco-programmation des ordinateurs-S3 -2023-2024	1	new through import_export	21	3
657	2024-05-22 09:12:11.834+00	17	3INFlicence017 Micro-programmation des ordinateurs-Évaluation N°1 Micro-programmation des ordinateurs-S3 -2023-2024	1	new through import_export	21	3
658	2024-05-22 09:12:11.84+00	16	1INFlicence001 Anglais-Évaluation N°1 ANG-S1 -2023-2024	1	new through import_export	21	3
659	2024-05-22 09:12:11.847+00	14	3MATlicence101 Logique mathématiques-Évaluation N°1 Logique mathématique-S1 -2023-2024	1	new through import_export	21	3
660	2024-05-22 09:12:11.855+00	13	2INFlicence129 Système d'exploitation-Évaluation N°3 SE-S1 -2023-2024	1	new through import_export	21	3
661	2024-05-22 09:12:11.862+00	12	2INFlicence129 Système d'exploitation-Évaluation N°2 SE-S1 -2023-2024	1	new through import_export	21	3
662	2024-05-22 09:12:11.868+00	11	2INFlicence129 Système d'exploitation-Évaluation N°1 SE-S1 -2023-2024	1	new through import_export	21	3
663	2024-05-22 09:12:11.875+00	9	5INFlicence129 Matériel et maintenance-Examen Matériels et Maintenance-S1 -2023-2024	1	new through import_export	21	3
664	2024-05-22 09:12:11.882+00	8	1MATlicence101 Algèbre relationnel-Evaluation Finale AR-S1 -2023-2024	1	new through import_export	21	3
665	2024-05-22 09:12:11.889+00	7	1INF1029 Base de données 1-Evaluation N°2-S1 -2023-2024	1	new through import_export	21	3
666	2024-05-22 09:12:11.895+00	6	1INF1029 Base de données 1-Evaluation N°1-S1 -2023-2024	1	new through import_export	21	3
667	2024-05-22 09:12:11.902+00	5	1INF1029 Base de données 1-Examen BD-S1 -2023-2024	1	new through import_export	21	3
668	2024-05-22 09:12:11.909+00	4	5INFlicence129 Matériel et maintenance-Évaluation Matériels et Maintenance-S1 -2023-2024	1	new through import_export	21	3
669	2024-05-22 09:12:11.916+00	3	2INF1029 Données Algorithme Programmation-Évaluation N°2 DAP-S1 -2023-2024	1	new through import_export	21	3
670	2024-05-22 09:12:11.923+00	2	2INF1029 Données Algorithme Programmation-Évaluation N°1 DAP-S1 -2023-2024	1	new through import_export	21	3
671	2024-05-22 09:12:11.931+00	1	2INF1029 Données Algorithme Programmation-Examen (DAP)-S1 -2023-2024	1	new through import_export	21	3
672	2024-05-29 15:23:27.278+00	15	djimissakokouwamaetudiant	2	[{"changed": {"fields": ["Username"]}}]	4	3
673	2024-05-29 15:23:49.201+00	15	djimissakokouwamaenseignant	2	[{"changed": {"fields": ["Username"]}}]	4	3
674	2024-05-29 15:24:31.688+00	14	touremouhariabdoul-haqenseignant	2	[{"changed": {"fields": ["Username"]}}]	4	3
675	2024-05-29 15:25:02.875+00	140	nondoouessoronda	3		4	3
676	2024-05-29 15:27:30.74+00	141	nondoouessoronda	3		4	3
677	2024-05-29 15:27:55.137+00	66	pakondemazaloucélia	3		4	3
678	2024-05-29 15:28:25+00	76	simlewaessohanam	3		4	3
679	2024-05-29 15:28:49.056+00	77	youssifmohamadhassane	3		4	3
680	2024-05-30 07:33:29.147+00	BT202401	BABA Traore Hannatou	2	[{"changed": {"fields": ["Carte d'identit\\u00e9", "Semestres"]}}]	14	3
681	2024-05-30 07:40:51.997+00	BF202404	BAH-TOURE Fatiha	2	[{"changed": {"fields": ["Carte d'identit\\u00e9", "Semestres"]}}]	14	3
682	2024-05-30 08:01:26.904+00	AT202405	ADOM Tadjoudine	2	[{"changed": {"fields": ["Semestres"]}}]	14	3
683	2024-05-30 08:16:38.815+00	AM202201	AKOH N’DJARMA Mouhamede Sawanatou	2	[{"changed": {"fields": ["Semestres"]}}]	14	3
684	2024-05-30 08:17:00.944+00	AM202202	ALASSANI Moustabchira	2	[{"changed": {"fields": ["Semestres"]}}]	14	3
685	2024-05-30 08:17:14.709+00	BK202204	BATAYA Kpatonga Crépin	2	[{"changed": {"fields": ["Semestres"]}}]	14	3
686	2024-05-30 08:17:31.94+00	BF202205	BEVERI Farida	2	[{"changed": {"fields": ["Semestres"]}}]	14	3
687	2024-05-30 08:18:20.237+00	DA202113	DEGBEBIA Aïmane	2	[{"changed": {"fields": ["Semestres"]}}]	14	3
688	2024-05-30 08:18:52.871+00	DF202117	DERMAN Fad	2	[{"changed": {"fields": ["Semestres"]}}]	14	3
689	2024-05-30 08:20:00.134+00	DR202206	DJODI Rachad	2	[{"changed": {"fields": ["Semestres"]}}]	14	3
690	2024-05-30 08:20:16.918+00	DR202206	DJODI Rachad	2	[{"changed": {"fields": ["Semestres"]}}]	14	3
691	2024-05-30 08:20:30.214+00	GN202207	GOUNTANDI Nabila	2	[{"changed": {"fields": ["Semestres"]}}]	14	3
692	2024-05-30 08:21:18.344+00	GD202208	GUEMA Dindja	2	[{"changed": {"fields": ["Semestres"]}}]	14	3
693	2024-05-30 08:21:37.432+00	MY202209	MANGBA Yet-nam Bénédicta	2	[{"changed": {"fields": ["Semestres"]}}]	14	3
694	2024-05-30 08:21:58.168+00	ME202210	MAYOU Essolizam Patrik	2	[{"changed": {"fields": ["Semestres"]}}]	14	3
695	2024-05-30 08:22:15.798+00	OI202211	OURO-BODI Islam	2	[{"changed": {"fields": ["Semestres"]}}]	14	3
696	2024-05-30 08:22:32.906+00	SS202212	SANKARA Sarata	2	[{"changed": {"fields": ["Semestres"]}}]	14	3
697	2024-05-30 08:22:54.225+00	TE202114	TABATE Essowedeo	2	[{"changed": {"fields": ["Semestres"]}}]	14	3
698	2024-05-30 08:23:08.168+00	TW202213	TAKPAA Wella Gilbert	2	[{"changed": {"fields": ["Semestres"]}}]	14	3
699	2024-05-30 08:23:21.767+00	TT202215	TOURE Chabane	2	[{"changed": {"fields": ["Semestres"]}}]	14	3
700	2024-05-30 08:23:39.823+00	TF202108	TOYI François Krami	2	[{"changed": {"fields": ["Semestres"]}}]	14	3
701	2024-05-30 08:23:53.492+00	YZ202217	YAKOUBOU Zina	2	[{"changed": {"fields": ["Semestres"]}}]	14	3
702	2024-05-30 08:30:11.839+00	99	mangbayet-nambénédicta	2	[{"changed": {"fields": ["Username", "First name", "Email address"]}}]	4	3
703	2024-05-30 08:32:00.78+00	105	tourechabane	2	[{"changed": {"fields": ["Username", "First name", "Email address"]}}]	4	3
704	2024-05-30 09:13:27.597+00	AB202101	AMONA Birewa Audrey	2	[{"changed": {"fields": ["Semestres"]}}]	14	3
705	2024-05-30 09:14:33.381+00	BA201902	BESSAN-GANVIO Amewunu Edouard	2	[{"changed": {"fields": ["Semestres"]}}]	14	3
706	2024-05-30 09:15:04.124+00	EK202118	EKLOU Kokou Fidèle	2	[{"changed": {"fields": ["Contact", "Adresse", "Carte d'identit\\u00e9", "Semestres"]}}]	14	3
707	2024-05-30 09:15:43.046+00	KD202112	KOUTEMA Ditoma	2	[{"changed": {"fields": ["Contact", "Adresse", "Carte d'identit\\u00e9", "Semestres"]}}]	14	3
708	2024-05-30 09:16:06.017+00	KM202107	KUMENA M’Ba Roland	2	[{"changed": {"fields": ["Contact", "Adresse", "Carte d'identit\\u00e9", "Semestres"]}}]	14	3
709	2024-05-30 09:16:48.325+00	LF202102	LANGOE Fahouzia	2	[{"changed": {"fields": ["Adresse", "Carte d'identit\\u00e9", "Semestres"]}}]	14	3
710	2024-05-30 09:17:10.096+00	OT202103	OGBONE Tamimou Fayssol	2	[{"changed": {"fields": ["Contact", "Adresse", "Carte d'identit\\u00e9", "Semestres"]}}]	14	3
711	2024-05-30 09:17:39.643+00	OC202009	OGBONE INOUSSA Chérifa	2	[{"changed": {"fields": ["Semestres"]}}]	14	3
712	2024-05-30 09:18:01.038+00	SD202110	SOKA Dissima	2	[{"changed": {"fields": ["Contact", "Adresse", "Carte d'identit\\u00e9", "Semestres"]}}]	14	3
713	2024-05-30 09:18:19.65+00	TA202012	TCHASSEI Abdoul Baki	2	[{"changed": {"fields": ["Semestres"]}}]	14	3
714	2024-05-30 09:18:49.586+00	TA202111	TCHABANA Abdoul Hafizh	2	[{"changed": {"fields": ["Adresse", "Carte d'identit\\u00e9", "Semestres"]}}]	14	3
715	2024-05-30 09:19:16.776+00	ZI202106	ZATO ZAKARI Ibrahim	2	[{"changed": {"fields": ["Contact", "Adresse", "Carte d'identit\\u00e9", "Semestres"]}}]	14	3
788	2024-05-30 15:16:53.979+00	65		3		15	3
716	2024-05-30 11:08:31.757+00	261	1INF1029 Base de données 1-Examen BD-S1 -2023-2024	2	[{"changed": {"fields": ["Pond\\u00e9ration (1-100)"]}}]	21	3
717	2024-05-30 11:08:42.608+00	262	1INF1029 Base de données 1-Evaluation N°1-S1 -2023-2024	2	[{"changed": {"fields": ["Pond\\u00e9ration (1-100)"]}}]	21	3
718	2024-05-30 11:08:52.711+00	263	1INF1029 Base de données 1-Evaluation N°2-S1 -2023-2024	2	[{"changed": {"fields": ["Pond\\u00e9ration (1-100)"]}}]	21	3
719	2024-05-30 12:16:19.866+00	264	1INFlicence001 Anglais-Évaluation N°1 ANG-S1 -2023-2024	2	[{"changed": {"fields": ["Pond\\u00e9ration (1-100)"]}}]	21	3
720	2024-05-30 12:16:46.381+00	265	1INFlicence001 Anglais-Examen English-S1 -2023-2024	2	[{"changed": {"fields": ["Pond\\u00e9ration (1-100)"]}}]	21	3
721	2024-05-30 12:17:09.542+00	266	1INFlicence001 Anglais-Rattrapage Anglais-S1 -2023-2024	2	[{"changed": {"fields": ["Rattrapage"]}}]	21	3
722	2024-05-30 12:19:47.136+00	267	2INF1029 Données Algorithme Programmation-Examen (DAP)-S1 -2023-2024	2	[{"changed": {"fields": ["Pond\\u00e9ration (1-100)"]}}]	21	3
723	2024-05-30 12:19:59.689+00	268	2INF1029 Données Algorithme Programmation-Évaluation N°1 DAP-S1 -2023-2024	2	[{"changed": {"fields": ["Pond\\u00e9ration (1-100)"]}}]	21	3
724	2024-05-30 12:20:16.094+00	269	2INF1029 Données Algorithme Programmation-Évaluation N°2 DAP-S1 -2023-2024	2	[{"changed": {"fields": ["Pond\\u00e9ration (1-100)"]}}]	21	3
725	2024-05-30 12:20:28.743+00	270	2INF1029 Données Algorithme Programmation-Rattrapage DAP Python-S1 -2023-2024	2	[{"changed": {"fields": ["Rattrapage"]}}]	21	3
726	2024-05-30 12:21:36.871+00	272	2INFlicence129 Système d'exploitation-Évaluation N°1 SE-S1 -2023-2024	2	[{"changed": {"fields": ["Pond\\u00e9ration (1-100)"]}}]	21	3
727	2024-05-30 12:21:52.829+00	273	2INFlicence129 Système d'exploitation-Évaluation N°2 SE-S1 -2023-2024	2	[{"changed": {"fields": ["Pond\\u00e9ration (1-100)"]}}]	21	3
728	2024-05-30 12:22:05.558+00	274	2INFlicence129 Système d'exploitation-Évaluation N°3 SE-S1 -2023-2024	2	[{"changed": {"fields": ["Pond\\u00e9ration (1-100)"]}}]	21	3
729	2024-05-30 12:22:19.445+00	275	2INFlicence129 Système d'exploitation-Examen SE-S1 -2023-2024	2	[{"changed": {"fields": ["Pond\\u00e9ration (1-100)"]}}]	21	3
730	2024-05-30 12:22:57.559+00	276	2INFlicence129 Culture Générale-Évaluation N°1 Culture Générale-S1 -2023-2024	2	[{"changed": {"fields": ["Pond\\u00e9ration (1-100)"]}}]	21	3
731	2024-05-30 12:23:12.038+00	277	2INFlicence129 Culture Générale-Évaluation N°2 Culture Générale-S1 -2023-2024	2	[{"changed": {"fields": ["Pond\\u00e9ration (1-100)"]}}]	21	3
732	2024-05-30 12:23:26.275+00	278	2INFlicence129 Culture Générale-Évaluation N°3 Culture Générale-S1 -2023-2024	2	[{"changed": {"fields": ["Pond\\u00e9ration (1-100)"]}}]	21	3
733	2024-05-30 12:23:48.841+00	279	2INFlicence129 Culture Générale-Examen Culture Générale-S1 -2023-2024	2	[{"changed": {"fields": ["Pond\\u00e9ration (1-100)"]}}]	21	3
734	2024-05-30 12:24:03.605+00	280	2INFlicence129 Culture Générale-Rattrapage Culture générale-S1 -2023-2024	2	[{"changed": {"fields": ["Rattrapage"]}}]	21	3
735	2024-05-30 12:24:59.347+00	281	3MATlicence101 Logique mathématiques-Évaluation N°1 Logique mathématique-S1 -2023-2024	2	[{"changed": {"fields": ["Pond\\u00e9ration (1-100)"]}}]	21	3
736	2024-05-30 12:25:23.449+00	282	3MATlicence101 Logique mathématiques-Évaluation N°3 Logique-S1 -2023-2024	2	[{"changed": {"fields": ["Pond\\u00e9ration (1-100)"]}}]	21	3
737	2024-05-30 12:25:36.239+00	283	3MATlicence101 Logique mathématiques-Examen Logique Mathématique-S1 -2023-2024	2	[{"changed": {"fields": ["Pond\\u00e9ration (1-100)"]}}]	21	3
738	2024-05-30 12:26:44.704+00	285	4INFlicence129 Organisation et comptabilité-Examen-S1 -2023-2024	2	[{"changed": {"fields": ["Pond\\u00e9ration (1-100)"]}}]	21	3
739	2024-05-30 12:27:04.799+00	286	4INFlicence129 Organisation et comptabilité-Examen Comptabilite-S1 -2023-2024	2	[{"changed": {"fields": ["Pond\\u00e9ration (1-100)"]}}]	21	3
740	2024-05-30 12:27:34.33+00	287	4INFlicence129 Organisation et comptabilité-Rattrapage OC-S1 -2023-2024	2	[{"changed": {"fields": ["Rattrapage"]}}]	21	3
741	2024-05-30 12:28:22.16+00	288	4MATlicence101 Théorie des ensembles-Examen Théories des ensembles-S1 -2023-2024	2	[{"changed": {"fields": ["Pond\\u00e9ration (1-100)"]}}]	21	3
742	2024-05-30 12:28:36.371+00	289	4MATlicence101 Théorie des ensembles-Évaluation Thérorie des Ensembles-S1 -2023-2024	2	[{"changed": {"fields": ["Pond\\u00e9ration (1-100)"]}}]	21	3
743	2024-05-30 12:29:17.544+00	290	5INFlicence129 Matériel et maintenance-Évaluation Matériels et Maintenance-S1 -2023-2024	2	[{"changed": {"fields": ["Pond\\u00e9ration (1-100)"]}}]	21	3
744	2024-05-30 12:29:31.577+00	291	5INFlicence129 Matériel et maintenance-Examen Matériels et Maintenance-S1 -2023-2024	2	[{"changed": {"fields": ["Pond\\u00e9ration (1-100)"]}}]	21	3
745	2024-05-30 15:11:53.113+00	1	Solde actuel : 0.00	3		8	3
746	2024-05-30 15:15:38.952+00	109	DADO Koffi Jean Socrate  Solde - 2023-2024 : 0.00	3		15	3
747	2024-05-30 15:15:43.992+00	107	DEGEBIAAïmane  Solde - 2023-2024 : 0.00	3		15	3
748	2024-05-30 15:15:47.825+00	106	TCHABITCHOUSoumeyatou  Solde - 2023-2024 : 0.00	3		15	3
749	2024-05-30 15:15:51.654+00	105	SOGBEDJIKomlan Tsègnon  Solde - 2023-2024 : 0.00	3		15	3
750	2024-05-30 15:15:55.902+00	104	YOUSSIFMohamad Hassane  Solde - 2023-2024 : 0.00	3		15	3
751	2024-05-30 15:16:01.15+00	103	SIMLEWAEssohanam  Solde - 2023-2024 : 0.00	3		15	3
752	2024-05-30 15:16:04.835+00	102	PAKONDEMazalou Célia  Solde - 2023-2024 : 0.00	3		15	3
753	2024-05-30 15:16:08.495+00	101	NONDOOUEssoronda  Solde - 2023-2024 : 0.00	3		15	3
754	2024-05-30 15:16:12.368+00	100	TOURE MOUHARIAbdoul-haq  Solde - 2023-2024 : 0.00	3		15	3
755	2024-05-30 15:16:15.988+00	99	DJIMISSAKokou Wama  Solde - 2023-2024 : 0.00	3		15	3
756	2024-05-30 15:16:53.793+00	98		3		15	3
757	2024-05-30 15:16:53.798+00	97		3		15	3
758	2024-05-30 15:16:53.805+00	96		3		15	3
759	2024-05-30 15:16:53.81+00	95		3		15	3
760	2024-05-30 15:16:53.814+00	94		3		15	3
761	2024-05-30 15:16:53.819+00	93		3		15	3
762	2024-05-30 15:16:53.824+00	92		3		15	3
763	2024-05-30 15:16:53.829+00	91		3		15	3
764	2024-05-30 15:16:53.833+00	90		3		15	3
765	2024-05-30 15:16:53.838+00	89		3		15	3
766	2024-05-30 15:16:53.843+00	88		3		15	3
767	2024-05-30 15:16:53.848+00	87		3		15	3
768	2024-05-30 15:16:53.852+00	86		3		15	3
769	2024-05-30 15:16:53.859+00	85		3		15	3
770	2024-05-30 15:16:53.864+00	84		3		15	3
771	2024-05-30 15:16:53.869+00	83		3		15	3
772	2024-05-30 15:16:53.873+00	82		3		15	3
773	2024-05-30 15:16:53.879+00	81		3		15	3
774	2024-05-30 15:16:53.883+00	80		3		15	3
775	2024-05-30 15:16:53.894+00	79		3		15	3
776	2024-05-30 15:16:53.903+00	78		3		15	3
777	2024-05-30 15:16:53.908+00	77		3		15	3
778	2024-05-30 15:16:53.915+00	76		3		15	3
779	2024-05-30 15:16:53.921+00	75		3		15	3
789	2024-05-30 15:16:53.984+00	64		3		15	3
790	2024-05-30 15:16:53.996+00	63		3		15	3
791	2024-05-30 15:16:54.005+00	62		3		15	3
792	2024-05-30 15:16:54.013+00	61		3		15	3
793	2024-05-30 15:16:54.02+00	60		3		15	3
794	2024-05-30 15:16:54.028+00	59		3		15	3
795	2024-05-30 15:16:54.035+00	58		3		15	3
796	2024-05-30 15:16:54.045+00	57		3		15	3
797	2024-05-30 15:16:54.053+00	56		3		15	3
798	2024-05-30 15:16:54.062+00	55		3		15	3
799	2024-05-30 15:16:54.069+00	54		3		15	3
800	2024-05-30 15:16:54.077+00	53		3		15	3
801	2024-05-30 15:16:54.086+00	52		3		15	3
802	2024-05-30 15:16:54.093+00	51		3		15	3
803	2024-05-30 15:16:54.099+00	50		3		15	3
804	2024-05-30 15:16:54.109+00	49		3		15	3
805	2024-05-30 15:16:54.116+00	48		3		15	3
806	2024-05-30 15:16:54.123+00	47		3		15	3
807	2024-05-30 15:16:54.131+00	46		3		15	3
808	2024-05-30 15:16:54.138+00	45		3		15	3
809	2024-05-30 15:16:54.146+00	44		3		15	3
810	2024-05-30 15:16:54.154+00	43		3		15	3
811	2024-05-30 15:16:54.161+00	42		3		15	3
812	2024-05-30 15:16:54.168+00	41		3		15	3
813	2024-05-30 15:16:54.176+00	40		3		15	3
814	2024-05-30 15:16:54.184+00	38		3		15	3
815	2024-05-30 15:16:54.191+00	37		3		15	3
816	2024-05-30 15:16:54.199+00	36		3		15	3
817	2024-05-30 15:16:54.206+00	35		3		15	3
818	2024-05-30 15:16:54.214+00	34		3		15	3
819	2024-05-30 15:16:54.22+00	33		3		15	3
820	2024-05-30 15:16:54.229+00	32		3		15	3
821	2024-05-30 15:16:54.235+00	31		3		15	3
822	2024-05-30 15:16:54.242+00	30		3		15	3
823	2024-05-30 15:16:54.249+00	29		3		15	3
824	2024-05-30 15:16:54.256+00	28		3		15	3
825	2024-05-30 15:16:54.263+00	27		3		15	3
826	2024-05-30 15:16:54.27+00	26		3		15	3
827	2024-05-30 15:16:54.279+00	25		3		15	3
828	2024-05-30 15:16:54.288+00	24		3		15	3
829	2024-05-30 15:16:54.297+00	23		3		15	3
830	2024-05-30 15:16:54.305+00	22		3		15	3
831	2024-05-30 15:16:54.313+00	21		3		15	3
832	2024-05-30 15:16:54.32+00	20		3		15	3
833	2024-05-30 15:16:54.329+00	19		3		15	3
834	2024-05-30 15:16:54.335+00	18		3		15	3
835	2024-05-30 15:16:54.342+00	17		3		15	3
836	2024-05-30 15:16:54.349+00	16		3		15	3
837	2024-05-30 15:16:54.356+00	15		3		15	3
838	2024-05-30 15:16:54.363+00	14		3		15	3
839	2024-05-30 15:16:54.37+00	13		3		15	3
840	2024-05-30 15:16:54.38+00	12		3		15	3
841	2024-05-30 15:16:54.392+00	11		3		15	3
842	2024-05-30 15:16:54.401+00	10		3		15	3
843	2024-05-30 15:16:54.412+00	9		3		15	3
844	2024-05-30 15:16:54.419+00	8		3		15	3
845	2024-05-30 15:16:54.429+00	7		3		15	3
846	2024-05-30 15:16:54.436+00	6		3		15	3
847	2024-05-30 15:16:54.447+00	5		3		15	3
848	2024-05-30 15:16:54.453+00	4		3		15	3
849	2024-05-30 15:16:54.46+00	3		3		15	3
850	2024-05-30 15:16:54.465+00	2		3		15	3
851	2024-05-30 15:16:54.47+00	1		3		15	3
852	2024-06-01 12:34:46.383+00	152	amk	2	[{"changed": {"fields": ["Groups"]}}]	4	152
853	2024-06-05 13:19:17.867+00	PM202015	PAKONDE Mazalou Célia	2	[{"changed": {"fields": ["Adresse", "Carte d'identit\\u00e9", "Semestres"]}}]	14	3
854	2024-07-30 13:38:21.863+00	21	HEGRA Bekoumouda	2	[{"changed": {"fields": ["Pr\\u00e9nom"]}}]	24	3
855	2024-07-30 13:40:51.969+00	133	hegrabekoumouda	3		4	3
856	2024-07-30 13:41:15.305+00	132	hegrabekoumouda	2	[{"changed": {"fields": ["Groups", "Username", "Last name"]}}]	4	3
857	2024-09-26 10:29:20.973+00	DA202118	DEGEBIA Aïmane	3		14	3
858	2024-09-26 10:32:31.54+00	DA202113	DEGBEBIA Aïmane	2	[{"changed": {"fields": ["Semestres"]}}]	14	3
859	2024-09-26 10:34:02.51+00	BT202401	BABA Traore Hannatou	2	[{"changed": {"fields": ["Semestres"]}}]	14	3
860	2024-09-30 10:35:39.912+00	OC202009	OGBONE INOUSSA Chérifa	2	[{"changed": {"fields": ["Semestres"]}}]	14	3
861	2024-09-30 10:37:13.554+00	TF202403	TEOURI Fridaouss	2	[{"changed": {"fields": ["Carte d'identit\\u00e9", "Semestres"]}}]	14	3
862	2024-09-30 10:38:08.355+00	PM202015	PAKONDE Mazalou Célia	2	[{"changed": {"fields": ["Semestres"]}}]	14	3
863	2024-09-30 10:39:06.893+00	TA202012	TCHASSEI Abdoul Baki	2	[{"changed": {"fields": ["Semestres"]}}]	14	3
864	2024-09-30 10:39:50.119+00	BF202404	BAH-TOURE Fatiha	2	[{"changed": {"fields": ["Semestres"]}}]	14	3
865	2024-09-30 10:44:27.403+00	KM201610	KOUMOI MOUHAMAM Sani	2	[{"changed": {"fields": ["Nom", "Pr\\u00e9nom", "Adresse", "Carte d'identit\\u00e9", "Semestres"]}}]	14	3
866	2024-09-30 10:45:18.285+00	NE202014	NONDOOU Essoronda	2	[{"changed": {"fields": ["Carte d'identit\\u00e9", "Semestres"]}}]	14	3
867	2024-09-30 12:44:25.885+00	SK202116	SOGBEDJI Komlan Tsègnon	3		14	3
868	2024-10-08 08:50:04.204+00	TW201907	TCHASSONA TRAORE Walid	2	[{"changed": {"fields": ["Date de naissance", "Adresse", "Carte d'identit\\u00e9", "Semestres"]}}]	14	3
869	2024-10-26 12:49:20.251+00	155	root	2	[{"changed": {"fields": ["Groups"]}}]	4	155
870	2024-10-26 12:49:59.895+00	155	root	2	[{"changed": {"fields": ["User permissions"]}}]	4	155
871	2024-10-30 11:50:03.575+00	155	root	2	[{"changed": {"fields": ["Groups"]}}]	4	155
872	2024-10-31 07:31:47.446+00	24	AMIDOU ABDOU-RAOUFOU	2	[{"changed": {"fields": ["Type"]}}]	11	155
873	2024-11-14 10:12:12.842+00	S2-2024	S2-2024-2025	1	[{"added": {}}]	28	155
874	2024-11-14 10:12:32.494+00	S3-2024	S3-2024-2025	1	[{"added": {}}]	28	155
875	2024-11-14 10:12:44.306+00	S4-2024	S4-2024-2025	1	[{"added": {}}]	28	155
876	2024-11-14 10:12:54.653+00	S5-2024	S5-2024-2025	1	[{"added": {}}]	28	155
877	2024-11-14 10:13:02.641+00	S6-2024	S6-2024-2025	1	[{"added": {}}]	28	155
878	2024-12-10 07:59:06.04+00	BA201902	BESSAN-GANVIO Amewunu Edouard	2	[{"changed": {"fields": ["Semestres"]}}]	14	3
879	2024-12-10 11:25:54.377+00	AE202001	ADJANAYO Eritayo Simone	2	[{"changed": {"fields": ["Semestres"]}}]	14	3
880	2024-12-10 11:30:18.464+00	AA202002	ALASSAN Afez	2	[{"changed": {"fields": ["Adresse", "Carte d'identit\\u00e9", "Semestres"]}}]	14	3
881	2024-12-10 11:31:50.445+00	IM202003	ISSA TOURE Mohamed Abdel-Aziz	2	[{"changed": {"fields": ["Semestres"]}}]	14	3
882	2024-12-10 11:40:09.65+00	KA202004	KONDI Adboul Malik	2	[{"changed": {"fields": ["Adresse", "Carte d'identit\\u00e9", "Semestres"]}}]	14	3
883	2024-12-10 11:42:26.189+00	KK202005	KPABOU Koussoune Isidore	2	[{"changed": {"fields": ["Semestres"]}}]	14	3
884	2024-12-10 11:43:52.9+00	NA202007	NGANDEU NDJEUKAM Alhasan	2	[{"changed": {"fields": ["Semestres"]}}]	14	3
885	2024-12-10 11:52:13.972+00	TM202011	TCHABANA Malia	2	[{"changed": {"fields": ["Adresse", "Carte d'identit\\u00e9", "Semestres"]}}]	14	3
886	2024-12-10 12:17:47.156+00	TA202012	TCHASSEI Abdoul Baki	2	[{"changed": {"fields": ["Semestres"]}}]	14	3
887	2024-12-10 17:32:24.9+00	TT202015	TEOURI Touré-Ydaou Amadou	2	[{"changed": {"fields": ["Semestres"]}}]	14	3
888	2024-12-10 17:33:44.229+00	TS202014	TEOURI Samrou Ablaye	2	[{"changed": {"fields": ["Semestres"]}}]	14	3
889	2024-12-10 17:35:44.934+00	TF202016	TOYI Fabrice Anénafoua	2	[{"changed": {"fields": ["Adresse", "Carte d'identit\\u00e9", "Semestres"]}}]	14	3
890	2024-12-10 17:37:33.776+00	OA201906	OUPERE N'SEWA Ahlimou	2	[{"changed": {"fields": ["Semestres"]}}]	14	3
891	2024-12-11 07:51:11.951+00	21	INF15141 Approche micro-service	2	[{"changed": {"fields": ["Annee universitaire"]}}]	29	3
892	2024-12-11 07:51:38.243+00	22	ORG1509 Droit, éthique et responsabilité sociale des entreprises	2	[{"changed": {"fields": ["Annee universitaire"]}}]	29	3
893	2024-12-11 07:51:51.129+00	23	INF15141 Conception et développement des logiciels	2	[{"changed": {"fields": ["Annee universitaire"]}}]	29	3
894	2024-12-11 07:52:12.138+00	24	INF15141 Déploiement des applications web	2	[{"changed": {"fields": ["Annee universitaire"]}}]	29	3
895	2025-01-02 11:50:25.237+00	AF202413	ADJEBADJA Abdoul ChakourII	3		14	3
896	2025-02-01 11:29:50.575956+00	187	STAGIAIRE STAGIAIRE	1	[{"added": {}}]	29	3
897	2025-02-01 11:32:54.924386+00	21	Licence Genie Logiciel-S5-2024-2025	2	[{"changed": {"fields": ["UE"]}}]	32	3
898	2025-02-01 11:34:17.682125+00	21	Licence Genie Logiciel-S5-2024-2025	2	[{"changed": {"fields": ["UE"]}}]	32	3
899	2025-02-08 15:31:01.10879+00	6	gardien	1	[{"added": {}}]	3	3
900	2025-02-18 08:18:44.670933+00	301	3COM1014 English for IT	2	[{"changed": {"fields": ["Actif"]}}]	18	3
901	2025-02-27 10:59:53.552155+00	187	STAGIAIRE STAGIAIRE	3		29	3
902	2025-02-27 11:09:36.624764+00	170	INF15143 UE Libre 2	3		29	3
903	2025-02-27 11:10:13.348965+00	183	INF15143 UE Libre 2	2	[{"changed": {"fields": ["Libelle"]}}]	29	3
904	2025-02-27 11:21:17.102403+00	636	1INF10131 Technologies émergentes Docker-Partiel Docker-S5-2024-2025	2	[{"changed": {"fields": ["Matiere"]}}]	21	3
\.


--
-- Data for Name: django_content_type; Type: TABLE DATA; Schema: public; Owner: gestion_ifnti_user
--

COPY public.django_content_type (id, app_label, model) FROM stdin;
1	admin	logentry
2	auth	permission
3	auth	group
4	auth	user
5	contenttypes	contenttype
6	sessions	session
7	main	anneeuniversitaire
8	main	comptebancaire
9	main	correspondancemaquette
10	main	domaine
11	main	enseignant
12	main	parametre
13	main	tuteur
14	main	etudiant
15	main	compteetudiant
16	main	fournisseur
17	main	frais
18	main	matiere
19	main	information
20	main	fichedepaie
21	main	evaluation
22	main	note
23	main	parcours
24	main	personnel
25	main	paiement
26	main	conge
27	main	charge
28	main	semestre
29	main	ue
30	main	competence
31	main	versmentsalaire
32	main	programme
33	planning	planning
34	planning	seanceplannifier
35	cahier_de_texte	seance
\.


--
-- Data for Name: django_migrations; Type: TABLE DATA; Schema: public; Owner: gestion_ifnti_user
--

COPY public.django_migrations (id, app, name, applied) FROM stdin;
1	contenttypes	0001_initial	2025-01-27 16:45:48.768212+00
2	auth	0001_initial	2025-01-27 16:45:49.578407+00
3	admin	0001_initial	2025-01-27 16:45:49.688585+00
4	admin	0002_logentry_remove_auto_add	2025-01-27 16:45:49.725389+00
5	admin	0003_logentry_add_action_flag_choices	2025-01-27 16:45:49.750375+00
6	contenttypes	0002_remove_content_type_name	2025-01-27 16:45:49.795372+00
7	auth	0002_alter_permission_name_max_length	2025-01-27 16:45:49.818249+00
8	auth	0003_alter_user_email_max_length	2025-01-27 16:45:49.843878+00
9	auth	0004_alter_user_username_opts	2025-01-27 16:45:49.869692+00
10	auth	0005_alter_user_last_login_null	2025-01-27 16:45:49.892521+00
11	auth	0006_require_contenttypes_0002	2025-01-27 16:45:49.905439+00
12	auth	0007_alter_validators_add_error_messages	2025-01-27 16:45:49.925267+00
13	auth	0008_alter_user_username_max_length	2025-01-27 16:45:49.964064+00
14	auth	0009_alter_user_last_name_max_length	2025-01-27 16:45:49.991512+00
15	auth	0010_alter_group_name_max_length	2025-01-27 16:45:50.018164+00
16	auth	0011_update_proxy_permissions	2025-01-27 16:45:50.041708+00
17	auth	0012_alter_user_first_name_max_length	2025-01-27 16:45:50.062454+00
18	main	0001_initial	2025-01-27 16:45:52.090323+00
19	sessions	0001_initial	2025-01-27 16:45:52.172417+00
34	planning	0001_initial	2025-02-18 08:22:46.278388+00
35	planning	0002_remove_seanceplannifier_matiere	2025-02-18 18:24:00.269873+00
36	cahier_de_texte	0001_initial	2025-02-18 18:24:00.658439+00
\.


--
-- Data for Name: django_session; Type: TABLE DATA; Schema: public; Owner: gestion_ifnti_user
--

COPY public.django_session (session_key, session_data, expire_date) FROM stdin;
e2sn0an8wzp2t6vz2xatsrupcizy2zse	eyJpZF9hbm5lZV9zZWxlY3Rpb25uZWUiOjEyfQ:1twkex:vVAzYy2CJG0XM4CUIqrj2W13fy11j5-BAz5LcoNdw-E	2025-04-07 16:28:19.429124+00
003o1gtieobddp6dyku1sn0g1wjjia1d	eyJpZF9hbm5lZV9zZWxlY3Rpb25uZWUiOjEyfQ:1sonhh:G-qmr2FbCeiwleUYRgTYUsqqYBqR8HiY7NHxasLR3y0	2024-09-26 17:34:01.792+00
00jpowxogj9x8b8ye5vpc73i98bt7omw	eyJpZF9hbm5lZV9zZWxlY3Rpb25uZWUiOjEyfQ:1t4gF9:RhsRXcuBCIq7pWvfqslIbhMyTyX80jbecJxjwgTWqT4	2024-11-09 12:50:11.729+00
00owvy65k914xrcmnd6o0guwbc0zz9w7	eyJpZF9hbm5lZV9zZWxlY3Rpb25uZWUiOjEyfQ:1st2ay:2eJQROGZIRGzWAuyKA7MPjAcTpxij0vNUOOrH3YzsNw	2024-10-08 10:16:36.427+00
01zhkk81t2t3myg8eu5rue8fdudjiz51	eyJpZF9hbm5lZV9zZWxlY3Rpb25uZWUiOjEyfQ:1sonhh:G-qmr2FbCeiwleUYRgTYUsqqYBqR8HiY7NHxasLR3y0	2024-09-26 17:34:01.033+00
06h2syg16lhjvmbopqulwyoeou0u9hlc	eyJpZF9hbm5lZV9zZWxlY3Rpb25uZWUiOjEyfQ:1srcHR:Goly6WlYMsW8eEl29NoQOZ3TnuDqUuMpr48_NOZ8WeE	2024-10-04 11:58:33.135+00
0d6qufvttof0nyaz55eb6ebpfzxz4hms	eyJpZF9hbm5lZV9zZWxlY3Rpb25uZWUiOjEyfQ:1t13vv:2pNAmmhWG32wI9f_0zASyie8Qk97ENFAn0ukvoMntqs	2024-10-30 13:19:23.535+00
0g8yof197t8nkgfkcki9w7jab5ucnhiq	eyJpZF9hbm5lZV9zZWxlY3Rpb25uZWUiOjEyfQ:1smUvO:Y1U1G3o0_BTYIEeHL0x1X2vKfw4NGBL_-Sx8QBItD_k	2024-09-20 09:06:38.381+00
0howy830ii23wjgywx92xiu4i58k7jiu	.eJxVj8uOwyAMRf-FdRU1QALKsvt-AzJgGmZSqHisqv77QJrFZGX53Osj-U28VRACosq4oSk-9oUsI73sUS2rekaLG1noeCFfUDMm5S1ZyMgoOVEN5hdDj-wPhEccTAwleT30ynCkebh35e3ongQr5LVdOyeQAYfrPGmQyDnVTAqKEzgHVorJOEqN1oJTfmWWCgYWpOYGYZazlk3qs7I-tZ-wJmUxKyy1DbI42DLueSceQjmxkNE_wk5Lql-Y0SQs0HT_oInPVwG9HezzB7g9c5s:1sitDK:k7LxUP0yaIgfyaz1VTE84y6ok2fW_3exZ1YTyaa2cuc	2024-09-10 10:14:14.946+00
0m5tdtiknuk5tn71w6x6h79wi6asew93	eyJpZF9hbm5lZV9zZWxlY3Rpb25uZWUiOjEyfQ:1stnBF:pEU6GD6wDmeM04aO53cYKfeJSwKW6O9cPZPCrzNmF78	2024-10-10 12:01:09.78+00
0pyy77ycettohuysw5hj1rrsxlgl15jf	eyJpZF9hbm5lZV9zZWxlY3Rpb25uZWUiOjExfQ:1sEXu7:E9vlqkad6l-ABJEERZGtZQuerSfsl4BTZmHBO5ZVzJc	2024-06-18 17:24:59.716+00
0rxy93rf7h0agh1n3yl6zn04vm8h7r4s	eyJpZF9hbm5lZV9zZWxlY3Rpb25uZWUiOjExfQ:1sEUYO:zp6ItT2eiGIvVnU5DDb-yf8At7XCjFuDX_b4RpXy70U	2024-06-18 13:50:20.396+00
0shq2wnd61ryywwg9cb7bv08fwr5xv3a	.eJxdjkluwzAMRe-idWFEdjTYy-x7BoESqVitIxUaVkXvHjlwgKQrgu9_PvCXBTQQI5EptJGrIe0LW_j4wQy0uppWKJuAbGETe2MW3DfFPcAviNc0uBRrDnbYK8ORluEzIW2Xo_smWKGs_Vp6moTUoJDzs1YnqdE6AcI6iYokjFIABzX7matJihHPfj457jVqNSk-dmkoBkPu71PLBqkYqq0PttTc6BHvIECsbPGwlYPFQuEa_9FCLlOFrnulLt1-KtjtCf_uImNsEA:1sgmpr:-N-VhzsvInIP0vyolU_MigIKkR8XzBHySH_Rghmj4MQ	2024-09-04 15:01:19.601+00
0tr0uehrlat3gv9tg2lebrxqtqv8n742	eyJpZF9hbm5lZV9zZWxlY3Rpb25uZWUiOjEyfQ:1t67Qb:DvfpBclcpRa2GK7IoTQNc6Ur9Tm7GNRlSehiSvpz-zA	2024-11-13 12:03:57.402+00
0tzc45jh00cghu3ji71baap27ovrphpz	eyJpZF9hbm5lZV9zZWxlY3Rpb25uZWUiOjEyfQ:1st3ge:CQo7s_az7kLCQ3vYzorbQlwZZND3zGzxQ6zF5FptHUo	2024-10-08 11:26:32.818+00
0uzh7o8hutjbqcam79gghs08wfexs4et	eyJpZF9hbm5lZV9zZWxlY3Rpb25uZWUiOjEyfQ:1srxI9:dfaaULurQ2d43M-GsYAu0DUnuVQtugs65oscddpbsmU	2024-10-05 10:24:41.923+00
0w6lnbth9isi20aaqhk1o3wbfcp7zbj4	eyJpZF9hbm5lZV9zZWxlY3Rpb25uZWUiOjExfQ:1sEZmk:xal_qyLc_tAFa1LKivyzimP8Km1LmBk8rpnxCKJ_1gI	2024-06-18 19:25:30.42+00
0wl89okdv3mlatblpe1czhtkw0o2d9ca	eyJpZF9hbm5lZV9zZWxlY3Rpb25uZWUiOjEyfQ:1srxcP:nRkyMIZ0sN2bPPgj8MMJlPTra1gBjJqFocvE6CeNrUQ	2024-10-05 10:45:37.309+00
0wpjmyshhrur0tq8tqllo2kb6pg4l19m	eyJpZF9hbm5lZV9zZWxlY3Rpb25uZWUiOjEyfQ:1sySmL:ABrTZCwJe3hWZV2pfYCiZD6j1djUBHDYTtt71nFloAg	2024-10-23 09:14:45.793+00
0xqu6ijbapzfy4o5to64azecvwamc6tt	eyJpZF9hbm5lZV9zZWxlY3Rpb25uZWUiOjEyfQ:1stk1z:AKQqjRdZrLP8T_o7jdNlMOS0LMcqIEmdmt8r4nOSGVU	2024-10-10 08:39:23.612+00
10cvqs8a0paqvfes5r4wh87n3wjozrfr	.eJxdzE1uxCAMBeC7sK6iIRl-kmX3PQMy2ExoU6gwrKrefZJRpHa6svy9Z3-LhA5yJnJMG4WWyrGIRcoXkdhhqjtSrw6JHbW-D7G02ukRH5AgN7FE2Pi0zJRu-Z8yhUoN9nd_NZTPrwZ--0UHva2uM1WXUCxiEk_mIXxQPgJ8h3wrQyi51eSHozKcKQ9vBWl7PbtPD1bgdb_WkSalLRiU8mrNRVv0QYHyQaMhDaNWIMHMcZZm0mrEa5wvQUaL1kxGjuLnDgcXbA8:1sVxHA:ZDPSouigmW_PX46N4CJp5pfXB_nrOVKTTZuLnHqATtQ	2024-08-05 17:56:44.981+00
16iwwuqmu5189slalteehfr061cyj97x	eyJpZF9hbm5lZV9zZWxlY3Rpb25uZWUiOjEyfQ:1sonhf:KlJitFI3G0VcI2b3m4vm20DRzbqEwdx6b7in7yU4RIQ	2024-09-26 17:33:59.008+00
1am4pwkzpkag0395vxtxrshs7xxtjcsy	eyJpZF9hbm5lZV9zZWxlY3Rpb25uZWUiOjEyfQ:1stn2y:maN2tOCDIUhYwE5Pg6McEJHoz607SQ3dUFLMi8VtPTk	2024-10-10 11:52:36.528+00
1fo2wylne9rjnvqp4tv7o5dwwfmn3tu6	eyJpZF9hbm5lZV9zZWxlY3Rpb25uZWUiOjEyfQ:1stjno:-Rx2zhCLOZfAblPbwLAkEI68hWY8FNn218XbJjTZ4m4	2024-10-10 08:24:44.602+00
1m4du34p1opehb96ymdz7m2bg9ihkf2s	eyJpZF9hbm5lZV9zZWxlY3Rpb25uZWUiOjEyfQ:1sonhe:wtiwGYfwPETA7X0sic4V3vQbbdzLXQxie8DU2Mutkfc	2024-09-26 17:33:58.083+00
1pn937kmgmz0cfwezu5lm0xyfdt6sudf	eyJpZF9hbm5lZV9zZWxlY3Rpb25uZWUiOjExfQ:1sEszL:_xvTsEzI1BJa2FlbGxig5u810vs4KopL9GSRHhnY8B4	2024-06-19 15:55:47.427+00
1pvf32soww1b3xl9a2itphveflko75yl	eyJpZF9hbm5lZV9zZWxlY3Rpb25uZWUiOjEyfQ:1swKdq:ZBD7xmdybHrSbVMlfXvvVY5HmLG9DVe4gapKqmJzipA	2024-10-17 12:09:10.198+00
1rxuaudrihr2rqiihb1kezy3frqmynql	eyJpZF9hbm5lZV9zZWxlY3Rpb25uZWUiOjEyfQ:1su8Si:aavGPaiO357P2E2wsendlvCkv5JXxTIzyDmvF35kRJo	2024-10-11 10:44:36.265+00
1vjsfkkm7oo064yl6xpyx9a9ttlgnx1q	eyJpZF9hbm5lZV9zZWxlY3Rpb25uZWUiOjEyfQ:1svwqe:XF4JXBpcJT9Wf9qPiZnmNjj4tbK7JF0eWVIWUUnBLns	2024-10-16 10:44:48.539+00
1xnj4rjlr32qksgycxdz9uqzqoh0bupp	eyJpZF9hbm5lZV9zZWxlY3Rpb25uZWUiOjExfQ:1sEVM0:ut1GQ2r3z7BfUXFoArTdyhN1OkG8-y3TfijROp0xRKc	2024-06-18 14:41:36.546+00
1yacgmuwgqnv13crcir5ph1pus6yufdc	eyJpZF9hbm5lZV9zZWxlY3Rpb25uZWUiOjEyfQ:1srhRj:q1mFyBLivB6JdeC7exImccOA8zTW5LZ1NfCtrD8KFUo	2024-10-04 17:29:31.66+00
24ykz5psrcwgo96lje3qdghbpfzc6duk	eyJpZF9hbm5lZV9zZWxlY3Rpb25uZWUiOjEyfQ:1srxLk:D6GOjUoO5a4qn5XSscWzoxND-fwzSNScS1gn3gHotR4	2024-10-05 10:28:24.613+00
29f3pspch6ljh2q5mpvbxeyfkxxe8obd	eyJpZF9hbm5lZV9zZWxlY3Rpb25uZWUiOjEyfQ:1srxfc:em4r5vmSrDB332ejv1tX7m5fW_OXED3JTtpqWdxkIX8	2024-10-05 10:48:56.425+00
2cm81vqyg836dvlk7q8uneg2h0f1xco9	eyJpZF9hbm5lZV9zZWxlY3Rpb25uZWUiOjEyfQ:1st1AD:QhlsD98N9jBXS9ax3EtCFpLGe6iQ5OaFyAElpe46Z5Q	2024-10-08 08:44:53.938+00
2eyhkpd5jm9x3vfv6mgb9i1oirgtrny9	.eJxdjkFuxCAMRe_CuooCDIaE3ex7BuSAM6HNkArIqurdh4witdPFl-X37W9_sxgcpkTkCq3ka9yOho2cvzGHe13cXii7GNjIJHthE_pPSocRPjDdts5vqeY4dcdId7qle98Crddz9iVgwbK0bZhJKjCoA-cXo3swYfIK1eQhaAIUoJCjHuaBawlKhMs89J7PJhgtNRctNBYXYm7v055doOKo7q2wseadnvYBIqbKxhnXcrJUKN7SP1rIZ6rY4v5Sv92_Kk7rL7xjjZSPI0wNFnrLm4BbYawyFoQF2RBYUK3wJtEkLft5AEMUeaM:1sZ9yV:W_eTXpf7yy0qX7Fxw7Lc7NLaNlzgtvXwA5PHx70PcQc	2024-08-14 14:06:43.723+00
2f0poibx3dfi0eb8ii56jnvtv7wn2f9x	eyJpZF9hbm5lZV9zZWxlY3Rpb25uZWUiOjExfQ:1sYpK7:PM3uFgvUR9ran8JuBDYAlzT3oUjX5efp8-98MxVu4z0	2024-08-13 16:03:39.283+00
2fjduttyphnk7t7o8sm5dm0ffvvs1lro	eyJpZF9hbm5lZV9zZWxlY3Rpb25uZWUiOjEyfQ:1soJgI:SL1QiUtAbG0zqPWKuSlHlF-SbZs4NwEfRPugRAUSu8k	2024-09-25 09:30:34.803+00
2hlgoaoxcxl8g9fbbyt4v1qzn9vmyb0h	eyJpZF9hbm5lZV9zZWxlY3Rpb25uZWUiOjExfQ:1sGcst:h-2QpzEcKpuIo2-meW9xbv_mINLhVfYtYXXmOPQsIqg	2024-06-24 11:08:19.904+00
2l5y91dputkk1v3oe50nhy3ob272il8z	eyJpZF9hbm5lZV9zZWxlY3Rpb25uZWUiOjEyfQ:1sdR3j:IpGM35J4YebAyHpIOkbzLv4r7FbnGACW0Yhc5NFmOCg	2024-08-26 09:09:47.079+00
2n5rs0vpax6ww5tg8p790mb5iwecvuft	eyJpZF9hbm5lZV9zZWxlY3Rpb25uZWUiOjExfQ:1sEXY0:gYbpyP8_0f5qOW2JZZvRUj8VysVsUvIIjav3-yAQcic	2024-06-18 17:02:08.81+00
2oww5zbiahweqdoewiturrlgzgu1kyxa	eyJpZF9hbm5lZV9zZWxlY3Rpb25uZWUiOjEyfQ:1t6AA3:oLLiOwlv38h9G0AUKDiboarkrAYYhMKrIBk2UIiuC_c	2024-11-13 14:59:03.352+00
2rjymzhgjji8wbowwjdjc9q4cpzzbmwt	eyJpZF9hbm5lZV9zZWxlY3Rpb25uZWUiOjEyfQ:1st1iI:mCgrUgx5LoZHVtnGL-n3DZIr2BxZdhnhME4j7IjGmRs	2024-10-08 09:20:06.006+00
2sx4uxf54reeevwy1j5bcgv5wrhldo6n	eyJpZF9hbm5lZV9zZWxlY3Rpb25uZWUiOjEyfQ:1srgZs:eUbXuD1-2YX8X64HrGhImlPNCt3CYPu_z7yy_R8KGIw	2024-10-04 16:33:52.273+00
2urfzsrm1dsu23wrkbsbvzc0s95lj5mf	.eJxdjs1uhSAQRt-FdWNEkR_d3X2fgQwwXGm92ACumr57x8akvV2cEM58fMMnS8FCzoi24oa-pf28sJkZ9sIsHG21R8ViUyA3PjsH_h3zOQhvkO975_fcSnLdGemuae1e94Db7co-FaxQV3rtZC8VBC9QChNRcBw47zn0oIxXo45cG-EFlw6FnLQf5BTdCBiNEmaKnEpTtSEV-j8exQasFttBB5tbOfBnfIoEubE5wlYvlyume_5nK_qCDajur_X746OB237lA1rCci5hXA0LVyMhiImQhCI0YRaue4ITlNOU02JhX99amnuK:1taC8e:dZl0_TC8109NJ0_i8TgKF4rm8vgXT2orUEYByMjkfJs	2025-02-04 11:09:44.848+00
2uvsjd72ann3k5heh2x60n48zzqj1y9i	eyJpZF9hbm5lZV9zZWxlY3Rpb25uZWUiOjEyfQ:1t13vU:hbvC0HnOgDE2EVPn4-m-dZupmflIwWnU3BEm0LkPRSo	2024-10-30 13:18:56.528+00
2vd519db8j27emawao865bzkammnc2ep	.eJxdjkluwzAMRe-idWFEdjTYy-x7BoESqVitIxUaVkXvHjlwgKQrgu9_PvCXBTQQI5EptJGrIe0LW_j4wQy0uppWKJuAbGETe2MW3DfFPcAviNc0uBRrDnbYK8ORluEzIW2Xo_smWKGs_Vp6moTUoJDzs1YnqdE6AcI6iYokjFIABzX7matJihHPfj457jVqNSk-dmkoBkPu71PLBqkYqq0PttTc6BHvIECsbPGwlYPFQuEa_9FCLlOFrnulLt1-KtjtCf_uImNsEA:1sbz8n:11MXJ2313N3ecQTDfUOnR2u06vHe_t5GFvwTQrNZlq0	2024-08-22 09:09:01.013+00
36k2fo3o27x31ugqlbh65q3cd06fmobr	eyJpZF9hbm5lZV9zZWxlY3Rpb25uZWUiOjEyfQ:1sbMmd:QM0WUo5_J-7QQnRsYe5vTnLGvZqMw_yraFJ2UfTioGw	2024-08-20 16:11:35.602+00
38wmyoki53yzdirs3r52e384wlg0f42k	eyJpZF9hbm5lZV9zZWxlY3Rpb25uZWUiOjEyfQ:1swKam:jZ9Y_3Qd-2HZQudy5eFiLTErlP8sux3o5QQ4ESs0alk	2024-10-17 12:06:00.606+00
38xggued0d3duekvzc28p7axml9ch9a7	eyJpZF9hbm5lZV9zZWxlY3Rpb25uZWUiOjExfQ:1sYpK6:VHLd5tBRYku4VmtKcpkwB9Dr5LBOhb1rYcIK9FFTf1U	2024-08-13 16:03:38.687+00
39uab2t2fl7dlwprbg6hl0okkbu6j9cm	eyJpZF9hbm5lZV9zZWxlY3Rpb25uZWUiOjEyfQ:1sZopF:4QhYAU4hyAs5SXq_Rc_qcz25ybOY9qRWZ9Jm5x3KzMQ	2024-08-16 09:43:53.406+00
3bzntp72zaqbsr9wwk93rpuycz3rk02z	eyJpZF9hbm5lZV9zZWxlY3Rpb25uZWUiOjEyfQ:1szBq3:nuzKWvCjfBEEn-2uOdYfKv2x5LUYs77IIy7H4w_r8qE	2024-10-25 09:21:35.956+00
3gkhg3t5i59h1mnl4tatsrfkf3kt3ywm	eyJpZF9hbm5lZV9zZWxlY3Rpb25uZWUiOjEyfQ:1soJl0:C-MmShETN__co_nc9GDgLAjIz_XVyi9HE3fKpIKYeog	2024-09-25 09:35:26.432+00
3gy1i4jbo2vlkyecl0h2r6se9l0a30rb	eyJpZF9hbm5lZV9zZWxlY3Rpb25uZWUiOjExfQ:1sYpkC:9ljHTjPe8-hjSrKuM65PbdLnt2TfdS7wc2pViXL6aUQ	2024-08-13 16:30:36.33+00
3ij9gh1mms0nse8ur2d3kf56z2ze0uhr	eyJpZF9hbm5lZV9zZWxlY3Rpb25uZWUiOjExfQ:1sYmyY:HNY3xfQP5eNSl6bS_Vhg9B-vm9nSlGMDRqwm2NMOfxY	2024-08-13 13:33:14.82+00
3isuhatanyqppc59iapgbmoet8zak8xk	eyJpZF9hbm5lZV9zZWxlY3Rpb25uZWUiOjEyfQ:1sonhe:wtiwGYfwPETA7X0sic4V3vQbbdzLXQxie8DU2Mutkfc	2024-09-26 17:33:58.277+00
3lqprz32fl2oyvfblzz2xttc9zit6v0m	.eJxdj81uwyAQhN-Fc2VBjInjY-99BrRmJzGtCxU_p6rvHohcqelptd_Mzmi_hWdLIQA2Y4crPvZFLGIWL8JSLZutGcl6bkxN0zNdyX0gdInfKdzi4GIoya9DtwyHmoe3yNhfD-9TwEZ562V0nqerctNozmCeTjCk1UhGKz2CNI-zZH2RRHwBjHKrbBfKSXbzyUjTQn227FP7ADVZRrYotQ2xlFTxkDvwFIpYrrTng4UMfwv_aIZLKNTi_lIXP78Krfsv_LkDCzJs_A:1tLHN4:JKWyg__G8TvgJHgkI4nuGw49JDVGbYE8KkJ14rmzSQ0	2024-12-25 07:42:58.377+00
3nefit8bfbp4xcp34pcho0c3l91squxx	eyJpZF9hbm5lZV9zZWxlY3Rpb25uZWUiOjEyfQ:1scVrB:zcj-xM7_dBKBq-m9haJI2pFYGRydk6q9BKHp6qHwPO0	2024-08-23 20:05:01.585+00
3owe0njoc832iaw8pbjfe97m6b3yuvty	eyJpZF9hbm5lZV9zZWxlY3Rpb25uZWUiOjEyfQ:1soJl0:C-MmShETN__co_nc9GDgLAjIz_XVyi9HE3fKpIKYeog	2024-09-25 09:35:26.172+00
3phoo6v8f7lotf31pq2t7uwz9tf8wqj4	eyJpZF9hbm5lZV9zZWxlY3Rpb25uZWUiOjEyfQ:1stjyr:F8C97rRBdJbBbKj2-JlG8Dt014DCQiOjQBQArv8-x-o	2024-10-10 08:36:09.324+00
3qcp9bdebc7tmf9lo8203qfiiczlnpgr	eyJpZF9hbm5lZV9zZWxlY3Rpb25uZWUiOjExfQ:1sE3a7:hKtK3P6_ZLR9Xw7-pXpqGrvXgA9oh49LwSzydcW3cmE	2024-06-17 09:02:19.934+00
3rqwxym7lujl5b712zggig4f6vg1jibr	eyJpZF9hbm5lZV9zZWxlY3Rpb25uZWUiOjEyfQ:1svwZr:xx5Bn04_S9a3Tel_OXaN0Yl0rHszuYSSFRBCWV1zk3Q	2024-10-16 10:27:27.312+00
3s2dvnp087blitenxqfvlcqtupsbsq4h	eyJpZF9hbm5lZV9zZWxlY3Rpb25uZWUiOjEyfQ:1t69vK:kYrsnxiiz8hOGv6ngDO2C1VwiA6HPldbajBwK_lmmvk	2024-11-13 14:43:50.367+00
3tkyov9ihudyncqoj5aiapkud29zwil3	eyJpZF9hbm5lZV9zZWxlY3Rpb25uZWUiOjEyfQ:1srhEv:wY_NW4pQkTcgfChI7wYSyTapxYdLkajqfnzbsR2P-Fk	2024-10-04 17:16:17.783+00
3vii5sjekogc07jglj1fr3yjg35izi6m	.eJxdj81uhDAMhN8l5wqtCflhfdt7nyEyiVnSsqFKwqnquzdUSO32ZPmb8Yz8KWJwlBKzK7yyr3E7FnEVAOJFONrr4vbC2cXQoHxmE_l3TocQ3ijdt85vqeY4dYelO9XSvW6B19vpfQpYqCztWs8slbZkAsBgzUXbMHlFavI6GNbUa0VAZpxHMFKrPgzzePEw22CNNNC30FhciLk9wHt2gYvjurchrjXv_CMfIFKq4jrTWk6WCsd7-kcL-8yVWtxf6rfHR6Vp_YUPqpHzUSIkGgQEQKlwMDhYhB5BosIRYUCL4usbg8Z3qA:1sdS3Z:mzyeLIQ5BxzaPC98aQdreiozunc0u92lViX2BdM1EwI	2024-08-26 10:13:41.011+00
3xyz86fs1ougg27idzvbcjbjy99fc7gs	eyJpZF9hbm5lZV9zZWxlY3Rpb25uZWUiOjEyfQ:1syTnG:y73Hq8Jl5uQHBseYTXHGLw65eRokjWMVDL8RaCcO1gQ	2024-10-23 10:19:46.563+00
3yd7omixk9mxhl8csk9uuazbroqormq9	eyJpZF9hbm5lZV9zZWxlY3Rpb25uZWUiOjEyfQ:1sdRpD:ljZ-yN3GzWgrOnuPK3_-PCiQEKCdQ03fIwitNuvVCI8	2024-08-26 09:58:51.564+00
3ykc4k1islcvib3x8r1yponlzif2ud6r	.eJxdkMFuxCAMRP-FcxUFCAnEt733G5ABZ0ObJRWQU9V_L6kitVvJkuU34znMJ4vBYkpEttBGvsb9PNjM-QuLxYaYG6Qj20DFUj3aYnPNB_3IJ4iYKpsX3MrFUqF4T_9oIZ-pYov7S_3--Kjotl9o8airPQplGwObGVeCPVGH_p3SKYU3TPe983uqObrutHSXWrrXPdB2u7xPASuWtX1rrsUgJQbfe5IjLZMXxg2Oy4AaEb2RuufkFk3KCLMoZZZRD6iM80FProU-sEbKZyFMSJAapAGhQIwwcBA9CA5yBDkBb6OBK-AjcAPs6xvD-ntc:1sDQdt:Sjc1lm30kOM1XX6e__LiU53mkyyvaaKra3tMC2rvGnk	2024-06-15 15:27:37.512+00
41u6k4aq862dwdo8pa7xasqxigfm2j6x	eyJpZF9hbm5lZV9zZWxlY3Rpb25uZWUiOjExfQ:1sEsyT:arC_mbGIX5OKjXycsNQ3N4fUpsMcvtrH6HHOIfLYMX0	2024-06-19 15:54:53.825+00
43ag9v6qac14gozfokzcso1gdjmnvmxx	eyJpZF9hbm5lZV9zZWxlY3Rpb25uZWUiOjExfQ:1sVsL8:CazPt2NP8O4kEHe6RrEBmsRxq3-_f9fmhx0m8-XaKZk	2024-08-05 12:40:30.574+00
44l6io2b5rlexvbv6ecuk8x0kjvou13r	.eJxdzEFuxCAMBdC7sK4iAmQgWXbfMyDHOBPaFEYYVlXvXlLNounK8vvf_hIxeEiJyDMdhDXmcxHLOL6IyD7E0pFa8YHYU219iGWDg-k3PyVCqhdLTPGe_ikTFqrQ__1VzJ-PCuvRsZbWzUOru29MxccgFqHFxVbAD0pnEN4h3fOAOdUS1-GsDM-Uh7cc6Hh9di8PduC9X49hRDNt7jZrBIk3kEHBDGoiadEgEukpbBosSCfRWWWsNs5NUlkzz1qJ7x8PXmvz:1sGcwF:kP_H08XFT-GX11wJGy1OocqhQzK-iMEseAjU1-uqPK0	2024-06-24 11:11:47.928+00
46bicjetz3fmgjjlpbxbv1q6j3xw1mqh	eyJpZF9hbm5lZV9zZWxlY3Rpb25uZWUiOjEyfQ:1srxPG:jTshl4aWoahaes_lrP4nHIzGm5GKmqnSeu2L2LxAg3Q	2024-10-05 10:32:02.491+00
4d7enfrcdhdphoygj9xjfh6pth2dtp06	eyJpZF9hbm5lZV9zZWxlY3Rpb25uZWUiOjEyfQ:1t678r:c6lMS2kF3SWZVEDq1oN56JnkQwc8zlo9OOGLKnL61r0	2024-11-13 11:45:37.33+00
4esbnkrw4a7smetbchbpe59at95fr4f1	eyJpZF9hbm5lZV9zZWxlY3Rpb25uZWUiOjEyfQ:1sitWH:KCG1MT1LXnVcCfi9sFTG8zLfmXd7gmZ80TNXc621xAQ	2024-09-10 10:33:49.002+00
4g19cxd62md2r7epv30ae0966ikfwc80	eyJpZF9hbm5lZV9zZWxlY3Rpb25uZWUiOjEyfQ:1soJgI:SL1QiUtAbG0zqPWKuSlHlF-SbZs4NwEfRPugRAUSu8k	2024-09-25 09:30:34.466+00
4gacg5928sbveqtfwzwm70uemvi6msqa	eyJpZF9hbm5lZV9zZWxlY3Rpb25uZWUiOjEyfQ:1stjwA:uYuJtmXfDDeko-pG85SwiTy-fnCEwYJCARy8szaSE9I	2024-10-10 08:33:22.158+00
4iw7ok49k8z5rekv8jv0la1f92dc2u45	eyJpZF9hbm5lZV9zZWxlY3Rpb25uZWUiOjEyfQ:1t6ABO:DCBn7-GPDa0WJgf4b9fnb9ZpIU84H8Qyak6zr9tcUCc	2024-11-13 15:00:26.508+00
4kckbbyuwbqcw67v22fp74kgqp6msf59	eyJpZF9hbm5lZV9zZWxlY3Rpb25uZWUiOjEyfQ:1stmyz:j_wDNnb8Pt_hF6HodA1_3pyL3NNKARMTWgXknTn2ZGM	2024-10-10 11:48:29.733+00
4krs0qnoaq1nzk4xzskkd5y02ksc0xll	eyJpZF9hbm5lZV9zZWxlY3Rpb25uZWUiOjEyfQ:1srk5n:Ch4Q_pHX_K7ZUodNvT2A9G4U4CIXi_v0m4AzSNHmNM0	2024-10-04 20:19:03.388+00
4nm47vfbkg7dej8978ofky87bjlv1k5z	eyJpZF9hbm5lZV9zZWxlY3Rpb25uZWUiOjExfQ:1sU8lt:_3mhlJSoGjNdKByy2B23twfs-1mW_Nbuak6uiEpX_oc	2024-07-31 17:48:57.887+00
4oxj0cxiyidrlroiax11ioxand6s72qp	.eJxdjsFOxSAQRf-FtWmGVqB26d5vIAMMr2gFw8DK-O8WUxOfq8mce-dkPkUKFnMmskwH-ZbKWMQm5wdhsbfddqZqUxCbWMQdc-jfKI8gvGK-lcmX3Gpy06hMV8rTSwl0PF_dO8GOvJ_XqzZGLyAjGFReejOTjNoRSBWf1gjg1Aq4aKeRHkEpozCsPgAqB3qmIU1sQ6rn-9SrDcSWWj-H2Frt9BMPkDA3sUU8-GKZKd3yP8rkKzU8dX-pL-8fDd3xC7--ASbPbEc:1t8LOH:DCpnl4GFwKE0XE3Hlm4FdaGl8IfNQmlh5i6oeawRnAU	2024-11-19 15:22:45.772+00
4qcnosep2a79b4en99bzuw1zlzc0nzo1	eyJpZF9hbm5lZV9zZWxlY3Rpb25uZWUiOjEyfQ:1snYR6:ZYCPjtxo8GepgnCFiYvWyLqjwK_Pzmz5Fa4sl7fa2h0	2024-09-23 07:03:44.848+00
4rc98ur6f7qy2o7mxnpji6f8yuv4nrqy	eyJpZF9hbm5lZV9zZWxlY3Rpb25uZWUiOjEyfQ:1su8UL:e0aX1m3n5pzIglBoE_cpIpdb3mTBoAXhqVzDtbP7Wys	2024-10-11 10:46:17.833+00
4rvez16spctppvq8fwktd8co16odj8xa	eyJpZF9hbm5lZV9zZWxlY3Rpb25uZWUiOjExfQ:1sD4QP:D2HYzks1chRIdcjR5yi_D6ZR-ePF1Lb_W4fSs8O_4TM	2024-06-14 15:44:13.808+00
4w25gst09s8sfw1prw95r4h3cdr1cax0	eyJpZF9hbm5lZV9zZWxlY3Rpb25uZWUiOjEyfQ:1swKyE:eFVxVIrR6ZKGIeUH56DieQvRFZabBosp6_SHjNqy7BI	2024-10-17 12:30:14.928+00
51drd62crqix8l537jjeotw63srpqvmf	eyJpZF9hbm5lZV9zZWxlY3Rpb25uZWUiOjEyfQ:1srhhv:MHx21WZNxyN6N7dnJGKvFjkjKEvzee2NXyBlN_WVKY8	2024-10-04 17:46:15.623+00
53rprwvqjmebzdkmlk9koo0fsrz3zxul	eyJpZF9hbm5lZV9zZWxlY3Rpb25uZWUiOjExfQ:1sYpkC:9ljHTjPe8-hjSrKuM65PbdLnt2TfdS7wc2pViXL6aUQ	2024-08-13 16:30:36.336+00
53yjt7kyusjvpyudzr94842q5rqlnupc	eyJpZF9hbm5lZV9zZWxlY3Rpb25uZWUiOjEyfQ:1tBVKt:BS8w-WXYoDcsQbfjBbrq8sypBQ7nzuzRVbVwaPG6CIU	2024-11-28 08:36:19.6+00
54gky214dw7pswojutdib25jafnlahbd	eyJpZF9hbm5lZV9zZWxlY3Rpb25uZWUiOjEyfQ:1t6A8e:d9ItcM505EijuqaMGI_-U77QOENdkAhdvS0emgFxYjY	2024-11-13 14:57:36.473+00
555hjhnq0cr2378861g6rze2ytuf2p65	eyJpZF9hbm5lZV9zZWxlY3Rpb25uZWUiOjEyfQ:1sdR78:l-RpFZ_YBPPhNFseNvyUMEi-j_jbNeT-VIe-o-OH5EA	2024-08-26 09:13:18.312+00
56hxd0bkff1ai3sk0wtro47nr3i2vxfb	eyJpZF9hbm5lZV9zZWxlY3Rpb25uZWUiOjEyfQ:1sonhg:ylhY-DJP4Gw09Pbm-3kzodMbRt6jS8TH2SIERD2ouL0	2024-09-26 17:34:00.104+00
576g0thqylzlj9xoqznh932qjyklz7sf	eyJpZF9hbm5lZV9zZWxlY3Rpb25uZWUiOjEyfQ:1sribB:yFjBH5nPZz9jqxHcStGeBhbANUmj27BJg_zpo1QhaPc	2024-10-04 18:43:21.803+00
57oujbj7u4xyjih5g5imj9zlxr9kvap7	eyJpZF9hbm5lZV9zZWxlY3Rpb25uZWUiOjEyfQ:1stjxY:y7xcm1-9tcW1TpYxZdA5Zsog2o22B3CWKPftx3tRYG0	2024-10-10 08:34:48.066+00
59hw9lx68cct0hyt7errm05cgqgki2j1	eyJpZF9hbm5lZV9zZWxlY3Rpb25uZWUiOjEyfQ:1sri2h:L5GxnwtOaV0xNvnGoVGZgbH1BHzZ3SMTlF7zFDng0t4	2024-10-04 18:07:43.484+00
5acipsuvxwjywspdtgsn9qyklnvmx1gb	eyJpZF9hbm5lZV9zZWxlY3Rpb25uZWUiOjExfQ:1sVpuS:AtTnNCDhp5HOhHHpStNdMr_ECW-aACeUXw2owSV2Cjo	2024-08-05 10:04:48.602+00
5c6pl7gssg2eu7p5qmdtp6fsummpynyz	eyJpZF9hbm5lZV9zZWxlY3Rpb25uZWUiOjEyfQ:1snYPY:JREhAKmz0x_B6cEMpTReGxc8YqiItGjYWbGZbVjBaQc	2024-09-23 07:02:08.529+00
5cbeypaih5ye0pmuzb0bcn2ovhf07qy8	eyJpZF9hbm5lZV9zZWxlY3Rpb25uZWUiOjEyfQ:1swKhp:TbKTOhTPLbANvIJ05FW2kW7fUw8NXtXiT4ZBmVSSyG4	2024-10-17 12:13:17.034+00
5djplhgpip1pwx2eom0gcjn5uxm67ud8	eyJpZF9hbm5lZV9zZWxlY3Rpb25uZWUiOjEyfQ:1ssiGU:9HpzrCKcHSDiO3vxH5bqdQVY8DWB1EGFRZncGd6fOyg	2024-10-07 12:34:06.094+00
5l4l3gglmx7mxqvdbch9uqd1bferuws0	eyJpZF9hbm5lZV9zZWxlY3Rpb25uZWUiOjEyfQ:1sopRj:bZDRS8fr9RKhipr2hRclk130j_C0hxPqytPeEP91Ek8	2024-09-26 19:25:39.792+00
5ll0dl6at9sbhiruv0kilc1sstb1b1jc	.eJxdjsFOxSAQRf-FtWmGVqB26d5vIAMMr2gFw8DK-O8WUxOfq8mce-dkPkUKFnMmskwH-ZbKWMQm5wdhsbfddqZqUxCbWMQdc-jfKI8gvGK-lcmX3Gpy06hMV8rTSwl0PF_dO8GOvJ_XqzZGLyAjGFReejOTjNoRSBWf1gjg1Aq4aKeRHkEpozCsPgAqB3qmIU1sQ6rn-9SrDcSWWj-H2Frt9BMPkDA3sUU8-GKZKd3yP8rkKzU8dX-pL-8fDd3xC7--ASbPbEc:1t1Lh8:hH0U4yb_Vz0lL3W3BoVzPOcw6nJPia7MItt0ah_pCtQ	2024-10-31 08:17:18.741+00
5patpb496axjdv6i6k8qm5z6ml9o0azk	eyJpZF9hbm5lZV9zZWxlY3Rpb25uZWUiOjEyfQ:1syFwi:ZO-LGl1yofOhlOYEolN5ObinhNyeCnNtb-K0LXVXYQA	2024-10-22 19:32:36.278+00
5um0vx06e023p95k8y6ci5gi62p67bkx	eyJpZF9hbm5lZV9zZWxlY3Rpb25uZWUiOjEyfQ:1t67Pg:0fBiZ_3yB32MsMM4PujfIwP3ZUTLsq7fk4bDRePkPfk	2024-11-13 12:03:00.678+00
5vnr07x03epmnok3f6vfr36cflv4jx08	eyJpZF9hbm5lZV9zZWxlY3Rpb25uZWUiOjEyfQ:1t1Lg5:0IRaRtO_9hFR7WU8GqcOhb7bKyxwMuptQxY0uoAQiOE	2024-10-31 08:16:13.91+00
60bk38dtqms5beegco8gsz91888ic2se	eyJpZF9hbm5lZV9zZWxlY3Rpb25uZWUiOjEyfQ:1sZuDQ:I0d1OtcYKpdKU4Tr8dJi6bCodyrTOKSlDN89kU8gCGs	2024-08-16 15:29:12.01+00
62cqecz6z7tcmvn9on6h3060h2c1hy6v	eyJpZF9hbm5lZV9zZWxlY3Rpb25uZWUiOjEyfQ:1t67pb:sc0w3HmUzYlK48od5FUA4LhLbM1EYexsE31FNMBXN04	2024-11-13 12:29:47.239+00
654n9rjm3si3j7xukr166jdjdaz1nr4v	eyJpZF9hbm5lZV9zZWxlY3Rpb25uZWUiOjEyfQ:1st2UR:M8H_3nAC3a-eAJxUKYy3CpB-XspbUzMF60peCwaHkNc	2024-10-08 10:09:51.68+00
690mbi41dxys77ut8mtg6grrat2sg03x	eyJpZF9hbm5lZV9zZWxlY3Rpb25uZWUiOjExfQ:1sURhh:i0S-Rj8sMcnvRCnC7R0GY-i3lXCpFMWWKsO3nW5toJA	2024-08-01 14:01:53.186+00
6afzepqz5nh8ctlpxprt7nwq75sxgvwi	eyJpZF9hbm5lZV9zZWxlY3Rpb25uZWUiOjEyfQ:1tCxov:WgkLhWrZ_3VqpcEvah45XYDD0-OTrU0wcYu7PVBuLUY	2024-12-02 09:13:21.808+00
6bj50p2bl6ly2tuniqwazaz3xeym1597	eyJpZF9hbm5lZV9zZWxlY3Rpb25uZWUiOjEyfQ:1szBw3:LG3jWcX5qLCDiAHE-iltAUksmwj_q4MVAQ8UpT588Tw	2024-10-25 09:27:47.888+00
6blm09qirspsvzxibeie33mfntl4ft4v	eyJpZF9hbm5lZV9zZWxlY3Rpb25uZWUiOjEyfQ:1srfmi:WKAZkocQvFvVK4LOYO4W89_lieygDO1E3lPqr6_FJC4	2024-10-04 15:43:04.147+00
6dt5wlwuq28ki9v914l49h0g6lem9jk8	eyJpZF9hbm5lZV9zZWxlY3Rpb25uZWUiOjEyfQ:1sonhf:KlJitFI3G0VcI2b3m4vm20DRzbqEwdx6b7in7yU4RIQ	2024-09-26 17:33:59.009+00
6kn93a7z1nynnppr5ebmqm3rr3x794z4	eyJpZF9hbm5lZV9zZWxlY3Rpb25uZWUiOjEyfQ:1sonhe:wtiwGYfwPETA7X0sic4V3vQbbdzLXQxie8DU2Mutkfc	2024-09-26 17:33:58.419+00
6o0ugaf1z4t24bci649bea8xwp2krecs	eyJpZF9hbm5lZV9zZWxlY3Rpb25uZWUiOjEyfQ:1sriA0:4guVtaJ6V9yM4A1baVG26Hse4iSASN4Z3EcMbX4Bc8I	2024-10-04 18:15:16.079+00
6s9n8r3twg5o30r8lvag9boj8ieccdhz	eyJpZF9hbm5lZV9zZWxlY3Rpb25uZWUiOjEyfQ:1soJgI:SL1QiUtAbG0zqPWKuSlHlF-SbZs4NwEfRPugRAUSu8k	2024-09-25 09:30:34.274+00
6ta46r1uztxuer8fz8y2xxm47plsjvct	eyJpZF9hbm5lZV9zZWxlY3Rpb25uZWUiOjEyfQ:1sySQ9:_WGZBiq6UWgPEfyjPjbuAQPK5d9nJ-S5SyzFjGTxpww	2024-10-23 08:51:49.459+00
72l2j5hnmlrt622mg49tukknt44rhhik	eyJpZF9hbm5lZV9zZWxlY3Rpb25uZWUiOjEyfQ:1stjqM:ZZ3rVSsLVHbL7wl6gUWOFxV69hEW4ZjNnWPnItDATcg	2024-10-10 08:27:22.86+00
75to2igwtzoovb00jfjhx8bt78t4pavy	eyJpZF9hbm5lZV9zZWxlY3Rpb25uZWUiOjExfQ:1sEY9G:mA2pChclbZKzm59V8y93aUTP7SBmi65ZIrKfRnyEsTw	2024-06-18 17:40:38.321+00
7679ucxfdnleqq7kpiy1c8f8s7hjcd73	.eJxdjsFuhCAQQP-Fc2MEZUC97b3fQEYYV1oXG8BT03_v2Ji028ML4T0Y-BQxOEyJyBXayNe4nxsxikG8CIdHXd1RKLsY2HXPbkb_TukM4Q3TfW_8nmqOc3Meaa5amtc90Ha7zj4NWLGsfBsW6jRYNEHK3poWbJi9Rj17CIYAFWiUaIZlkKYDrUK_DK2Xiw3WdEYqHhqLCzHz_-nILlBxVA9exFjzQT_5FBFTFeOCW7lcKhTv6Z8t5DNV5HF_rd8fHxXn7Vc-sEbK5yNCaTUp3TE9oxlgDGOZYVLQMtyBO3AH7sAduINk1CS-vgER4X69:1svZsw:ygMum4WxI6357iTfyW1uFG4QXiow6Qe3qYIS9zaN468	2024-10-15 10:13:38.782+00
76bj96kw7nr063sx4rgvjykpd3kn5gnt	eyJpZF9hbm5lZV9zZWxlY3Rpb25uZWUiOjEyfQ:1tBVKt:BS8w-WXYoDcsQbfjBbrq8sypBQ7nzuzRVbVwaPG6CIU	2024-11-28 08:36:19.593+00
76istvtey7d1tnrg4pvgq52sxhhycj3c	eyJpZF9hbm5lZV9zZWxlY3Rpb25uZWUiOjEyfQ:1szBT8:GoeDTVzwWarRPgcri9Av2iNXKO3c79WpXxHKgvG6UL0	2024-10-25 08:57:54.863+00
7ad22jjj89rvc7e8brhu78yd2vrh4mln	eyJpZF9hbm5lZV9zZWxlY3Rpb25uZWUiOjEyfQ:1svFoF:o8u35wlWrn_ldzMWc0G3XVWo_yJijvjk_xubRxQ_n0s	2024-10-14 12:47:27.534+00
7dbutltiac0ubh4sz3jo1lind1w8c46t	eyJpZF9hbm5lZV9zZWxlY3Rpb25uZWUiOjEyfQ:1srcKo:McNXQlvHQJlkIajRdkZrjbKv3LfPeQfxGXDpiG50PKU	2024-10-04 12:02:02.927+00
7djt9r8zexodbivrm1zilc33s6drahb1	eyJpZF9hbm5lZV9zZWxlY3Rpb25uZWUiOjExfQ:1sSg7Z:CVItgdB2yyQnQ6szZ0wpFf2itEnOwuuTiQe7KFEIsYQ	2024-07-27 17:01:17.982+00
7fqi2j1t7u1w9xp3mdju0kjbqgf80i0g	eyJpZF9hbm5lZV9zZWxlY3Rpb25uZWUiOjEyfQ:1sriGD:1capbuGvLeKJoZgloh_JXgYxNMc54_qsKPsC6Nta5gU	2024-10-04 18:21:41.837+00
7gsj7z1jlklbe1l67xhr39n6em5lop1u	eyJpZF9hbm5lZV9zZWxlY3Rpb25uZWUiOjExfQ:1sYpET:yQV13S7VPi5c0Z9a0JofjjSdQzcGZA4ZqIIqG6E4f8U	2024-08-13 15:57:49.02+00
7h0ajfi17y402tpc86du1q59hohjjtdr	eyJpZF9hbm5lZV9zZWxlY3Rpb25uZWUiOjEyfQ:1srcH0:r6uO9IB2Acm-_IOxlyZYDbWY6KFnisvwFLzHis8IfdU	2024-10-04 11:58:06.382+00
7i6y7ile5xtp6t35gcldfas2jxsmk3oe	eyJpZF9hbm5lZV9zZWxlY3Rpb25uZWUiOjEyfQ:1sySO9:kw4srBpFSOGl2K_Jx9AnSEj_Q1QgW0kUIqb9Dd5WvE0	2024-10-23 08:49:45.806+00
7ranp83q53hsi1vv8f97mn8b97yi6k51	eyJpZF9hbm5lZV9zZWxlY3Rpb25uZWUiOjEyfQ:1sbMkc:XWT-rB93027YKlewz-hy9v3deTPwpSzpOcs-EOmr8pI	2024-08-20 16:09:30.081+00
7ttu34ixyp0xypk6n545c2mnffppgbm8	eyJpZF9hbm5lZV9zZWxlY3Rpb25uZWUiOjEyfQ:1sySzm:Tzs1f2W5opSZQeA4soJmGQj3YAFj1jmwazqjJr-Jb-w	2024-10-23 09:28:38.871+00
7wh708k4712mm13pzn4m1jttaq5c3uvz	eyJpZF9hbm5lZV9zZWxlY3Rpb25uZWUiOjEyfQ:1t6AAD:vFDFMT4PTLKLi8rWEPb76GC0oP41cV_mGvswaWb76qc	2024-11-13 14:59:13.96+00
7zu89whfhm0a7b1ek6ehfe95bl1pc92l	eyJpZF9hbm5lZV9zZWxlY3Rpb25uZWUiOjEyfQ:1sonhe:wtiwGYfwPETA7X0sic4V3vQbbdzLXQxie8DU2Mutkfc	2024-09-26 17:33:58.896+00
81aevuuw0ilqvtz9xd5cjbyivbzu41tm	eyJpZF9hbm5lZV9zZWxlY3Rpb25uZWUiOjEyfQ:1sitUt:uPrWUNJO1ldQw8S2DiWd8n1pirmNsONNv7lrGZlehs0	2024-09-10 10:32:23.399+00
8201pv641w21crwg56aepy4bp4uwj67e	eyJpZF9hbm5lZV9zZWxlY3Rpb25uZWUiOjExfQ:1sEXXV:DL5tstfpSPNe-6shL4d7beqownXxQ4MqG96yt1dOUHY	2024-06-18 17:01:37.82+00
82a0ogdo3jniplyuiy33hi4rhpq3ixxt	eyJpZF9hbm5lZV9zZWxlY3Rpb25uZWUiOjEyfQ:1syxTM:k_RXrzJzmzVKcyg1tWdXJOVdVGIp3HnnqC3GGbF4aP0	2024-10-24 18:01:12.18+00
84n715dd0ihrla633kvufdfofiisfv7b	eyJpZF9hbm5lZV9zZWxlY3Rpb25uZWUiOjEyfQ:1t13vv:2pNAmmhWG32wI9f_0zASyie8Qk97ENFAn0ukvoMntqs	2024-10-30 13:19:23.613+00
859nis8y8jyxjj2zqw6r92vy31di4ufz	eyJpZF9hbm5lZV9zZWxlY3Rpb25uZWUiOjEyfQ:1snf5b:SijvzeU-V-3My7tOcxJJqIM69SMI7-rfna4JYLLmu1E	2024-09-23 14:09:59.938+00
87bblh53u9uzcxdwfjyrinn9rr14yxhv	eyJpZF9hbm5lZV9zZWxlY3Rpb25uZWUiOjExfQ:1sE3Gl:wToJ4OpjfczaA9DsKDLiWnNYTVG6jIij3PARC0uw1uI	2024-06-17 08:42:19.703+00
8cqodaouj040c1wckx8tk060gvn5ptmp	eyJpZF9hbm5lZV9zZWxlY3Rpb25uZWUiOjEyfQ:1sonhe:wtiwGYfwPETA7X0sic4V3vQbbdzLXQxie8DU2Mutkfc	2024-09-26 17:33:58.62+00
8h7d0toqpp3t2g2oci3r3r1z41i3m9z9	eyJpZF9hbm5lZV9zZWxlY3Rpb25uZWUiOjEyfQ:1ssi58:5F-8iupYOcKkJrcBejKbU2IxPlhWVi1TQWRbIHEd7dc	2024-10-07 12:22:22.188+00
8hg3g2a1hhizxgzsu5iim5rol7zqxvlx	eyJpZF9hbm5lZV9zZWxlY3Rpb25uZWUiOjEyfQ:1st1A2:5Vt-rI7RfynppGTRFC_WrEKzGzwfrTTo_vaSdu2COTs	2024-10-08 08:44:42.118+00
8n2pwd2ph8euyxsxwtyqq6z0v6r4ai1k	eyJpZF9hbm5lZV9zZWxlY3Rpb25uZWUiOjExfQ:1sURER:K-vCnjOKadNqSxq7wHSedQ9kT-3wr_zgdnJReE__R58	2024-08-01 13:31:39.511+00
8ol3esh5l0okap6x5s34y0v54hz9z887	.eJxdj81uxCAMhN-FcxVBCD-7vu29z4AMOBvaLKmAnKq-e0MVqd2eLH8znpE_WYoOcyZylVYKLW19YVcmBHthDve2uL1ScSkeUD4zj-GdchfiG-b7NoQtt5L80C3DqdbhdYu03k7vU8CCdTmurTZGSy5mblAFEcxIYtaeuFDzxc6ce2U5Su010sSVMgqjDZGj8lyP1ENTdTGV4wHai4tUHbX9GOzayk4_cgcJc2PXGdd6slwp3fM_WikUanjE_aVhe3w09OsvfGBLVHoJk2BAgBAgFUwGJgtiBCFBwQXEBBbY1zeSS3ff:1t2oMQ:NRBy8_LvBNrUodakK8ChcDV5t2zgpu0bh6JeT5chvfQ	2024-11-04 09:05:58.781+00
8u903ac2cxk5adq95ojfcxk62pk254sg	eyJpZF9hbm5lZV9zZWxlY3Rpb25uZWUiOjEyfQ:1srhZe:d8TS0Q2bD6QQY9J7pdfXiHvNUdy6rVyWhGOF9fgmvlo	2024-10-04 17:37:42.326+00
8w2xcc2fuwr7q5vsz080ueeoqeyaxpmk	eyJpZF9hbm5lZV9zZWxlY3Rpb25uZWUiOjEyfQ:1swL4F:yks0_qDPUv6A5w5siigU68EQWX2E9gLnDI-FWaHI1QQ	2024-10-17 12:36:27.679+00
931dtkrh7zeycumodbvisbwljw4na4wc	eyJpZF9hbm5lZV9zZWxlY3Rpb25uZWUiOjEyfQ:1st3hR:HoPd98WlBQBhQK1dS0AJdCzE7Ux8sxGZ12LAlRYM7Eg	2024-10-08 11:27:21.41+00
93867zytmvfbj7nkd7cmevigj0ghlbun	eyJpZF9hbm5lZV9zZWxlY3Rpb25uZWUiOjEyfQ:1stk0h:XdNVn2wHY58YDHv41gViQKuONBseJUwlNgch9OeSPwQ	2024-10-10 08:38:03.549+00
93mdclvec5pqgepb0q3dwmltn9hb6fec	eyJpZF9hbm5lZV9zZWxlY3Rpb25uZWUiOjEyfQ:1sbMka:IPx16C99Fha4gVtPqPuaT8GMTs4FPYFFCI1CkJ8VYFM	2024-08-20 16:09:28.892+00
967sy9szpjpwgjs4wue7k1z1lxs5dcu0	eyJpZF9hbm5lZV9zZWxlY3Rpb25uZWUiOjEyfQ:1t13vU:hbvC0HnOgDE2EVPn4-m-dZupmflIwWnU3BEm0LkPRSo	2024-10-30 13:18:56.642+00
9ajwqvc7k8qslkbmn32s9vmg7cbf93eo	eyJpZF9hbm5lZV9zZWxlY3Rpb25uZWUiOjEyfQ:1tFtw2:3wEXyBCdBiiE-kpaEiqeZ9JiZa6xP_JZRug8XFTaaHA	2024-12-10 11:40:50.322+00
9ckckkxeap7orp3xecrftyw1wu1j6uo4	eyJpZF9hbm5lZV9zZWxlY3Rpb25uZWUiOjEyfQ:1stjyG:Ni0lcSwzdeiQ1P71-z-BPhP6et84PaewSRTLsSC0G3E	2024-10-10 08:35:32.613+00
9ihnv8yljp9j2e2gctk2e3f5cqvzvwse	eyJpZF9hbm5lZV9zZWxlY3Rpb25uZWUiOjEyfQ:1svDLy:SGXLPYr3dHeK6enp39orFILidWWvD7jS02bR9kwaNjE	2024-10-14 10:10:06.248+00
9k4mog20lrhq6xqmk2pkpklwpqrig31k	eyJpZF9hbm5lZV9zZWxlY3Rpb25uZWUiOjEyfQ:1sbMka:IPx16C99Fha4gVtPqPuaT8GMTs4FPYFFCI1CkJ8VYFM	2024-08-20 16:09:28.594+00
9l5quysds1g1e2amma5jz2r04za3sjyn	eyJpZF9hbm5lZV9zZWxlY3Rpb25uZWUiOjEyfQ:1srhK5:EbqyN7anM95v60QMrY5HVLC8GhFTWp6U9AuMnhjCKXs	2024-10-04 17:21:37.521+00
9nqyt97il181d4r9u5y9hyai7sw7f713	eyJpZF9hbm5lZV9zZWxlY3Rpb25uZWUiOjEyfQ:1st0oG:3C1YlsADr1eFZNfixc98_DCDDkt4fndrpjNKM1xmfeE	2024-10-08 08:22:12.625+00
9nr2hs89kw5zqe6gl22x7niyuda8zi5i	eyJpZF9hbm5lZV9zZWxlY3Rpb25uZWUiOjEyfQ:1sriJd:KTuoiZh73j9tWLQExv0lkP0EQLAbu1aREpJizWw-rmk	2024-10-04 18:25:13.092+00
9x7jzmuemaxpf3fur71wjwphjobv1pdo	eyJpZF9hbm5lZV9zZWxlY3Rpb25uZWUiOjEyfQ:1soK8L:fdeqjrVIFTyeXqNJiDL-eyLIfK58ywIAINkjLy8wobg	2024-09-25 09:59:33.381+00
9xc2ibmp1ma9eb8tggb2ddieaqhso0wa	eyJpZF9hbm5lZV9zZWxlY3Rpb25uZWUiOjEyfQ:1srhOR:LYjOWdqinOjBsW1D-WR2KJsWDJo-GbNEjWZoYa48fGE	2024-10-04 17:26:07.308+00
a1gtkjn00c023kfxwhodldktt49baz9w	eyJpZF9hbm5lZV9zZWxlY3Rpb25uZWUiOjEyfQ:1sdR3j:IpGM35J4YebAyHpIOkbzLv4r7FbnGACW0Yhc5NFmOCg	2024-08-26 09:09:47.309+00
a897rfnss2fvhjstg3toan5u6fduy6h9	eyJpZF9hbm5lZV9zZWxlY3Rpb25uZWUiOjEyfQ:1soJkz:RIT6-U-TwWZTARVUcm3tGxSzchJ-yptViUMWSOoYTCI	2024-09-25 09:35:25.505+00
a8jnkyo3ead1oqel55fcy934c6fei3u6	eyJpZF9hbm5lZV9zZWxlY3Rpb25uZWUiOjEyfQ:1t6AFw:NPIb0JH6BL6EZH9kPtQ1vyqzNsr2R5dl0OU80P3PV80	2024-11-13 15:05:08.298+00
a9a2ahe9wun38gvq4v4e23t3etf96o4c	eyJpZF9hbm5lZV9zZWxlY3Rpb25uZWUiOjEyfQ:1sonhe:wtiwGYfwPETA7X0sic4V3vQbbdzLXQxie8DU2Mutkfc	2024-09-26 17:33:58.79+00
a9f3tfnulpcgn2bhxstaceiua966vm7f	eyJpZF9hbm5lZV9zZWxlY3Rpb25uZWUiOjEyfQ:1srx4R:PyGI-MVRCfQJjz8WKv5rqUcAPju9xm7kjOQjMTJXEjQ	2024-10-05 10:10:31.947+00
ac9cxrknccltuqt0pnw5nzalcq7armmi	eyJpZF9hbm5lZV9zZWxlY3Rpb25uZWUiOjEyfQ:1t4gFA:oqiOGzR6GTGrcZQLzTVfs3G4l0MagGpkSU4UZr_Mg8I	2024-11-09 12:50:12.042+00
adfu80a3bopl01upws256yr9rdd30vrj	eyJpZF9hbm5lZV9zZWxlY3Rpb25uZWUiOjEyfQ:1t67Nu:Jin0Tjde1aQn0BgGqeuHcgFGkoBvAJAKQYexqxOckrQ	2024-11-13 12:01:10.961+00
aduwdtt91di05kc1g3av42xwpkmg6f6q	eyJpZF9hbm5lZV9zZWxlY3Rpb25uZWUiOjEyfQ:1sbMmd:QM0WUo5_J-7QQnRsYe5vTnLGvZqMw_yraFJ2UfTioGw	2024-08-20 16:11:35.602+00
ag5629ucfsw5g0rai1zm0tn2zauotatn	eyJpZF9hbm5lZV9zZWxlY3Rpb25uZWUiOjExfQ:1sYn7l:vqKI_QhpNZ9IE4CGRw0b2xCxhZpn8NW8uujfoTvwZew	2024-08-13 13:42:45.58+00
aldhwx7n4ulrc7r1re35blk6va5uij5d	eyJpZF9hbm5lZV9zZWxlY3Rpb25uZWUiOjEyfQ:1srigl:Diushkp4s4_q5bkhTj2ebH_kq9wucpc29QjpZzV0LAo	2024-10-04 18:49:07.876+00
am3tlu4i0vyciaw0ussspgolrovf9lzv	eyJpZF9hbm5lZV9zZWxlY3Rpb25uZWUiOjEyfQ:1srxdx:aLE0sGDXwdfen_Rot_zrex7Qo7AhtizSuLcUxw79CvY	2024-10-05 10:47:13.857+00
aoyd0yc51abkvm7kbx5zap0aqc6sj464	eyJpZF9hbm5lZV9zZWxlY3Rpb25uZWUiOjExfQ:1sEsIp:JurDiyVI3OlvzBZwZa2XqEFkTviEnCKxiLhRyb1j9lQ	2024-06-19 15:11:51.972+00
ar2pim0ofbb6kpt6bal5dcwyj0d2ep9e	eyJpZF9hbm5lZV9zZWxlY3Rpb25uZWUiOjEyfQ:1srgZA:utzSQ4CnpMzrGBnumdBo7vzGSNpepQ1HsDuAgba8E4w	2024-10-04 16:33:08.323+00
aud7bl8ywsgnbey60ykx430ysx2gnxgt	eyJpZF9hbm5lZV9zZWxlY3Rpb25uZWUiOjEyfQ:1sonhg:ylhY-DJP4Gw09Pbm-3kzodMbRt6jS8TH2SIERD2ouL0	2024-09-26 17:34:00.203+00
b0cmmihhfjxupumvbpcu4j10schub87i	eyJpZF9hbm5lZV9zZWxlY3Rpb25uZWUiOjEyfQ:1sryM1:mfBO1DBbIOejOSw96iO8yrgVS-wOebd1O5YEH3iaF30	2024-10-05 11:32:45.029+00
b1fvq14adbvevhz4akb8m9tpxxsxog6a	eyJpZF9hbm5lZV9zZWxlY3Rpb25uZWUiOjEyfQ:1sdRLY:61NBiKnu8HuSQhUu3K8FiD3BARUenRmUv_53SlXs5mI	2024-08-26 09:28:12.947+00
b3jwrmuf0u6tn9doeeoyevzl09vu90pu	eyJpZF9hbm5lZV9zZWxlY3Rpb25uZWUiOjEyfQ:1stjwp:IavxZG4xdqGnaf6nVq0_HCj6oURjnEZwu5u6OuONakg	2024-10-10 08:34:03.745+00
b4xin0b6kp3xzap0fm9t2xr6oi6l24im	eyJpZF9hbm5lZV9zZWxlY3Rpb25uZWUiOjEyfQ:1stjpk:nYI_ZJFBHXRIu7GVKsseslFEF_GZdpnJk_-lhCILoqY	2024-10-10 08:26:44.346+00
b8g34hctek3t85j6gx2bar9q5azn7v69	eyJpZF9hbm5lZV9zZWxlY3Rpb25uZWUiOjEyfQ:1srjry:hx_RXJQy1lHH9oec-yfncVKItOfrAqslYiK0nBzePHE	2024-10-04 20:04:46.06+00
bc57h8jl51ir3xp6pipkol49vider7nj	.eJxdj0luwzAMRe-idWFEdjTYy-x7BoESqVitIxUaVkXvHjlwgKQrgu9_PoC_LKCBGIlMoY1cDWlf2MI4Zx_MQKuraYWyCdjh9M4suG-Ke4BfEK9pcCnWHOywV4YjLcNnQtouR_dNsEJZ-7X0NAmpQSHnZ61OUqN1AoR1EhVJGKUADmr2M1eTFCOe_Xxy3GvUalJ87NJQDIbcH6CWDVIxVFsfbKm50SPeQYBY2eJhKweLhcI1_qOFXKYKXfdKXbr9VLDbE_7dAYGfbFM:1slBqs:ktbND5iheiUzAgdtdHcu89hAumUYEyI7vfWbqkLuOTQ	2024-09-16 18:32:34.941+00
bddd1vx5ln1r6prwquqevz8x9dw55g5z	eyJpZF9hbm5lZV9zZWxlY3Rpb25uZWUiOjEyfQ:1soJl0:C-MmShETN__co_nc9GDgLAjIz_XVyi9HE3fKpIKYeog	2024-09-25 09:35:26.632+00
bi68ohloh1mrpup4qzlfkaqy0ja48vc9	eyJpZF9hbm5lZV9zZWxlY3Rpb25uZWUiOjEyfQ:1tcR9z:JEfITFtf8Kw5wISJNuQZi8sq4rniYtSwsJ0MTwlRGPg	2025-02-10 15:36:23.872+00
biqdpht83iwaagmatr0lpp90kpbgfjw8	eyJpZF9hbm5lZV9zZWxlY3Rpb25uZWUiOjEyfQ:1t6A5S:0277j187vMnDsHM_R9m6yKe5gt6BpZlE36tkZq7q97M	2024-11-13 14:54:18.089+00
bjy93ejmdyk0y5jbxeo0a34jf1x0v1dy	eyJpZF9hbm5lZV9zZWxlY3Rpb25uZWUiOjEyfQ:1svZvh:9rYprpd2spcd1Mu1bmZoLcDc5qQ4Fe9PKTUkhC46ock	2024-10-15 10:16:29.891+00
bkc9dijxkg90jg150xgibknf9i6e706n	eyJpZF9hbm5lZV9zZWxlY3Rpb25uZWUiOjEyfQ:1sZTvf:gbrgRsufQSIHjmIgFXbom5c-rzFaeGgjjGPmqHTFWfc	2024-08-15 11:25:07.891+00
blhnejrql8f1nome9mo91ebwuof1ozda	eyJpZF9hbm5lZV9zZWxlY3Rpb25uZWUiOjEyfQ:1sitU5:KnlTyZM0HuU-jgn36DHrbW91UicxMLDHWzEnMziR-QI	2024-09-10 10:31:33.002+00
bllnnro9q1qjfh7rsjpmz9r6xry1wdi4	eyJpZF9hbm5lZV9zZWxlY3Rpb25uZWUiOjEyfQ:1svwcZ:SONr_G52H-DEaZ3lvmESC9qqu49_2FHHLlwEYAEP_7g	2024-10-16 10:30:15.997+00
bqls3wa0c8d2vjluo1j58v5s1zuuu1tu	eyJpZF9hbm5lZV9zZWxlY3Rpb25uZWUiOjEyfQ:1src3e:d9TT-g2LOT0cvLffQ6GjY141mzW7dduIkOVSaM4zsaU	2024-10-04 11:44:18.383+00
br4qrxntxjmqf6j5o68e0on3z3nk1t14	eyJpZF9hbm5lZV9zZWxlY3Rpb25uZWUiOjExfQ:1sYOGd:EyKWlHWtW_ixKwNYHP9t_3IeF6WEQbJ8_QbpH6YwrlU	2024-08-12 11:10:15.142+00
btgdjzirs014hoqwv7edg6tqszc7afru	eyJpZF9hbm5lZV9zZWxlY3Rpb25uZWUiOjEyfQ:1srCg6:GtroKCXUWnTQabZ_U51SzhCetUKlV6yQEjfVNTcpgqE	2024-10-03 08:38:18.926+00
bvrndvb4dpzmw7fejb29105jr2ijl9et	eyJpZF9hbm5lZV9zZWxlY3Rpb25uZWUiOjEyfQ:1tBVKt:BS8w-WXYoDcsQbfjBbrq8sypBQ7nzuzRVbVwaPG6CIU	2024-11-28 08:36:19.592+00
bw3uvb4gii78vy90ldvzhuwyg03wtwof	eyJpZF9hbm5lZV9zZWxlY3Rpb25uZWUiOjEyfQ:1snYPe:rkPl7aAVPxdr5MMkLXn654oGo4B6i2qCgY4ZEfw-0gY	2024-09-23 07:02:14.877+00
bwl65w3uddjnxetcnvdrq0b3rm4b2nbx	eyJpZF9hbm5lZV9zZWxlY3Rpb25uZWUiOjEyfQ:1sryJX:4dR2w9VOE9Q530SeDxhV1LL1v-f-ffrqt-UKITBIQU4	2024-10-05 11:30:11.629+00
bwu4o8iyltl25gf7t16kbqflemhyouof	eyJpZF9hbm5lZV9zZWxlY3Rpb25uZWUiOjExfQ:1sYn24:eVPG_hkhBHggjXQdmumX3q83ZjR3y2nF8bhpXaD6RsQ	2024-08-13 13:36:52.64+00
bziixzs4szvultsf3cbf9yryld6lmssi	eyJpZF9hbm5lZV9zZWxlY3Rpb25uZWUiOjEyfQ:1sySOq:efZOmTjF5MxBOp5lVopmr4OoLxx6VapoVHBItpHG3D4	2024-10-23 08:50:28.319+00
c47fvzaidr1unujcgi01wvf8bn3tn9qc	eyJpZF9hbm5lZV9zZWxlY3Rpb25uZWUiOjEyfQ:1sbyzw:g3PZoTdMtHrboag49EjKIaK7_ayK0Joy9ZJuyAqsA0o	2024-08-22 08:59:52.754+00
c4fb6b344fv2jr1mmvtxyg46dapb3trj	eyJpZF9hbm5lZV9zZWxlY3Rpb25uZWUiOjEyfQ:1svwlR:TfrWNI6E8QW5GvCqApiNUKxIdewz7z5z5ZYSBzKY40g	2024-10-16 10:39:25.141+00
c4x7ib82yl5u02lci4rlv5i9orne0ufl	eyJpZF9hbm5lZV9zZWxlY3Rpb25uZWUiOjEyfQ:1sry9G:5PCbpRU9PsEgTZyhaunQx92wkj0P2ihFcONqpEVhqx4	2024-10-05 11:19:34.292+00
c8bl3fc98845zxo8qgbpryu9ybje0fnk	.eJxdkMFuxCAMRP-FcxWFABuIb3vvNyADZpc2Syogp6r_XlJFareSJctvxnOYT5aCxZyJbKWVfEvbcbCF8xeWqg2pdEh7sYGqpbb3xZZWdvqRD5AwN7ZEXOvJcqV0y_9oJV-oYY_7S_32-Gjo1l9ocW93u1cqNgW2MMGemEP_TvkQwhvm2zb4LbeS3HBYhlOtw-sWaL2e3qeAO9Z7_47KjVpLN_eZpBqVRgxGe6FDJG3QaWNE9DNdeHTj5KQIykdD0zQ6rS-yhz6wJSpHHUzADBw4B6FAziA18Am4AAUGuAQN7OsbImN3-w:1sATWi:vpBbqmKkzwgUoRm_4gV1SxJL1k9NqnVWLv4vFuhwVwo	2024-06-07 11:56:00.228+00
c98u5j0og787i4ezzomm71dwnp28764j	eyJpZF9hbm5lZV9zZWxlY3Rpb25uZWUiOjEyfQ:1szCCn:cmmTChj34NA79J00Te08fKe61EzupA9TeqNshETkMos	2024-10-25 09:45:05.615+00
c9k41i1epfelub4acptmap8ssz4ove97	eyJpZF9hbm5lZV9zZWxlY3Rpb25uZWUiOjEyfQ:1srCbI:BqpOkMVGINZYavIZStFJtzTokijpLAALo9peXfCr8Ms	2024-10-03 08:33:20.006+00
cabp4b15dbxvyjgjhojx8rz74gzptg4e	eyJpZF9hbm5lZV9zZWxlY3Rpb25uZWUiOjExfQ:1sElXB:9ZWQZTCbAuywhb88JZg733JbdfnH7dVI8Ihiqcr8Iuw	2024-06-19 07:58:13.132+00
cfobt6evxwdtpnpg85zlmrlbss9mklr7	eyJpZF9hbm5lZV9zZWxlY3Rpb25uZWUiOjExfQ:1sEtgq:QMSjmUpJs1umrsHvvey_Vf1ulWNTQGFxf2gvpVcUIG0	2024-06-19 16:40:44.316+00
cfukgz8hd26di1z8anx2cgue80fjo6y6	eyJpZF9hbm5lZV9zZWxlY3Rpb25uZWUiOjEyfQ:1sbyzw:g3PZoTdMtHrboag49EjKIaK7_ayK0Joy9ZJuyAqsA0o	2024-08-22 08:59:52.623+00
cna7d7nu4r02lt0j6yub6ywvbfvznwvz	eyJpZF9hbm5lZV9zZWxlY3Rpb25uZWUiOjEyfQ:1soJgI:SL1QiUtAbG0zqPWKuSlHlF-SbZs4NwEfRPugRAUSu8k	2024-09-25 09:30:34.533+00
co64tbuoh376mg4l7it4i6zee08je27l	eyJpZF9hbm5lZV9zZWxlY3Rpb25uZWUiOjEyfQ:1swLC5:8JkdScq5GjgptTVt8Tab__PE_OPdr5yWMIlJEtJKTkU	2024-10-17 12:44:33.738+00
con15cdwmjco24eljrc0lbwtgaev9xne	eyJpZF9hbm5lZV9zZWxlY3Rpb25uZWUiOjEyfQ:1sonhg:ylhY-DJP4Gw09Pbm-3kzodMbRt6jS8TH2SIERD2ouL0	2024-09-26 17:34:00.357+00
cp6yfe9qxfx4e0qohmtkkne3gfs6sm72	eyJpZF9hbm5lZV9zZWxlY3Rpb25uZWUiOjEyfQ:1stk1P:FYQxtG0NJlXKVqKo_fS8mxsiMi1ccEypoRWZe7U2Xqg	2024-10-10 08:38:47.368+00
cpfb5y8wuw7e02cbqc7vkjdecwv0ubwt	eyJpZF9hbm5lZV9zZWxlY3Rpb25uZWUiOjEyfQ:1ssiMc:weMljFK1UaEwEQNFfJPPliMcTQtAo6aMiHZWi9EySRU	2024-10-07 12:40:26.882+00
cqilsqmccfkkbiskd9pb6593ytg8tanf	eyJpZF9hbm5lZV9zZWxlY3Rpb25uZWUiOjEyfQ:1ssiFz:fvWTZJLOmNc5bBCZzBz1HQNeNZimRDFSCdUvcFp3Y8s	2024-10-07 12:33:35.997+00
ctk76zvs99bp5yizzx11f91311ig108b	eyJpZF9hbm5lZV9zZWxlY3Rpb25uZWUiOjEyfQ:1srhfB:xH3zorWhTcAVqh3P-urVTcXaRu4ZTa9djFzPolYtWqU	2024-10-04 17:43:25.676+00
cwvtjxxnwj53f6wg6wrqxmwomyd007nl	eyJpZF9hbm5lZV9zZWxlY3Rpb25uZWUiOjEyfQ:1smzdS:z0D-jSTldEHv8aj67BahyyUdYBTJLUoAzsC41LttzYA	2024-09-21 17:54:10.452+00
cyd1r3llibo70rhntq8qrkxau4xp6u9q	eyJpZF9hbm5lZV9zZWxlY3Rpb25uZWUiOjEyfQ:1stmzj:OoVxHDzbmsbxerQxEDFiKAwLT9sddxaEs2FplF9mcfY	2024-10-10 11:49:15.833+00
czv6gbi1jjie6i92ab3pgfziigh49gwb	.eJxdjs1OxSAQhd-FtWnKLaWlS_c-AxngcItWMPysjO8uNTXxuprMd858mU8WnKYYAV1wwNaQzoVtTLEnpqnVXbeCrIPrbHpkhuwb4hm4V4r3NNgUaw5mOCvDlZbhJTkcz1f3QbBT2fu1kaNcyFkBKZSH4LhxPnIaaVF2mVbPVyWs4NJAyHm1Nzl7MxG8WoSaPe_SULQLuf-PlrVD0aitD7bV3PATnyBQrGzzdJSLxYJwj_9ogc2o1HV_qU3vH5XM8Qu_vgFXFmxQ:1tVnVw:Dn6fGxJPFhbehWl320y6vlcMKtTsQ9lmR5IriLnGnJw	2025-01-23 08:03:36.811+00
d1p0ptsce4826xp5muamrstpwhg05r09	eyJpZF9hbm5lZV9zZWxlY3Rpb25uZWUiOjEyfQ:1sdWx4:0PC1DT4jsrLtjeXHMRrmZAbjlzn_71fstWxCnHxFBKk	2024-08-26 15:27:18.134+00
d2zdcln8mxjdwbva79ld6ikr4kqewiji	eyJpZF9hbm5lZV9zZWxlY3Rpb25uZWUiOjEyfQ:1sitIB:D0A4hXc0N6BkQbAEilINzdpThqDpuGNT0IsAMVq40sk	2024-09-10 10:19:15.131+00
d6i8u9lfplt661vljof729vjt05hl2av	eyJpZF9hbm5lZV9zZWxlY3Rpb25uZWUiOjEyfQ:1stjoC:VTyL48r5JKY2_0-spFSN7PtUshl8j3wGRTCFQd_ZKzI	2024-10-10 08:25:08.288+00
daouncw142ee1kzvimvxgtsc9l61w1rc	eyJpZF9hbm5lZV9zZWxlY3Rpb25uZWUiOjEyfQ:1t1Lg5:0IRaRtO_9hFR7WU8GqcOhb7bKyxwMuptQxY0uoAQiOE	2024-10-31 08:16:13.992+00
de4tmbv439xum4vg0viqq8drf851qlcq	eyJpZF9hbm5lZV9zZWxlY3Rpb25uZWUiOjExfQ:1sYhKX:q9fpI2COAbqwWEHNgtBwIH7GfZ7xGJ0oGt64FnU9D6I	2024-08-13 07:31:33.155+00
denbt2lpz7ngqesolv2u5wgnmquzkm6b	eyJpZF9hbm5lZV9zZWxlY3Rpb25uZWUiOjEyfQ:1sbyzw:g3PZoTdMtHrboag49EjKIaK7_ayK0Joy9ZJuyAqsA0o	2024-08-22 08:59:52.542+00
dfv8lk4b4u81am9ywzydeas49o9if7y7	eyJpZF9hbm5lZV9zZWxlY3Rpb25uZWUiOjExfQ:1sEUIU:HbX-TXe2sy7SsfWcb1WRdBJv4Mnv5EmQ-GwyK0-tfW4	2024-06-18 13:33:54.752+00
dsnwf42ep7ui3jxbdudywsbs0l5u94u0	eyJpZF9hbm5lZV9zZWxlY3Rpb25uZWUiOjEyfQ:1spPtF:iaKwcRZOGagBxLRYwhEo8PLJWtXSkdaXN6890uhZEBQ	2024-09-28 10:20:29.077+00
dv2cqbvfl75sfg6hd79b92jykwo6zdl4	eyJpZF9hbm5lZV9zZWxlY3Rpb25uZWUiOjEyfQ:1t67pC:BBJN5zSgR8MALjp4-qcYRGLUSNLh1z7bDjsMaATo5xU	2024-11-13 12:29:22.441+00
dwg7dncvon7nzwrbfw9da5lcl6eoo1fp	eyJpZF9hbm5lZV9zZWxlY3Rpb25uZWUiOjEyfQ:1srxqX:-y6fEVimGcvQW_KwF0WIUXXj1rB2oy8D0Hnni9imEII	2024-10-05 11:00:13.191+00
dxqukb3zspi5unl9vkwtcpxe4iu6iu2h	eyJpZF9hbm5lZV9zZWxlY3Rpb25uZWUiOjEyfQ:1sdWnm:ldBAzwSVmg4F6RztVrgNwzHtyu2bi11V5iFyz5jz2WU	2024-08-26 15:17:42.801+00
e0plsl3fw2edbrmi2fzhiznhdnqtfsgd	eyJpZF9hbm5lZV9zZWxlY3Rpb25uZWUiOjEyfQ:1sri2V:B-cZfGYpcDWNDl8xPuOaHH268vivNmJkk_OX2eay9-0	2024-10-04 18:07:31.818+00
e1srlq29rnhtkmsq13rai1dnozh2f4vr	eyJpZF9hbm5lZV9zZWxlY3Rpb25uZWUiOjEyfQ:1srChZ:2nZt9Xv4wQ7HMJxWikVaFBwd6HeF3auB1kxpCQeArWU	2024-10-03 08:39:49.642+00
e9ovqu32ae54s5mnwfqpuaeyv2izk2s4	.eJxd0D1uxCAQBeC7UEcWvwbvdOlzBjSG8ZrEiyPAVZS7B0dbxJGQEN8bXjFfLEWPORP5ShuFlvbzwW5CvLBUfUylIx3FR6qe2tEvdltwq_Sbn5Iwt4vlSume_2mlUKhh7_urYX98Npy3jq0c3TwebfVHpeJTZDem2MVmDB-UzyC-Y77vQ9hzK2kezpHhmdbhbY-0vT5nLwUr1rX_FlEEbRY3TiogDyPyKHFCaYjboEMgUiYuCi1yx4OzUlulnTNcWj1NSvbSB7ZE5VwHkwqUAzWBNCBH0AIkBylAjaAsiH4cCANiBDEB-_4Bo5J5wA:1sEtjj:xjEd2tnm9DaY8_Ys87VlW7qtEg6zL4-dOuuW91ykBN8	2024-06-19 16:43:43.333+00
eau5isidv0anjppa6hgqzb5h81igh41m	eyJpZF9hbm5lZV9zZWxlY3Rpb25uZWUiOjEyfQ:1sry5R:VmY5_BHepHzp_WJtdsgLND_XuIDIr2lLkYY9ysPjLq4	2024-10-05 11:15:37.479+00
ebesm7uxp6mi25ptlqp5zruxh0fio6hb	eyJpZF9hbm5lZV9zZWxlY3Rpb25uZWUiOjEyfQ:1sriBT:7r3iqwOD1X7mAccnwU2BA-6deZBXp6snsSpYKS7-eKo	2024-10-04 18:16:47.919+00
egmezv2qtmj92foi1pso96xi0qbuwbdu	eyJpZF9hbm5lZV9zZWxlY3Rpb25uZWUiOjExfQ:1sYpK7:PM3uFgvUR9ran8JuBDYAlzT3oUjX5efp8-98MxVu4z0	2024-08-13 16:03:39.22+00
eih0m1aopwuie0c5euk2q8v9qiicorna	eyJpZF9hbm5lZV9zZWxlY3Rpb25uZWUiOjExfQ:1sYpkC:9ljHTjPe8-hjSrKuM65PbdLnt2TfdS7wc2pViXL6aUQ	2024-08-13 16:30:36.645+00
ejj3swzvljbwxf4fj4rh870zir5ki76w	eyJpZF9hbm5lZV9zZWxlY3Rpb25uZWUiOjEyfQ:1sryEq:nh_YYRLBl98Yx2T0UDI3pgrJrmaCxdv9YKXnxkbu7-o	2024-10-05 11:25:20.599+00
ejmejg4amw7fbgtlqm2nux33heli84e1	eyJpZF9hbm5lZV9zZWxlY3Rpb25uZWUiOjEyfQ:1stjvk:F9itG8qKf1eMfIuvBh7e5xivlYeNFIQFp7Nz0g6IDjc	2024-10-10 08:32:56.392+00
epds536m3gscrsq669bbys1gtrbgrv70	eyJpZF9hbm5lZV9zZWxlY3Rpb25uZWUiOjEyfQ:1svZ4U:AfTAjM7JWLtkl_qq541L0icbolSGpoTmvBKil-ba_V8	2024-10-15 09:21:30.825+00
eumo2ygd931u66ewnjgur23filfpytts	eyJpZF9hbm5lZV9zZWxlY3Rpb25uZWUiOjEyfQ:1sjI4o:B8nBbiGV1JCpN6bLVE0T_6NNiTKyaoKlziRB5q1706k	2024-09-11 12:47:06.606+00
evrhp7k2jgh8ld387zetqnfnhgh0m7av	.eJxdzMtuxCAMBdB_8XoUESADybL7fgNyjDOhTaHisar6702qSPNYWT732j8QvMMYmV3hjamGdCww9f0FQnE-5B25Zee5OK5tHzDV3Pg_PiBgrDAtuJXTYuFwiy9amDJX3N89KqWv74rzdkeHra6uFc4ueJhAwZPNSJ8cj8B_YLyljlKsOczdUenOtHTvyfP2dnafHqxY1v269z3pYbHXUREKuqLwEkeUAwtDmohZDX5RaFBYQdZIbZS2dhDS6HFUEn7_ABWfa_M:1sGckI:iREXZwe8rsiCUuzhlnZA1rsR_6cht86g3uVv1MNcEpg	2024-06-24 10:59:26.49+00
ewt761a5gt7wsenghww0mclfhfffkz0o	eyJpZF9hbm5lZV9zZWxlY3Rpb25uZWUiOjEyfQ:1sdR1C:ZecPhGge6tb2u_c1pOTVoGfH8hMPb7vjTLkD3l0fsFk	2024-08-26 09:07:10.139+00
ex1z1q86zog1mkaf280piyimujlcumgx	eyJpZF9hbm5lZV9zZWxlY3Rpb25uZWUiOjEyfQ:1src4R:5x8yKrjD6Li3GzqnEs99Ep-4PU4WSvdwtNx5C6Vpf58	2024-10-04 11:45:07.658+00
ex6kzw19lv1wv3mav4yu9ugapphfd2t1	eyJpZF9hbm5lZV9zZWxlY3Rpb25uZWUiOjEyfQ:1szAWW:jKftPyADlwKDmUn1TMr47lGUHgNUAOHpyv9eQhx6yLw	2024-10-25 07:57:20.469+00
ezimhagl7dydquy1ykcjigyqd90ozc50	eyJpZF9hbm5lZV9zZWxlY3Rpb25uZWUiOjEyfQ:1scNG0:-jBRoUNuvnt9r-zfEiPdJgY8E6iK3A3bG2WOr04aHeM	2024-08-23 10:54:04.144+00
f1jh80efx79342incwimynu3ihlfdopf	eyJpZF9hbm5lZV9zZWxlY3Rpb25uZWUiOjEyfQ:1st0p8:YLaNtRrq8e5ZQeg62dpCZKUP7o_LMdY_Mtr37JmgOrU	2024-10-08 08:23:06.019+00
f6xrqzb8ws1418ezvgjhd4xl7etre2fp	eyJpZF9hbm5lZV9zZWxlY3Rpb25uZWUiOjEyfQ:1szBY9:AWrxuP0r6iZ6jiT-jXgNZo2y1Zr1q-oGtE17tDusSTs	2024-10-25 09:03:05.916+00
f8d0vc3s775vyl763okclpmgnavoflq4	.eJxdj0luwzAMRe-idWFEdjTYy-x7BoESqVitIxUaVkXvHjlwgKQrgu9_PoC_LKCBGIlMoY1cDWlf2MI4Zx_MQKuraYWyCdjh9M4suG-Ke4BfEK9pcCnWHOywV4YjLcNnQtouR_dNsEJZ-7X0NAmpQSHnZ61OUqN1AoR1EhVJGKUADmr2M1eTFCOe_Xxy3GvUalJ87NJQDIbcH6CWDVIxVFsfbKm50SPeQYBY2eJhKweLhcI1_qOFXKYKXfdKXbr9VLDbE_7dAYGfbFM:1sghcf:fQSZXvsnnlhA_UlxfoDI9eLwfqiiGsvhcbhEdRvmTHY	2024-09-04 09:27:21.508+00
fgp2u83w0pn0ry7ef2yct2hheb4d26bm	eyJpZF9hbm5lZV9zZWxlY3Rpb25uZWUiOjEyfQ:1t4gF9:RhsRXcuBCIq7pWvfqslIbhMyTyX80jbecJxjwgTWqT4	2024-11-09 12:50:11.731+00
fjkb0m1d8605kchc4746o5h2sh1pjb68	eyJpZF9hbm5lZV9zZWxlY3Rpb25uZWUiOjEyfQ:1srcDD:MX0lpCEWpuxiDo4oKYsGTm_exGd7z_4k_29EpoHl0Ug	2024-10-04 11:54:11.537+00
fjq10ozp9fs4h3jrl57dkvjezcc33uac	eyJpZF9hbm5lZV9zZWxlY3Rpb25uZWUiOjEyfQ:1sryek:3T3xg5YZWJrrMgAvawXu3y6lyK8vVnw5qlfnhmBVFzE	2024-10-05 11:52:06.545+00
fma0xku7gfiyzb30nkuql2dr6yyf5mu3	eyJpZF9hbm5lZV9zZWxlY3Rpb25uZWUiOjEyfQ:1soJl0:C-MmShETN__co_nc9GDgLAjIz_XVyi9HE3fKpIKYeog	2024-09-25 09:35:26.538+00
fow884pnmi9i46qguq6khom7x3klzqek	eyJpZF9hbm5lZV9zZWxlY3Rpb25uZWUiOjEyfQ:1srgUY:wM1BTG_e7p7JDYtMX1txhpr-kTY8URcd3HL0tD7mvz4	2024-10-04 16:28:22.144+00
frcdth946xcdr9kbq5hvcq67o3k4nuhv	eyJpZF9hbm5lZV9zZWxlY3Rpb25uZWUiOjEyfQ:1src5y:-o_OXduQ54kLdXjspF2WbMeWX_yRUa6FecZ6xAe2_z0	2024-10-04 11:46:42.423+00
ftvqinejvw1b43k3cr87qwpi6wv06gyw	eyJpZF9hbm5lZV9zZWxlY3Rpb25uZWUiOjExfQ:1sEOt1:APaxwVIuQOyyOMZwq3RwlhoCZAfn7LuA7Rg90iLuDWM	2024-06-18 07:47:15.348+00
g6mu5x0gfkmrl62iw624uwd69h434q2g	eyJpZF9hbm5lZV9zZWxlY3Rpb25uZWUiOjEyfQ:1sbz4N:F-lobiiZ4Dm8hPyHuBKpd7roQODF0y5XieeK92tAOf8	2024-08-22 09:04:27.497+00
g8qfrg3rrmme413t7vjfeylfl2cqlxiz	.eJxVjLEOwjAMRP8lM4pkR21CR3a-IXJshwaqRCLthPh3qNSl4917dx9TJFKtqrHroryWtgczAVxMpG2d49b1HYuYyYA5dYn4pXUH8qT6aJZbXd8l2V2xB-323kSX2-GeDmbq83-dgyI48IxEAYP3OObE6TqQGzMnDJK9cBh5UHCMLgmIC0icHGUUNN8f8WJCUg:1s7uPN:VgZHwEEnf7t8DrtvtPw6s6l2gNrQxqeQElyRCLWbEKU	2024-05-31 10:01:49.376+00
g9qm2zvf4074qao6ug47bofxk20yhmz7	eyJpZF9hbm5lZV9zZWxlY3Rpb25uZWUiOjEyfQ:1sonhc:D-U0eJHvP5IXrO87daYqwFPpaE3ZyA3D1tii0-CeSUw	2024-09-26 17:33:56.543+00
ggve5e71wl8n9c4ljvbgsae91930yvfh	eyJpZF9hbm5lZV9zZWxlY3Rpb25uZWUiOjExfQ:1sEXqr:pQsspqv7q24UJKqawfHRbDB_4G_X_70Yqq-1FyQtAXk	2024-06-18 17:21:37.539+00
gj94o4v6ytepvxq07fjftjnfezbawr6j	eyJpZF9hbm5lZV9zZWxlY3Rpb25uZWUiOjEyfQ:1sdQsu:PW6QMJaE5IQo34bnTqCYZlFt3dhhMHiRmFzd38_i1Z0	2024-08-26 08:58:36.924+00
gjxtturoi4927d2xf1adjh4bvx8xmxte	eyJpZF9hbm5lZV9zZWxlY3Rpb25uZWUiOjEyfQ:1se9lQ:VLkFRNtzC_L41q5LMZonFxbyTSwxJ83G44qHOxcQ8OY	2024-08-28 08:53:52.103+00
gk5uac9fnasbddmdk86ij1famv7xnpaa	eyJpZF9hbm5lZV9zZWxlY3Rpb25uZWUiOjEyfQ:1sbMmd:QM0WUo5_J-7QQnRsYe5vTnLGvZqMw_yraFJ2UfTioGw	2024-08-20 16:11:35.359+00
gkli5cqwtdhnxoooneqzeqduwfhz6fep	.eJxdzMFOxSAQBdB_YW0aWh6l7dK930CGYXhFKxgGVsZ_t5gm-lxN5tyb-ymit5ASkWU6CGvM_RHbOD6JyNbHciK1Yj2xpdrOI7ZaGv3EHSKkKrYAB1-WmOI9_VMmLFThnPurmN8_KrjjFy20utvGVGz0YhNKPJgDfKPUA_8K6Z4HzKmW6IZeGa6Uh5fs6Xi-ug8DO_DeZ2_SoTKzU2HWBryRy00ZmhbpRwnzqnFxSBimSctVA6zOBVzRGI0mqAXF1zcCU2zB:1s7wDq:B79nlOiqYPO0nhdTP7hYw3z-meNePcHVGCW9aR4F9j0	2024-05-31 11:58:02.463+00
gnllvyin8n4ewogy8acnyd9y87y11mep	eyJpZF9hbm5lZV9zZWxlY3Rpb25uZWUiOjEyfQ:1sriDQ:9AvV6RQtqtS3a_z1r5D7Pkz5XuF5ls7Lgh0SQupEYm4	2024-10-04 18:18:48.56+00
gsz80uqo84zzqqr2zhf1jrrgli8p8g1y	eyJpZF9hbm5lZV9zZWxlY3Rpb25uZWUiOjEyfQ:1ssi9H:hezu3g25aRad15T3gx-iUDu0Ktbr8IofZVq19N5tfr4	2024-10-07 12:26:39.142+00
gyan4q33eowszsbplbud6vmwb9klyjvr	eyJpZF9hbm5lZV9zZWxlY3Rpb25uZWUiOjExfQ:1sVxgJ:LcMI52iJoh3xP84iaWKwvfsNTgR7iNSqCcoasPN_Bs8	2024-08-05 18:22:43.107+00
h29s9u1tor0z45zceb3shajiddtkp7ve	.eJxdjkFuxCAMRe_CuopMGCCT2XXfMyADzoQ2Qyogq6p3r6lm0XTxhHj_Y_MlUnSYM5GrtFFoae8XMcvxRTg82uqOSsWlKGahxMl5DB-UexDfMd_3Iey5leSHXhmeaR3e9kjb67N7GrBiXfn1ZKw1CuQCFnWQwY4kF-MJpF6u0wLg9QSojDdIF9DaaoxTiIDagxmpD03VxVT4-3QUF6k6agcfYl5wq_Sbd5Mwt5PLldI9_7OVQqGGPO-vDfvjs6HfWLZysHtgS1T6EqFguim43pQERjIjo5gLoxnDWIZ7inPFPTXexPcPCgd8HQ:1tSXJn:WQKZhtOWaLdQvrQ-RKvN3b2MBMaqGa_u_BgH6FjKb_A	2025-01-14 08:09:35.541+00
h6nt1zcexgw4hr3onaotp7y2qrwha95s	eyJpZF9hbm5lZV9zZWxlY3Rpb25uZWUiOjEyfQ:1sbMkc:XWT-rB93027YKlewz-hy9v3deTPwpSzpOcs-EOmr8pI	2024-08-20 16:09:30.083+00
h7kq08c619u8l1man3q6pl5h2wtcyuxp	eyJpZF9hbm5lZV9zZWxlY3Rpb25uZWUiOjExfQ:1sYpK7:PM3uFgvUR9ran8JuBDYAlzT3oUjX5efp8-98MxVu4z0	2024-08-13 16:03:39.148+00
h8at3s45rjdmnupt1w01tcudxlw7g4pt	.eJxdj8tuxCAMRf-F9SiaQCCPZff9BmSwM2EmhRGGVdV_L6lm0czK8rnXR_K3CGghRiLLtJMvIR2LWHp5ERZq2WxlyjagWESvtThRB_5B8YjwDvGWOp9iycF1R6V7pdx9JqT949U9CTbgrV1PxuvVjEpKM5FT0gPgAAavqJR2w6gABoPzPHoPGq8GV0k4zm4yPc1aqSYNbDHk9gDVbJHYUqltiGWFnekvP0iAWE4sMoVbfKNMPlOB5vtPffp6FnB7gyVX-vkFCKxtKw:1t67Dn:7IcYFFXOhqDxjC7R-Uvdr5TRCRLbelro2kooSau02eI	2024-11-13 11:50:43.326+00
hafml0zx0x9ec9a4do6d5fumtw3wmy72	eyJpZF9hbm5lZV9zZWxlY3Rpb25uZWUiOjEyfQ:1sZRJ5:P9Q-mimnYsfq-ZJ_gjYX0boSA4Y7mv2frgcVTzFGijw	2024-08-15 08:37:07.489+00
hb1qzo9nhapvjhknt80q55jsgrlcsvxh	eyJpZF9hbm5lZV9zZWxlY3Rpb25uZWUiOjEyfQ:1srhza:aM3oI-xX67EnvW5T1eF4ygc6aKtog0gQS2SWcTb6B2w	2024-10-04 18:04:30.98+00
hbw7if19i466y3nbnn3oxrqlkctz7hk6	eyJpZF9hbm5lZV9zZWxlY3Rpb25uZWUiOjEyfQ:1soJkz:RIT6-U-TwWZTARVUcm3tGxSzchJ-yptViUMWSOoYTCI	2024-09-25 09:35:25.981+00
hd3lewdeifgubhb5gguirj9si45x14pp	.eJxdjMtqxDAMRf9F6xLynJGz7L7fYCRbnrhN7eLHqvTfxxkC7RQEQudc3W_wVlMIIjrLLqb4eBywDsML-KytTw1KTdpK1lJqW7CWVOWhD-ApFFgd7flkIYu_hX80i0lSqNX9pSZ-fhXi_RdqqmXTNUvS3sIKEzwxJvMh4RD2ncItdiaGkjx3R6Q7be7eopX99cw-FWyUt_btFu4RZ762GeelX5DIKjQTWieoiFGpyZmrXAbH_cjzZBfjlIxjz4iXGX7uEP9spg:1s9jK7:Gt9aRLtTDi_IzokpcrAt_cISwmpXVtm37iEUe6ZZPnU	2024-06-05 10:35:55.624+00
hd7dfhhsog297jjjp69ql2da8n28ub1p	eyJpZF9hbm5lZV9zZWxlY3Rpb25uZWUiOjEyfQ:1srk0r:oqWgYFRk-LlKZrCLdmcmv4CEPX3dzAZ_DZCufYY-mZc	2024-10-04 20:13:57.036+00
hfsusgbyj1gp4jk9dj9clszwebnid84j	eyJpZF9hbm5lZV9zZWxlY3Rpb25uZWUiOjEyfQ:1soJgJ:AM2Nhwzgw2j5M-WgjGWVLVM8bfPzoH-SL8TaL8vLXlw	2024-09-25 09:30:35.367+00
hg3dv4kioi7oynx08y5qo8ey1jngla4t	eyJpZF9hbm5lZV9zZWxlY3Rpb25uZWUiOjEyfQ:1t66VR:DnMLowAMoQ34xVN0KVy4q-hAy9d_7T7rfunJf0zKCgc	2024-11-13 11:04:53.563+00
himlfwhuvbd73q3owr4je64tohgochst	eyJpZF9hbm5lZV9zZWxlY3Rpb25uZWUiOjEyfQ:1srxA3:uZK3mkndnZk65bM6BQcSYddH-wf4SDE60RCpu9YxWpQ	2024-10-05 10:16:19.261+00
hk4w3rz5met4k4425o4qll66xkswefir	eyJpZF9hbm5lZV9zZWxlY3Rpb25uZWUiOjExfQ:1sGcsD:asgayt_EyDVKtshzfh3c6dCuUrY8nNMJqXDRIVqgy-k	2024-06-24 11:07:37.981+00
hkn0do5swfl7du9sfkkbf64o61d88t17	eyJpZF9hbm5lZV9zZWxlY3Rpb25uZWUiOjEyfQ:1srcHp:U1WK6boMU3sTqx4EUQyZ_vYrQpHDWgpnk4X83pd9t4k	2024-10-04 11:58:57.762+00
hp3xum0xwihx8x92anesakdro85kri3d	eyJpZF9hbm5lZV9zZWxlY3Rpb25uZWUiOjEyfQ:1snYDI:bFB6q68XjvS9SohdUSfo8cFB1K1CtHw1sDgk4DyFavw	2024-09-23 06:49:28.658+00
hrlrqyfhkv1c5mi4bpdd1n88ikygli0n	.eJxdjkFuwyAQAP_CubIwDovt3HLvG9AC65jWwRXgU9W_d6kstelhhJiBhU8Rg8WUiGyhjXyNe9uIWUziRVg86mqPQtnGwG54dg79O6UWwhum-975PdUcXdeOdGct3eseaLudZ58GrFhWvj2CMTDIfpEGte-9UdQv4Ej2epnGRUqnR4kDOEC6SK2NxjD6IFE7CYra0FhsiJn_T0e2gYqlevAi5poP-slNRExVzAtu5XSpULynf7aQz1SRx_21fn98VHTbr3xgjZTbI0JpdVV6YC6MZoAxzMhMVwWS4Q7cgTtwB-7AHXpGXcXXNyfrfvQ:1tVQQE:3slJFBluWBTAbaLDz9i0eGynM6hWe8U7jXtnkmozXj0	2025-01-22 07:24:10.945+00
hsulb7fs9fwwis4b1wpzw0g4u8ob8qz7	eyJpZF9hbm5lZV9zZWxlY3Rpb25uZWUiOjEyfQ:1sbyzw:g3PZoTdMtHrboag49EjKIaK7_ayK0Joy9ZJuyAqsA0o	2024-08-22 08:59:52.27+00
hwzgd710arv3k3qlj6a1rf9po4oyqw6t	eyJpZF9hbm5lZV9zZWxlY3Rpb25uZWUiOjEyfQ:1soJgI:SL1QiUtAbG0zqPWKuSlHlF-SbZs4NwEfRPugRAUSu8k	2024-09-25 09:30:34.993+00
hz7gw5ebwaipdmyiyr01w1ohuda4pltq	eyJpZF9hbm5lZV9zZWxlY3Rpb25uZWUiOjEyfQ:1srcEK:4ml3Tm-z-Os1h3TPpvdyIKh8LRD4wPldxz3Fr-h8ho8	2024-10-04 11:55:20.647+00
i1u796bo8tijzcgzq29qp4t0j9luc7fe	.eJxVj81uwyAMx9-F8xSFAA3Ut973DMiAadhSMgE5TXv3kq6TVskX__4fsr9ZChZzJrKVVvItbcfCzoxz9sYs7m2xe6ViU-hQvDKH_pPyIYQPzNdt8FtuJbnhsAxPtQ7vW6D18vS-FCxYl56Oyo1aSzf3maQalUYMRnuhQyRt0GljRPQznXh04-SkCMpHQ9M0Oq1PspfesCUqVI8jYQYOnINQIGeQGvgEXIACA1yChm5P1YZU-r-0FxuoWmp7ONKt7PSQKVdK14y5sXPEtf7SSr5Qwx79T_12-2ro1j_4cwcOMXDx:1sCL23:AeRoa6bsAN1fCp11EmAyXwopBRG-OjCzo2fudIHlXa0	2024-06-12 15:16:03.127+00
i7vzketi9rp2b1lg1vcpq012ax60t360	eyJpZF9hbm5lZV9zZWxlY3Rpb25uZWUiOjEyfQ:1srcEw:N744OMbzV1J3dhnoWKQDgqKAvAm-DwmuKQBu_nFXQ8o	2024-10-04 11:55:58.772+00
i94y040kqx4063rncsfp1bv8ax59lmrq	.eJxdkM1qxDAMhN_F5xJW9von0W3vfQaj2MrGbdYptnMqffcmJdBuQSD0zWgO8ylS9JQzs6-8cGhpPQ4xALyIVH1MZYe8FR-5em7bvsTQysY_8gES5SaGiZZ6slw53fM_WjkUbrTH_aVhfXw0Gpdf6Glrs98qF5-iGIQST2yk8M75EOIb5fvahTW3ksbusHSnWrvXNfJyO71PATPVef82EyttHNkIcHX2YlwcgyY9BhMtG5JGE5Dtpx6sMlrG69RfAkwuOqssyD30QS1xOeoQUqFyqHqUGqXBK6C8oARUBpVF2MchaASD0KP4-gahv3nc:1sUlpJ:UjVryOHq9c53lWlsGfonxwYi-MXiOYRf0l8JIfCZd10	2024-08-02 11:31:05.364+00
ieanoy4t2tr3nop8a3ogla74jj3jd0mh	eyJpZF9hbm5lZV9zZWxlY3Rpb25uZWUiOjEyfQ:1sryfF:qP30iUah4a6r6rUwgry-lMMlPJEGfvvqiXvCQyydLW4	2024-10-05 11:52:37.754+00
ifxwkc0xemxiqw5dxgp7g0v4tmxr6ini	eyJpZF9hbm5lZV9zZWxlY3Rpb25uZWUiOjEyfQ:1svDEy:4EiiCm4y-FSlemZw1HJ4DghnBUH_j-wjsovnVR47Kjg	2024-10-14 10:02:52.668+00
ijjd4sfxe3paa8zifvsa1tobueyjh1nm	eyJpZF9hbm5lZV9zZWxlY3Rpb25uZWUiOjExfQ:1sYpK6:VHLd5tBRYku4VmtKcpkwB9Dr5LBOhb1rYcIK9FFTf1U	2024-08-13 16:03:38.827+00
ime55jwy23u4o5k65q1hf60zze6mzb11	eyJpZF9hbm5lZV9zZWxlY3Rpb25uZWUiOjEyfQ:1soJgJ:AM2Nhwzgw2j5M-WgjGWVLVM8bfPzoH-SL8TaL8vLXlw	2024-09-25 09:30:35.092+00
imkhttedcnigwp31txbrmm89hm458vqw	eyJpZF9hbm5lZV9zZWxlY3Rpb25uZWUiOjEyfQ:1smzSY:lWUBpVktiPmKkYFkDBHz6LAf_hBHpmgNl1ThSSGJ-sM	2024-09-21 17:42:54.813+00
io8z0pnbtqf7zc65ccla5et3m5q274n8	.eJxdkMFuxCAMRP-FcxWFABuIb3vvNyADZpc2Syogp6r_XlJFareSJctvxnOYT5aCxZyJbKWVfEvbcbCF8xeWqg2pdEh7sYGqpbb3xZZWdvqRD5AwN7ZEXOvJcqV0y_9oJV-oYY_7S_32-Gjo1l9ocW93u1cqNgW2MMGemEP_TvkQwhvm2zb4LbeS3HBYhlOtw-sWaL2e3qeAO9Z7_47KjVpLN_eZpBqVRgxGe6FDJG3QaWNE9DNdeHTj5KQIykdD0zQ6rS-yhz6wJSpHHUzADBw4B6FAziA18Am4AAUGuAQN7OsbImN3-w:1sCesj:m4jdFRwpxpx0D4M5KNYafuLxJjZ5ACdJiBbKmyFtRqU	2024-06-13 12:27:45.657+00
iq912jsvjv2ax73bct01vfe5fhmpln4d	eyJpZF9hbm5lZV9zZWxlY3Rpb25uZWUiOjEyfQ:1svwer:0BnlUkoE8c-Tm6nGJflCu21kL95NnwKd5AT978xYNkM	2024-10-16 10:32:37.204+00
iqd4oe1z23y399nii5u5vj9nw8vcdcst	eyJpZF9hbm5lZV9zZWxlY3Rpb25uZWUiOjEyfQ:1st11N:flpasiSPo1voYu1Gp2GXu0pVp2Zk4WCG6HZWqaoT1rY	2024-10-08 08:35:45.194+00
it0dm283ezsijd77jm6xp16vtbqxgecz	eyJpZF9hbm5lZV9zZWxlY3Rpb25uZWUiOjEyfQ:1svF7I:owfAzKEaFEf0nIvqUG4s92c-zQI0wwUZB8ZJHaBHvSc	2024-10-14 12:03:04.953+00
iuk5v4vpl7fmqupdunx2ebwa4z0ww1ca	.eJxdjktuxCAQRO_COrKMjfFnmX3OgBooxiQORHxWUe4-eORImaxa_ar6qb-Zt4pCAFTGAVN8PBe28eGFKaplVzUjKW_Zxkb2xDSZD4QzsO8UbrEzMZTkdXdWuivN3Vu0OF6v7pNgp7y3ay17OZM1AlKsDoJj4Lzn1NO8mnlcHF9WYQSXGkJOixnk5PRIcOss1snxJvVZWZ_a-6hJWWSFUttgW0kVj_gEnkJhm6MjXyxk-Fv4RzNMQqGm-0tN_PwqpI9f-HMHMABsNg:1tZqBr:YkfLMVu50KDiZ4ITw5IfEYLB-TpecVFpenWPTTd64f4	2025-02-03 11:43:35.333+00
ivwzdb3o5zgzbuafkj112ne451agb7xj	eyJpZF9hbm5lZV9zZWxlY3Rpb25uZWUiOjEyfQ:1st2XI:y3UBA1naWECi_wPozCIXJuNoJPujTpsPYLqYdsL9rqw	2024-10-08 10:12:48.734+00
ivx67u5977ch161puec7exk0avqbdal9	eyJpZF9hbm5lZV9zZWxlY3Rpb25uZWUiOjExfQ:1sE3Yu:Raawgld2Eon3JYJy0Y7ZEvtmJVyr6pB9i5deaD3AoxI	2024-06-17 09:01:04.267+00
iwcdkh5yo426nealfz4mmuc999xhw0kj	eyJpZF9hbm5lZV9zZWxlY3Rpb25uZWUiOjEyfQ:1t66MT:IwIgVTDVfGoJJTHSp2ejtLLyWZ0zDRs4-8Xkl3o60T4	2024-11-13 10:55:37.852+00
ixnd2x9ruwj4q7gsyyb6l2vqs2aozzxo	eyJpZF9hbm5lZV9zZWxlY3Rpb25uZWUiOjEyfQ:1st1Ow:iy4XEVkfBbXNMpo5RKsv75M2KEtMB8VpZKwv_SKuWH0	2024-10-08 09:00:06.893+00
j2p257ncfp3i8kf2y5mm2wbo5dkeo21b	.eJxdj8tuwyAQRf-FdWTFgA1i2X2_AQ0wxLQORDxWVf89kHjjrEZz7p0jzR8JTkOMiLrgjraGNBaiZnp5Ra1u-p4c7kTR-ULeoBXMOjiiyMwoOVED9hfjiNwPxFuabIo1BzONynSkZfoeyq-jexJsULZ-7b1ABhyu62JAIufUMCkoLuA9OCkW6ym1xghO-ZU5Khg4kIZbhFWuRnZpKNqF3H_ClrXDorG2PojysBd85YMEiPXEYsFwix-0oM1YofuIqrm9oU33RwWz49H8fwKb_HQx:1sw1KR:SH-CFpjk5wJzk-e_14ZGRQ0FZNmcsjn8rquA26UTW38	2024-10-16 15:31:51.67+00
jblexz1jf7jlsv6mfa8lcyja9gm3uma5	eyJpZF9hbm5lZV9zZWxlY3Rpb25uZWUiOjEyfQ:1sonhe:wtiwGYfwPETA7X0sic4V3vQbbdzLXQxie8DU2Mutkfc	2024-09-26 17:33:58.731+00
ogvdl6n2x1t86lbu4kmomv88ibdd1yb6	eyJpZF9hbm5lZV9zZWxlY3Rpb25uZWUiOjEyfQ:1srygJ:B5DbCfy-t7SrrOicAVv6Hx0sI8_07n-MhFgawcNb9Ro	2024-10-05 11:53:43.742+00
u652zwt4lbw3z2m5c6zanxwb9t1fw77l	eyJpZF9hbm5lZV9zZWxlY3Rpb25uZWUiOjEyfQ:1stjuS:hK8ImcwNEaFvpq7-bd7ms2gQ3U1izQKbA5wsVXhjDYA	2024-10-10 08:31:36.84+00
jc85hb1p2a9beoqh3gg2pf54ikus1xpx	.eJxdzE1uxCAMBeC7sK6iIRl-kmX3PQMy2ExoU6gwrKrefZJRpHa6svy9Z3-LhA5yJnJMG4WWyrGIRcoXkdhhqjtSrw6JHbW-D7G02ukRH5AgN7FE2Pi0zJRu-Z8yhUoN9nd_NZTPrwZ--0UHva2uM1WXUCxiEk_mIXxQPgJ8h3wrQyi51eSHozKcKQ9vBWl7PbtPD1bgdb_WkSalLRiU8mrNRVv0QYHyQaMhDaNWIMHMcZZm0mrEa5wvQUaL1kxGjuLnDgcXbA8:1sQ2hR:gZQlIXXdJ0VitIZ0aHLnVZ0hpveZ4_ucoc9vLnB_u98	2024-07-20 10:31:25.182+00
jc9dcb2xl050nxlzmwo0ix766wl3sxru	.eJxdjMtqxDAMRf9F6xLynJGz7L7fYCRbnrhN7eLHqvTfxxkC7RQEQudc3W_wVlMIIjrLLqb4eBywDsML-KytTw1KTdpK1lJqW7CWVOWhD-ApFFgd7flkIYu_hX80i0lSqNX9pSZ-fhXi_RdqqmXTNUvS3sIKEzwxJvMh4RD2ncItdiaGkjx3R6Q7be7eopX99cw-FWyUt_btFu4RZ762GeelX5DIKjQTWieoiFGpyZmrXAbH_cjzZBfjlIxjz4iXGX7uEP9spg:1sBWCN:NH1fy4iVp7TkqpznEYjwck68rZ0iwPB2g9FBtHmlLIs	2024-06-10 08:59:19.124+00
jcoe6kvegeha7o6j14xikcqwauaz1xxb	eyJpZF9hbm5lZV9zZWxlY3Rpb25uZWUiOjExfQ:1sYpK6:VHLd5tBRYku4VmtKcpkwB9Dr5LBOhb1rYcIK9FFTf1U	2024-08-13 16:03:38.595+00
jd0dq44wdawvo9cbpmylmosied7mu3c2	.eJxdjkluwzAMRe-idWFEdjTYy-x7BoESqVitIxUaVkXvHjlwgKQrgu9_PvCXBTQQI5EptJGrIe0LW_j4wQy0uppWKJuAbGETe2MW3DfFPcAviNc0uBRrDnbYK8ORluEzIW2Xo_smWKGs_Vp6moTUoJDzs1YnqdE6AcI6iYokjFIABzX7matJihHPfj457jVqNSk-dmkoBkPu71PLBqkYqq0PttTc6BHvIECsbPGwlYPFQuEa_9FCLlOFrnulLt1-KtjtCf_uImNsEA:1soJik:ndqInHnEp0JuHX-t6QCONMXEar0nWsfg5Ozr6EXRAjs	2024-09-25 09:33:06.505+00
jdajxkokp0pvz57ug2des85fxk6meo7x	eyJpZF9hbm5lZV9zZWxlY3Rpb25uZWUiOjEyfQ:1srk06:hK3MQmMVj5e9AB5mdHjdHQGIHijW-DbgyHqeksUb_Mg	2024-10-04 20:13:10.945+00
jfkd81n90l0qvxrw9huzv7lo5vkzn9jc	eyJpZF9hbm5lZV9zZWxlY3Rpb25uZWUiOjEyfQ:1su8W9:TuoQ1qzIx4ffIKgcnjNysX0b9fpyjnDq0oxB3qsqoNw	2024-10-11 10:48:09.377+00
jfywg2u5vu0gia3w9zp2tocwmevtuvi0	eyJpZF9hbm5lZV9zZWxlY3Rpb25uZWUiOjEyfQ:1ss3Vg:0l_NZnlx2kRFqSNrJD_QKoUG68pzSZsI6mclhpId-iI	2024-10-05 17:03:04.825+00
jj2g7fqlqf38vmzdvniavgl2hdzsb8n1	eyJpZF9hbm5lZV9zZWxlY3Rpb25uZWUiOjEyfQ:1t6A9F:BQa3myAhRb6Xm-ENlrYoqDhzivB065HTmguXdmgfMVk	2024-11-13 14:58:13.432+00
jmdsej71vy45grwmzrm0ugty9qjsr3ty	eyJpZF9hbm5lZV9zZWxlY3Rpb25uZWUiOjExfQ:1sEY0c:pvFkCv3-qZVHnZ45CuGpWiKZpbnqBw6N8XW2t6bc6_4	2024-06-18 17:31:42.175+00
jmf2u8qora0h5crqjjj8im3vjbw3hqhy	.eJxdzMFOxSAQBdB_YW0aWh6l7dK930CGYXhFKxgGVsZ_t5gm-lxN5tyb-ymit5ASkWU6CGvM_RHbOD6JyNbHciK1Yj2xpdrOI7ZaGv3EHSKkKrYAB1-WmOI9_VMmLFThnPurmN8_KrjjFy20utvGVGz0YhNKPJgDfKPUA_8K6Z4HzKmW6IZeGa6Uh5fs6Xi-ug8DO_DeZ2_SoTKzU2HWBryRy00ZmhbpRwnzqnFxSBimSctVA6zOBVzRGI0mqAXF1zcCU2zB:1s9hEf:eEIeYXC1kZ5A7Y3W2uHWqYlcJT3YP6D85Tyzu6m6QP4	2024-06-05 08:22:09.156+00
jsb3weq2bnm6xixeadeqhi1441ghu5yc	eyJpZF9hbm5lZV9zZWxlY3Rpb25uZWUiOjEyfQ:1t4gF9:RhsRXcuBCIq7pWvfqslIbhMyTyX80jbecJxjwgTWqT4	2024-11-09 12:50:11.862+00
jsidl92jsv7l1y8obv5j4g0r0ummp9aa	eyJpZF9hbm5lZV9zZWxlY3Rpb25uZWUiOjEyfQ:1t67Rl:jhfOfWRSJ9w2oDmAR7jIuqFXtpx5uTR1y5wNVa9SGMA	2024-11-13 12:05:09.847+00
jun3in0ib28wb36i9uj8b7scawe9gp1b	eyJpZF9hbm5lZV9zZWxlY3Rpb25uZWUiOjEyfQ:1srgcg:R9fpNCjFhhuL35VMjt-YKabac9NZ1dFM1zITbFk7sKo	2024-10-04 16:36:46.237+00
jutg11bztvb7qmhs7zipr63tdzbt2s7d	eyJpZF9hbm5lZV9zZWxlY3Rpb25uZWUiOjExfQ:1sEthG:V7GGoheCQqidKlJEAF7anXysL3B7xwmkkc7q8FXYW0A	2024-06-19 16:41:10.671+00
jy4ejv8ci2xio61vaw80wrib4c6pohe8	eyJpZF9hbm5lZV9zZWxlY3Rpb25uZWUiOjEyfQ:1st1PU:2u7SjA5KK5TI0thnwOHfO0jRN7g1_w7eLQkjikCznyQ	2024-10-08 09:00:40.426+00
jz7u2qr1c8go78qy6mzyy8dflz26i2jo	eyJpZF9hbm5lZV9zZWxlY3Rpb25uZWUiOjEyfQ:1soJgI:SL1QiUtAbG0zqPWKuSlHlF-SbZs4NwEfRPugRAUSu8k	2024-09-25 09:30:34.277+00
k1hat55v7x2hmw6tz8eqhdm3nvx9usua	.eJxdkLtuwzAMRf9Fc2Ho5Ug2t-z9BoGm6EStIxeSPBX999qFgTadCJ57eQZ-ihQD5swcKi9MLa3HIkalXkSqIaayQ95KiFwDt20fYmxl45_4AAlzE-OMSz1Zrpxu-R-tTIUb7rq_lNbHR8Np-YUBt3YPW-USUhSjMOKJTUjvnI8gvmG-rR2tuZU0dUelO9Pava6Rl-vZfRLcsd73axUV2X72l8EQSrqgjBoH1D1LR5aI2fRxNuhQekneaeuM9b6X2tlhMHqXPrAlLsc7hAEHCpQC04N1YD0oDcpADwMoCx7E1zcGJndI:1sPlqe:5mg2V4Is6XkVGHezPn0SjhV97j26EtlPWUY3_cQnzhQ	2024-07-19 16:31:48.636+00
k3979m3donsox2tej3zovaaahrwnggoh	eyJpZF9hbm5lZV9zZWxlY3Rpb25uZWUiOjExfQ:1sE3K0:theMP70oynf_6RFooRajVF6dNF7qGVa65bmGnlqbs3I	2024-06-17 08:45:40.628+00
k3w1xixf8mvdu8d44ugf3qf6pes6vx51	eyJpZF9hbm5lZV9zZWxlY3Rpb25uZWUiOjExfQ:1sYO3S:r2qZ-wIQj1Bw-W5zwY_82SMmdJV8YWOzh7fEIWaPsxU	2024-08-12 10:56:38.489+00
k9esoq8v55aav8w22xb1t59zv2uup6vn	eyJpZF9hbm5lZV9zZWxlY3Rpb25uZWUiOjEyfQ:1t1Lg6:-P_RF5b3IAIuknyhbQIwbl2pIzCaXaS2Q7_Vfk3wjqo	2024-10-31 08:16:14.159+00
kfge848uju7i3fiutoa00lo9p3yk5f5j	eyJpZF9hbm5lZV9zZWxlY3Rpb25uZWUiOjExfQ:1sEUDG:sBpFo4aya5gi3KB4oqWhV5pQv45p2Cq987ilDP5S5OM	2024-06-18 13:28:30.295+00
kj1w4p14694ot4mkej78gjkg10lyr74z	eyJpZF9hbm5lZV9zZWxlY3Rpb25uZWUiOjEyfQ:1soJgJ:AM2Nhwzgw2j5M-WgjGWVLVM8bfPzoH-SL8TaL8vLXlw	2024-09-25 09:30:35.266+00
kjlz6ccjkcinh99nfhb78c46a9bb8fc9	eyJpZF9hbm5lZV9zZWxlY3Rpb25uZWUiOjEyfQ:1srcOp:rYuS9N2UlZ29Mj8XRP7Rl6DML9cE6hgeHYyrXIf5mss	2024-10-04 12:06:11.198+00
kn04uyjc5imjhxvggsv5v1g3z2op4xhs	eyJpZF9hbm5lZV9zZWxlY3Rpb25uZWUiOjEyfQ:1sdR3j:IpGM35J4YebAyHpIOkbzLv4r7FbnGACW0Yhc5NFmOCg	2024-08-26 09:09:47.206+00
ko42px8caizdwr9umlp2udfg5hdy11bx	eyJpZF9hbm5lZV9zZWxlY3Rpb25uZWUiOjEyfQ:1ssi8q:AdfcwwzHUoxLHOknXP-VZFmITs5x37BREpYfRkCna_0	2024-10-07 12:26:12.583+00
kr6x5s9nug1azvyr0zr8wztouu6rtnuf	eyJpZF9hbm5lZV9zZWxlY3Rpb25uZWUiOjEyfQ:1saKUF:IPzeIE-mEnugZegKLrdopmq0N3BjMAnVhbF9uvJI_Gg	2024-08-17 19:32:19.171+00
krj37z2dq5ytuviazyrlrkps3im1ayuh	eyJpZF9hbm5lZV9zZWxlY3Rpb25uZWUiOjEyfQ:1srhgP:M52JNf9ZsSw9Ae9g5gOMYawa7Dq9T1nUPz8hER9e9oo	2024-10-04 17:44:41.358+00
l2iacgscb02bx8u1gtaxfrkeyg7watac	eyJpZF9hbm5lZV9zZWxlY3Rpb25uZWUiOjEyfQ:1sbMka:IPx16C99Fha4gVtPqPuaT8GMTs4FPYFFCI1CkJ8VYFM	2024-08-20 16:09:28.894+00
l3koataqp2scm4yd252kawtm9ae12yud	.eJxdkMFuxCAMRP-FcxWFABuIb3vvNyADZpc2Syogp6r_XlJFareSJctvxnOYT5aCxZyJbKWVfEvbcbCF8xeWqg2pdEh7sYGqpbb3xZZWdvqRD5AwN7ZEXOvJcqV0y_9oJV-oYY_7S_32-Gjo1l9ocW93u1cqNgW2MMGemEP_TvkQwhvm2zb4LbeS3HBYhlOtw-sWaL2e3qeAO9Z7_47KjVpLN_eZpBqVRgxGe6FDJG3QaWNE9DNdeHTj5KQIykdD0zQ6rS-yhz6wJSpHHUzADBw4B6FAziA18Am4AAUGuAQN7OsbImN3-w:1sAWbA:tmBxcMsgdkUrktNZYA3ferR5vom4n3NOlMDy-5uDI_8	2024-06-07 15:12:48.374+00
l8et7132gtxw4rz9vp1bob09eizz3mdm	eyJpZF9hbm5lZV9zZWxlY3Rpb25uZWUiOjEyfQ:1sriqS:g7zZB_bbhes_-g32Q9uZZ43eIW9s7_9IXcDOFd4JhvY	2024-10-04 18:59:08.315+00
lb7dx64d40pbu93ow3vwk0q6j2gv1vvq	eyJpZF9hbm5lZV9zZWxlY3Rpb25uZWUiOjExfQ:1sTgsQ:38Clv3VKYSRPqzFBLN6GXi99-bMP2d4cYRKgnB-i_ho	2024-07-30 12:01:50.397+00
lcj2l97c7b0jtghh8av17fs2rjeadxo2	.eJxdkMFuxCAMRP-FcxVBCIEkt733G5AxzoY2Syogp6r_XqgitdvDyPKb0cjyJwveQoxENtNOWMLRFjYzwdkLC9n6kCqmM1lP2VI562BzSSf92A0EiIXNK-z5YjFTuMd_NBMmKlDr_lI8Hh8F3P4LLZxls2emZIOvh0j2xBzgO8Vm-DeI96PDI5YUXNci3eXm7vXwtN-u7FPBBnlrtQN3KPXo5DoqDV5zM0hNveFecBgnhcYh4dr3ik8KYHJuxQm1VqhXabCWPqAESu0dTCi1iMEsQvGqvkou7OsbeXV1cg:1s7wPe:u86Vtko-FT6N42F4_XSinpUY5tTdrr1DgiQe4h11_rA	2024-05-31 12:10:14.677+00
lcvxdsz1fgnc5n75bxorfigphcg148so	eyJpZF9hbm5lZV9zZWxlY3Rpb25uZWUiOjExfQ:1sYoyV:Bbzi-2eVeTY5Uix7m5pOtDGROEH1uglSg3nwKoRcarY	2024-08-13 15:41:19.55+00
ldvwfsabtzqes0tyuzwdqo0ur3xvq7cn	eyJpZF9hbm5lZV9zZWxlY3Rpb25uZWUiOjEyfQ:1srhL0:7eBLv7J1XuI0w93YvyRrrpcplVMPVLA2bDeejPXR9D4	2024-10-04 17:22:34.592+00
lffm5y1k9ycbyl9uq68t2d1x8wthuc9q	eyJpZF9hbm5lZV9zZWxlY3Rpb25uZWUiOjEyfQ:1srcBa:dVsepeyJePSbegOhsc1XmOcbqc-XJqxjMH69RLkdzis	2024-10-04 11:52:30.84+00
lh2wqa985pbp9g72e3s104gl0se6a6az	eyJpZF9hbm5lZV9zZWxlY3Rpb25uZWUiOjEyfQ:1t6A8J:tJuv544yKNirBU50prNWwplMA_bfil-H6nICMUbeK8A	2024-11-13 14:57:15.211+00
lksizmmo72tk7knpy3zd1y10tsglxzou	eyJpZF9hbm5lZV9zZWxlY3Rpb25uZWUiOjEyfQ:1siYFz:oRL16iRq5GdaXWjwlsHLkWXCM6wNxGT8Kjo0Nl2I3bQ	2024-09-09 11:51:35.834+00
lmhbeiduoq4o8u7rtoxtlrimfcdyh6zc	eyJpZF9hbm5lZV9zZWxlY3Rpb25uZWUiOjExfQ:1sU06b:DMGu4hBg9TRn7Hv9_b2CV3_yQ556H5XZRTKhNBJ7XNw	2024-07-31 08:33:45.579+00
lsajlo1dlbqgi2wb9nhpwvl57759hamh	eyJpZF9hbm5lZV9zZWxlY3Rpb25uZWUiOjExfQ:1sVC8B:srvWItWLXwvbbMMH3cf6n4uTbsFrCpPG3IU93ZjMl2Y	2024-08-03 15:36:19.346+00
lsi2s3jkdhusnckk2nac3kdit1ufa4v4	.eJxdkMFuxCAMRP-FcxUFCIaE2977DcgBZ0ObJRWQU9V_L2lXldLDyPKb8Rz8yWJwmBKRK7SRr3E_FzZx_sJicSHmBunILlBxVI822LTgVujHP0nEVC8sFYr39I8W8pkqtj421Xz8Qr8_PirOG_0lHR51dUeh7GJgE5Pswmb075ROI7xhuu-d31PNce7OSPd0S_e6B9puz-ylYMWytmtYSCowqAPng9E9mDB7hWr2EDQBClDIUY_LyLUEJcKwjL3niwlGS81FK31gjZTPdzA1WugtbwJuhbFKW2UsCAvSwmBBWYBm8ybRJC37-gaH83q-:1sUl57:v3UBfTNpKYGiXRanE6MBTpqD7uJUQvlmF-gTP6le_eg	2024-08-02 10:43:21.514+00
m0fxxggl3jiq1fcbkjllydqx47j3twm9	eyJpZF9hbm5lZV9zZWxlY3Rpb25uZWUiOjExfQ:1sYpkC:9ljHTjPe8-hjSrKuM65PbdLnt2TfdS7wc2pViXL6aUQ	2024-08-13 16:30:36.392+00
m0q6ch31zk3pi6o7p1k7lapkzw3r3mu4	eyJpZF9hbm5lZV9zZWxlY3Rpb25uZWUiOjExfQ:1sTh7Z:JqlHYjOTd33v1dAyW2tstk8cmSQw47ciWUG3EuBxqXk	2024-07-30 12:17:29.477+00
m0ta8kpwldkdxzdx7bpwspmg20gciqs4	eyJpZF9hbm5lZV9zZWxlY3Rpb25uZWUiOjEyfQ:1sdR4i:4U5TEWGu9wZQcNx2POlyu51VDXlpsC_pirl9BSfwxVQ	2024-08-26 09:10:48.43+00
m23k4h7w5zkgzwukqy71fs8x87ftonxf	eyJpZF9hbm5lZV9zZWxlY3Rpb25uZWUiOjExfQ:1sElOY:RKOYXvvPDCC-TafTi8z1QCJdw80HCfMaqO7pOcykyd4	2024-06-19 07:49:18.536+00
m3xebpwrsge0dwr92eor4h03itlddpkz	eyJpZF9hbm5lZV9zZWxlY3Rpb25uZWUiOjEyfQ:1t6AJO:W4CcyAe-eNw-elfXwSn0z_09oeisQozrCeQzn-VY3co	2024-11-13 15:08:42.904+00
mbkmzj2bd90mk2vgw7pvzsxnjoqo82nv	eyJpZF9hbm5lZV9zZWxlY3Rpb25uZWUiOjEyfQ:1sbyzw:g3PZoTdMtHrboag49EjKIaK7_ayK0Joy9ZJuyAqsA0o	2024-08-22 08:59:52.756+00
mcltktjsoay7jso2kgh9r84p0wmlznb8	.eJxdjrtuwzAMRf9Fc2FEdvSwx-75BoESqViJKwV6TEH-PXKRoe5E8NzLAz5ZQAMxEplCG7ka0r6whY9fzECrq2mFsgnIFjaxA7Pg7hT3AG8Qr2lwKdYc7LBXhk9ahktC2r4_3YNghbL2a-lpElKDQs7PWp2kRusECOskKpIwSgEc1OxnriYpRjz7-eS416jVpPjYpaEYDLm_Ty0bpGKotj7Y4mEr9JvvJECsBxYLhWv8Rwu5TBW67y916edRwW4d1tzo9QYcImwQ:1sbzIp:zm7yujyhu-fPIFQOkIVjeneIw7HO4rWilFCr6gS93_Y	2024-08-22 09:19:23.959+00
meh1ss2ayvqgsn05mul3g16t7ejrzhoc	eyJpZF9hbm5lZV9zZWxlY3Rpb25uZWUiOjExfQ:1sZ5rD:SHOwSqoWev7dV6ut0TclCs1FcH_9afIeNVO8WhG6D6Q	2024-08-14 09:42:55.659+00
miv6wmck7cs5nfni3nmtk1tcfe0opysy	eyJpZF9hbm5lZV9zZWxlY3Rpb25uZWUiOjEyfQ:1sriOD:xAhfFSspkqEGdwxtQ02ionQizAe2WGoMfmPcrwntPxM	2024-10-04 18:29:57.187+00
mnj2gbtnjhpuxkj4dwzidfgho6chy3m7	eyJpZF9hbm5lZV9zZWxlY3Rpb25uZWUiOjEyfQ:1st35g:ppbCTc-ROIbagzfDU4NlOsMr5l4SUC3XUDKH8fmSDTU	2024-10-08 10:48:20.311+00
moeagt79sr8uk9ikzmybm8wrp6omj5p4	.eJxdj0tOxDAQRO_iNYrsxPFksmTPGayOu2ZiCDbyZ4W4OzYKEsOq1a8-Un0Kz5ZCAGzGAVd87I9YhRrFk7BUy25rRrKeO5znR7qRe0PoEr9SuMfBxVCS34ZuGU41Dy-RcTyf3oeCnfLe0gtdlvmm3DyZC5jnEYa0mshopSeQ5mmRrK-SiK-AUW6TLaGcZLeMRppW6rNln9oE1GQZ2aLUdsRaUsWP3IGnUMR6oyOfLGT4e_hHM1xCoVb3l7r4_lFoO37h1zdF8G0n:1tBVMW:uW7SijQ3XTbzsntmWk_5vag47PJWlXiX0lfEZAzrqfc	2024-11-28 08:38:00.751+00
mp5x9kznkddk4cnsnm5ek8ga1cbuosiu	eyJpZF9hbm5lZV9zZWxlY3Rpb25uZWUiOjEyfQ:1sdR3j:IpGM35J4YebAyHpIOkbzLv4r7FbnGACW0Yhc5NFmOCg	2024-08-26 09:09:47.393+00
mrf5a12jmer29jtlhvnpn2g2nt3pl1h7	eyJpZF9hbm5lZV9zZWxlY3Rpb25uZWUiOjEyfQ:1st2rD:vCthnefAquWHCDD-3Uz_VaSPlFkykY_uK82kBagyL1U	2024-10-08 10:33:23.716+00
muuzls8s4zdbs2idzf7egwj2bpceie96	eyJpZF9hbm5lZV9zZWxlY3Rpb25uZWUiOjEyfQ:1t69on:6Q6mUWd0hLlvC_iQXdYscgMemOKJtFuvGLu-5F0nQ7k	2024-11-13 14:37:05.256+00
mvykejq5bik25h02lqgc4dsvx93k6wbp	eyJpZF9hbm5lZV9zZWxlY3Rpb25uZWUiOjEyfQ:1svwoT:c50Sxn4_bDStkmv5G1ZT_4JA8lQACucgS2OSa3AXcow	2024-10-16 10:42:33.147+00
myzrhmyjrjresmvfh14dvleqm95bdc30	eyJpZF9hbm5lZV9zZWxlY3Rpb25uZWUiOjEyfQ:1sry6C:5tcCHwamDeXZ9rRSk1jwHZhSKPZ6L5-zbBgWZ8pdEO8	2024-10-05 11:16:24.464+00
mzto1lkaeut0un6fe0e8gmqnscxgcii5	eyJpZF9hbm5lZV9zZWxlY3Rpb25uZWUiOjExfQ:1sYpD2:swVMFquttE65u9xLTm1dJsBkSmWgke2raUAZ-KASmJE	2024-08-13 15:56:20.094+00
n2seq5sdd7mj9gehnfzumicrf9d42lkf	eyJpZF9hbm5lZV9zZWxlY3Rpb25uZWUiOjEyfQ:1srCZM:zPKrq65QvyQP6s9_eVp4KhCWSomG14chMOwJshs-C0w	2024-10-03 08:31:20.308+00
n6ldkw8t5s2l7nmtp0a4brjsu8d9xgch	eyJpZF9hbm5lZV9zZWxlY3Rpb25uZWUiOjExfQ:1sYpK6:VHLd5tBRYku4VmtKcpkwB9Dr5LBOhb1rYcIK9FFTf1U	2024-08-13 16:03:38.999+00
n8z7tav7pqz04z88sodv59vjgslqadwr	eyJpZF9hbm5lZV9zZWxlY3Rpb25uZWUiOjEyfQ:1sbMmd:QM0WUo5_J-7QQnRsYe5vTnLGvZqMw_yraFJ2UfTioGw	2024-08-20 16:11:35.289+00
na5s1u5tbxap4t7yec9o0dnltjjno6c6	eyJpZF9hbm5lZV9zZWxlY3Rpb25uZWUiOjEyfQ:1sbyzw:g3PZoTdMtHrboag49EjKIaK7_ayK0Joy9ZJuyAqsA0o	2024-08-22 08:59:52.411+00
net5cjirsae3p402t9wogv12vur3wr3h	eyJpZF9hbm5lZV9zZWxlY3Rpb25uZWUiOjEyfQ:1soJl0:C-MmShETN__co_nc9GDgLAjIz_XVyi9HE3fKpIKYeog	2024-09-25 09:35:26.258+00
neu6mt8l5njywv0neajsl2s77mdjk7ol	eyJpZF9hbm5lZV9zZWxlY3Rpb25uZWUiOjEyfQ:1ssiZP:iIr6LH1Aot6Hwbr_4bDxLbUFVR2TitBoWLhQAm0HTVw	2024-10-07 12:53:39.373+00
nf1xapfrsqitnd0rb7hz4dzgaz2yrns0	eyJpZF9hbm5lZV9zZWxlY3Rpb25uZWUiOjEyfQ:1svwhM:rIJu2Bzgo2ImockE8GlqvLPZJdF_477rCg5gddvKIdk	2024-10-16 10:35:12.906+00
njx75ni8xxch6593pgb1xkuhvln486s7	eyJpZF9hbm5lZV9zZWxlY3Rpb25uZWUiOjExfQ:1sD4WD:ehrE8CZARc4FzF6gJlNsaL47E4qiX3mdKYl1d0OZeLU	2024-06-14 15:50:13.937+00
nl14d9u90f0wfyo48u0z949d2f4oj9bq	eyJpZF9hbm5lZV9zZWxlY3Rpb25uZWUiOjExfQ:1sVpqJ:u819UbNERSI6McIjyAGDuflsNN8AX9nZf9jruRmL2qw	2024-08-05 10:00:31.793+00
nogdmxjseviq61x7qzlns0ht9zbikikr	eyJpZF9hbm5lZV9zZWxlY3Rpb25uZWUiOjExfQ:1sYpK7:PM3uFgvUR9ran8JuBDYAlzT3oUjX5efp8-98MxVu4z0	2024-08-13 16:03:39.286+00
nqarxivwp86xbbss6sqt7xbi82k4zout	eyJpZF9hbm5lZV9zZWxlY3Rpb25uZWUiOjEyfQ:1srgYi:F8TSiD8LX6Aekfsxpj2iYE_qUVUlxy_c7qVsuDCYg1s	2024-10-04 16:32:40.024+00
nw4z0y394sc0zgc8rna0xa15295ju2ff	eyJpZF9hbm5lZV9zZWxlY3Rpb25uZWUiOjEyfQ:1t1Lg6:-P_RF5b3IAIuknyhbQIwbl2pIzCaXaS2Q7_Vfk3wjqo	2024-10-31 08:16:14.075+00
nwk0y6jyolenyt15t1ng97p2t40asoey	eyJpZF9hbm5lZV9zZWxlY3Rpb25uZWUiOjEyfQ:1stlSr:8GqhO9vG5jB3xEhHN9ljb1CJ5QvRU5Va7caHiBS5T2I	2024-10-10 10:11:13.714+00
nyfgdmqynw60ji89azztm8t0z9k5m6l0	eyJpZF9hbm5lZV9zZWxlY3Rpb25uZWUiOjEyfQ:1sonhe:wtiwGYfwPETA7X0sic4V3vQbbdzLXQxie8DU2Mutkfc	2024-09-26 17:33:58.472+00
o0881g07cyrr28ws6j2i9l5wlyhhz0su	.eJxdjkFuwyAQAP_CubIwDovt3HLvG9AC65jWwRXgU9W_d6kstelhhJiBhU8Rg8WUiGyhjXyNe9uIWUziRVg86mqPQtnGwG54dg79O6UWwhum-975PdUcXdeOdGct3eseaLudZ58GrFhWvj2CMTDIfpEGte-9UdQv4Ej2epnGRUqnR4kDOEC6SK2NxjD6IFE7CYra0FhsiJn_T0e2gYqlevAi5poP-slNRExVzAtu5XSpULynf7aQz1SRx_21fn98VHTbr3xgjZTbI0JpdVV6YC6MZoAxzMhMVwWS4Q7cgTtwB-7AHXpGXcXXNyfrfvQ:1tVnQ5:T9qpqvlCV8tvEIdos_95cTVjRM1Tg0IgH1R6PPjquBk	2025-01-23 07:57:33.42+00
o167ymhtcma4zab2c375fjabhaq3j1rr	eyJpZF9hbm5lZV9zZWxlY3Rpb25uZWUiOjExfQ:1sYi3j:Iau8Behnzu3ydAtHJSxBtSzBtFN8iw5P8LmNQ4uwYpU	2024-08-13 08:18:15.624+00
o51n6d9cxcm3833xr720tc5xedk56ay6	eyJpZF9hbm5lZV9zZWxlY3Rpb25uZWUiOjEyfQ:1stlSC:oD3efNDY6kt08RDg-Z2HgHGWS7wR7OFPRJtfkjWIVT8	2024-10-10 10:10:32.903+00
o53ed87dwgbi3mc7j63jud67ubc4ojtu	eyJpZF9hbm5lZV9zZWxlY3Rpb25uZWUiOjEyfQ:1swKay:uTDVOdzKrKOQWaWzYi2ZU69dqCeD3umBxHL78stQdN4	2024-10-17 12:06:12.376+00
o7sqz6llk1xnag4ge8v880kdid04e1t9	eyJpZF9hbm5lZV9zZWxlY3Rpb25uZWUiOjEyfQ:1srhML:vbewOV9lyF4a7vzG5f88aEe4aAwSTA_v2yqlKrcCtUM	2024-10-04 17:23:57.194+00
o8gzzlnxawcobxvla1nwe2m8excybk0m	eyJpZF9hbm5lZV9zZWxlY3Rpb25uZWUiOjEyfQ:1svaJg:1omP83BT0w3HpVcPB0qfiY9N0wsOlHWasgGtonViALs	2024-10-15 10:41:16.626+00
o8zhf2xz9u742m61t8iw62ft2ou4uopz	eyJpZF9hbm5lZV9zZWxlY3Rpb25uZWUiOjEyfQ:1srinT:BjSaLXBP2fAuq2838_YifEAHLGtFrLsCNDHD7XpTML0	2024-10-04 18:56:03.38+00
oay3pd672ljvdb21wcrve28hnienepdg	eyJpZF9hbm5lZV9zZWxlY3Rpb25uZWUiOjEyfQ:1sryDu:8w2fcTWEv33phAEq7V7JS2B_oXD-q27niadnr9HP7xU	2024-10-05 11:24:22.208+00
og85lo53dq5lntr0mqeqw64li36u70u4	.eJxdjkluwzAMRe-idWFEdjTYy-x7BoESqVitIxUaVkXvHjlwgKQrgu9_PvCXBTQQI5EptJGrIe0LW_j4wQy0uppWKJuAbGETe2MW3DfFPcAviNc0uBRrDnbYK8ORluEzIW2Xo_smWKGs_Vp6moTUoJDzs1YnqdE6AcI6iYokjFIABzX7matJihHPfj457jVqNSk-dmkoBkPu71PLBqkYqq0PttTc6BHvIECsbPGwlYPFQuEa_9FCLlOFrnulLt1-KtjtCf_uImNsEA:1szBao:9Sl5AvefWo4w33k0zbYhp7YEFCgNp6t-CaJzFk6Iwqg	2024-10-25 09:05:50.382+00
ogbihb456pok2hyyeb3d441qhle1yw5b	eyJpZF9hbm5lZV9zZWxlY3Rpb25uZWUiOjEyfQ:1ss3Sw:jb76gCWFllVjeiK0mA-ZqYzbCByjaRnBP80OdfPWrR8	2024-10-05 17:00:14.206+00
oh38vl09osjn377i1biuflf6tj3zl0i0	.eJxdjkluwzAMRe-idWFEdjTYy-x7BoESqVitIxUaVkXvHjlwgKQrgu9_PvCXBTQQI5EptJGrIe0LW_j4wQy0uppWKJuAbGETe2MW3DfFPcAviNc0uBRrDnbYK8ORluEzIW2Xo_smWKGs_Vp6moTUoJDzs1YnqdE6AcI6iYokjFIABzX7matJihHPfj457jVqNSk-dmkoBkPu71PLBqkYqq0PttTc6BHvIECsbPGwlYPFQuEa_9FCLlOFrnulLt1-KtjtCf_uImNsEA:1suTyR:xxsSkDbIO6lP3fZSyoOm31pIgokzTG1fo2gY7GCFA4s	2024-10-12 09:42:47.411+00
oimf62w1ykijrfn9l66rocjn7bx9kl9j	eyJpZF9hbm5lZV9zZWxlY3Rpb25uZWUiOjEyfQ:1srjmx:KCwN9Ien1YMDBYZAz7rMtwLpDwG86JFroB4VHF7Luoo	2024-10-04 19:59:35.405+00
oiykhhd21jluxhk2s7m9g2bv778rzcsn	eyJpZF9hbm5lZV9zZWxlY3Rpb25uZWUiOjEyfQ:1t6ADF:7Ps5pk3N_HrLJjpdBT1JtkG2YT6LySZDFEyVmHzG6Ko	2024-11-13 15:02:21.517+00
ol3a15xjxhgjd5w79y7jigo8r80aewc8	.eJxVjEFuwyAQRe_COrKICcb2svueAQ3DENO6UDGwqnr34iaRktXov_fn_wgLrW62MRUbvViFEqdn5gA_KR3Cf0C65gFzqiW64agMd8vDe_a0v927LwMb8HbMXqRDZSanwqQNeCPnizI0ztKfJUyLxtkhYRhHLRcNsDgXcEFjNJqgZuyj0VtIicgy7YQ15iOI9dwNWx9LZ9SK9cSWautHrLU0-teUmOI1QapiDbDzjTJhoQr99Zli_vqu4PYH_P0DWMplQg:1s7dUP:mefGxD5ciDSBfqwUAd8QEFdsQCUmYPY5nxi5RPsXxEA	2024-05-30 15:57:53.752+00
onix9hx72do6i917g8nzvctbgtv4vuuf	eyJpZF9hbm5lZV9zZWxlY3Rpb25uZWUiOjEyfQ:1t6AGT:wpFmi1jshnVMfHiTLMVKBRKGlByYcMvZa5m6TTiIiog	2024-11-13 15:05:41.927+00
oq8sxtqezv8uah6qcyg3oscixyz4b18h	eyJpZF9hbm5lZV9zZWxlY3Rpb25uZWUiOjExfQ:1sTgq9:GozNpIvb_OLKbSoRx7-iheLSzLd9FComAoLWBEBwRhQ	2024-07-30 11:59:29.515+00
ork32b6y4z059oksi49zmxilqq0oz6p1	eyJpZF9hbm5lZV9zZWxlY3Rpb25uZWUiOjExfQ:1sEUNz:sxDBH_-nc-bJ8XtB5ZwgCNr9Wd6pMCHB-7V5f_nZUFc	2024-06-18 13:39:35.492+00
ouw7bacse2q3qyd0torcuxwkfzlv484v	.eJxdjsFOxSAQRf-FtWmGVqB26d5vIAMMr2gFw8DK-O8WUxOfq8mce-dkPkUKFnMmskwH-ZbKWMQm5wdhsbfddqZqUxCbWMQdc-jfKI8gvGK-lcmX3Gpy06hMV8rTSwl0PF_dO8GOvJ_XqzZGLyAjGFReejOTjNoRSBWf1gjg1Aq4aKeRHkEpozCsPgAqB3qmIU1sQ6rn-9SrDcSWWj-H2Frt9BMPkDA3sUU8-GKZKd3yP8rkKzU8dX-pL-8fDd3xC7--ASbPbEc:1tJDZs:_zf6DiENiIO_fsyh3draWaDTmfuyCvm6LrJT2xN6tFI	2024-12-19 15:15:40.148+00
ovl5nsvchxiwn9dezrz6j9zqfutmp5du	eyJpZF9hbm5lZV9zZWxlY3Rpb25uZWUiOjEyfQ:1sonhd:tDkuH2XmI2Bmz2rZURSwgNMI4KsABGEQWg1FY2NInRM	2024-09-26 17:33:57.822+00
p0do4jdz2jv43c2l248xjei9tnvxs31b	eyJpZF9hbm5lZV9zZWxlY3Rpb25uZWUiOjEyfQ:1srhsL:WL57-KFNQTd-QW8RroQ22LQ94bpiOYXn9u7RTCdGiag	2024-10-04 17:57:01.04+00
p0snd8iq87ttskhtl80nivbv556tpwvn	eyJpZF9hbm5lZV9zZWxlY3Rpb25uZWUiOjExfQ:1sYiwD:IHIIwY-FVoIFSMiea6TJhgopBABcOa3APt3plxI2mWg	2024-08-13 09:14:33.582+00
p30he5x0ta51pbpeb330tthit2umkiim	eyJpZF9hbm5lZV9zZWxlY3Rpb25uZWUiOjEyfQ:1soJjp:UYZSaZ6S1BYmhETLiobzxnbZToPweLAPSuVjqzzWw4o	2024-09-25 09:34:13.247+00
p83ki0ysgfi75dk68qeg0px6n729zgjr	eyJpZF9hbm5lZV9zZWxlY3Rpb25uZWUiOjEyfQ:1t4gFA:oqiOGzR6GTGrcZQLzTVfs3G4l0MagGpkSU4UZr_Mg8I	2024-11-09 12:50:12.044+00
pabew1fozcay28s6cgm1l0fqv52xvy1b	eyJpZF9hbm5lZV9zZWxlY3Rpb25uZWUiOjEyfQ:1srcIH:yVGV7Lnblo-5YTng4YlWH7hAxX-_us1wutsKoPPGAuU	2024-10-04 11:59:25.376+00
pcmaom0ierkyvabtzmh4y8819pqie9lh	eyJpZF9hbm5lZV9zZWxlY3Rpb25uZWUiOjEyfQ:1sdWjE:guLyG03nY7K1cJSk73r5_AH7CKD-6m2AjYaqzViUJa0	2024-08-26 15:13:00.827+00
pi1r9jcv07p8u5b0kvuln60530xyu38o	eyJpZF9hbm5lZV9zZWxlY3Rpb25uZWUiOjEyfQ:1t67oG:kBin-DUADsUJxOG5D5BYQDZ2sGpkcGWpqSr0-LdZZiM	2024-11-13 12:28:24.196+00
ppqj99y25x2b1dxtmqk2rlgzafnnpanu	eyJpZF9hbm5lZV9zZWxlY3Rpb25uZWUiOjExfQ:1sEsPD:Lys0bOSyCGwgj2LcyRy_P2x9z2-LOSNiV1E0Es7vCE0	2024-06-19 15:18:27.275+00
psd7c44vt1ev55383xes6xbp4gum2t54	eyJpZF9hbm5lZV9zZWxlY3Rpb25uZWUiOjEyfQ:1soJgI:SL1QiUtAbG0zqPWKuSlHlF-SbZs4NwEfRPugRAUSu8k	2024-09-25 09:30:34.531+00
psy3345oj3kok0vg7yzup2w4td31ogzc	eyJpZF9hbm5lZV9zZWxlY3Rpb25uZWUiOjEyfQ:1srihX:JvNwqAfBwrh6PD1n8bxJI9B1W4eFjbbRcp-IBgY5hOc	2024-10-04 18:49:55.572+00
pt6yfp79pe9puwv6dtxnpww8fe6lbdv1	eyJpZF9hbm5lZV9zZWxlY3Rpb25uZWUiOjEyfQ:1suU0H:uhhALE0h184idhgtsTEeTxC7dZy_MUCrluIKpU2kd3Q	2024-10-12 09:44:41.664+00
pu4cax5v9umf0u756ybg9tz5efop9aq7	eyJpZF9hbm5lZV9zZWxlY3Rpb25uZWUiOjEyfQ:1soJkz:RIT6-U-TwWZTARVUcm3tGxSzchJ-yptViUMWSOoYTCI	2024-09-25 09:35:25.499+00
q1athzs24mssw1y6jmybzfjnvgs0hw4g	eyJpZF9hbm5lZV9zZWxlY3Rpb25uZWUiOjEyfQ:1soJgI:SL1QiUtAbG0zqPWKuSlHlF-SbZs4NwEfRPugRAUSu8k	2024-09-25 09:30:34.804+00
q35hmd71bqm09gfu1qjdhvjeq31ha73a	eyJpZF9hbm5lZV9zZWxlY3Rpb25uZWUiOjEyfQ:1sonhc:D-U0eJHvP5IXrO87daYqwFPpaE3ZyA3D1tii0-CeSUw	2024-09-26 17:33:56.543+00
q3hs4v4ww871tnkt4ym0m8ze6ncmhl3f	eyJpZF9hbm5lZV9zZWxlY3Rpb25uZWUiOjEyfQ:1srk6x:iP3x4h4KieivX3uEdOwFO-LzAvcDGidlgFnsWwVlVVg	2024-10-04 20:20:15.552+00
q618gltin6uq86p4h3qseos8kf4l2nh3	eyJpZF9hbm5lZV9zZWxlY3Rpb25uZWUiOjExfQ:1sSg7A:bFTmDbo4ptwWR3Qnp4kbvwQAZSIvj9Hf9y9ib_POaE8	2024-07-27 17:00:52.894+00
q7kzosaxvxzryaqtngm22tkpa4v3ocnm	eyJpZF9hbm5lZV9zZWxlY3Rpb25uZWUiOjEyfQ:1sbMkb:oBC7pN4O6T9hy40n4XFLKMy-RdH_w2JtDFxD6Zlx3k4	2024-08-20 16:09:29.076+00
qfpa0xwns8zc4riu6g2b6ro1i66efwkj	eyJpZF9hbm5lZV9zZWxlY3Rpb25uZWUiOjExfQ:1sEsdK:bH6WsrGqm7qdkDHc3SQFl9F62AQFPTVJhDZle1EGiTQ	2024-06-19 15:33:02.147+00
qgs7npq2jw8153bazkb6e0c0o0eal7cd	eyJpZF9hbm5lZV9zZWxlY3Rpb25uZWUiOjEyfQ:1sryLN:xNDB2AcyzGXE_I0J1M3WpQrQynedfzr6Jgw3vGHJin0	2024-10-05 11:32:05.034+00
qizfgk9ztm2t31aqo8q2ywx46gmtn8i7	eyJpZF9hbm5lZV9zZWxlY3Rpb25uZWUiOjEyfQ:1sonhe:wtiwGYfwPETA7X0sic4V3vQbbdzLXQxie8DU2Mutkfc	2024-09-26 17:33:58.417+00
qm7rbygh2e9rdyvt9xkwy6jjwt333q98	eyJpZF9hbm5lZV9zZWxlY3Rpb25uZWUiOjEyfQ:1t6AFN:jMTguZxMC8vGjUJbgJn0qcTywZJa9bU3GVtaIy8t_HU	2024-11-13 15:04:33.224+00
qoy7jk8udumqfq2k37tuv5o1r5nujmhe	eyJpZF9hbm5lZV9zZWxlY3Rpb25uZWUiOjEyfQ:1svwfl:3_5VvboMSIAoxtpt7VqE2eD462J-_vko5PgfeoaHbYg	2024-10-16 10:33:33.337+00
qrv0eed7ccmdbay9ch0y3z6ktx79kkip	eyJpZF9hbm5lZV9zZWxlY3Rpb25uZWUiOjExfQ:1sYpkC:9ljHTjPe8-hjSrKuM65PbdLnt2TfdS7wc2pViXL6aUQ	2024-08-13 16:30:36.769+00
qyhaeosng10ln56j007bodmn4jt7jp2y	eyJpZF9hbm5lZV9zZWxlY3Rpb25uZWUiOjEyfQ:1swKgP:UIz_fFPYeLrfE-KXncmvwlzQvwTwEmYpcAzsvrbLZTI	2024-10-17 12:11:49.801+00
r09k2ev26u332v45dyd55q9w885zatw4	eyJpZF9hbm5lZV9zZWxlY3Rpb25uZWUiOjEyfQ:1st29d:45vchdJ6pZ7mc4U_A7ycbU2HfUAD3I3df-qY67LXX0U	2024-10-08 09:48:21.021+00
r0ljjehj6sos9is3bm3puh7z6yl6go5n	eyJpZF9hbm5lZV9zZWxlY3Rpb25uZWUiOjExfQ:1sYpkC:9ljHTjPe8-hjSrKuM65PbdLnt2TfdS7wc2pViXL6aUQ	2024-08-13 16:30:36.538+00
r0ofb2zdbsnckw0rudckv3pswah3xs3j	eyJpZF9hbm5lZV9zZWxlY3Rpb25uZWUiOjEyfQ:1stlTb:tuTsjQ5rCp2n2jkurpi8IMDXowFEIZlfnBpOCzHaJVA	2024-10-10 10:11:59.277+00
r4vu93wvainolagstagikwdkjsgtc24c	eyJpZF9hbm5lZV9zZWxlY3Rpb25uZWUiOjExfQ:1sTebl:hv2dzzKvK0ntL3OlCPaV_sKPm4JA_moPHNz0-Bvzskc	2024-07-30 09:36:29.042+00
r8iu85mofoa5k98yvhexz83paukyqflk	eyJpZF9hbm5lZV9zZWxlY3Rpb25uZWUiOjEyfQ:1sonhg:ylhY-DJP4Gw09Pbm-3kzodMbRt6jS8TH2SIERD2ouL0	2024-09-26 17:34:00.018+00
ragy7j2cfm7o9ezz5vlzfw5izee2c8yt	eyJpZF9hbm5lZV9zZWxlY3Rpb25uZWUiOjEyfQ:1sriGm:MQ_6bHHiQ6p7ZaCchUS_Qbo8HPYJK1Nj3Sxp6erOMmQ	2024-10-04 18:22:16.3+00
rb1k1jblc9q4222nlwuwgyz1lczca8vc	eyJpZF9hbm5lZV9zZWxlY3Rpb25uZWUiOjEyfQ:1srhVD:rqpzcpeUmUo6hS90a0argUGvANoOWVgKk-Lu9v8gE08	2024-10-04 17:33:07.142+00
rczsz5fqe8stvb7yfc0222zpmd90v3e9	eyJpZF9hbm5lZV9zZWxlY3Rpb25uZWUiOjEyfQ:1svFmE:XcQ9tvWKSK3rifwA2OzS52gGaFLDtPUho2bmerbo698	2024-10-14 12:45:22.571+00
rimx1rnz3q2ycqqfehx3g2ax2h3iwzd3	eyJpZF9hbm5lZV9zZWxlY3Rpb25uZWUiOjExfQ:1sYOGE:sRG8q4F5vCbqiLdg4DAM79IaMpGRRjmBnMs4WVSsQG0	2024-08-12 11:09:50.143+00
rj964k9fmmb1pdvoxhed0u70lu6cfep3	eyJpZF9hbm5lZV9zZWxlY3Rpb25uZWUiOjEyfQ:1sryNm:10O1uJy7V2wxVj9oWfmw916g9mjXUcEZtMxzcsoDpL0	2024-10-05 11:34:34.061+00
rlvuqonu26gv3nsodfnhfafeq79iydqm	eyJpZF9hbm5lZV9zZWxlY3Rpb25uZWUiOjExfQ:1sE3IJ:z_whPYQFMOQpPOkpmnQTALdDkxX-L5gIATQhr8JANPI	2024-06-17 08:43:55.109+00
u5j3uaset9cb23jtslng4d0fds6kijrx	eyJpZF9hbm5lZV9zZWxlY3Rpb25uZWUiOjEyfQ:1srhXR:MTexlavWYlOeDkffJYZ-YdyYX4Ar2VaLtyH6fTb_ilA	2024-10-04 17:35:25.9+00
rmbstb9f3u1i86fvqudcg9xxu42r01em	.eJxdjsFOxSAQRf-FtWmGVqB26d5vIAMMr2gFw8DK-O8WUxOfq8mce-dkPkUKFnMmskwH-ZbKWMQm5wdhsbfddqZqUxCbWMQdc-jfKI8gvGK-lcmX3Gpy06hMV8rTSwl0PF_dO8GOvJ_XqzZGLyAjGFReejOTjNoRSBWf1gjg1Aq4aKeRHkEpozCsPgAqB3qmIU1sQ6rn-9SrDcSWWj-H2Frt9BMPkDA3sUU8-GKZKd3yP8rkKzU8dX-pL-8fDd3xC7--ASbPbEc:1tBbS5:uO8QXxhMmBv-9rEG8OD2RkiZd9Yy46WXg8KbINjrun0	2024-11-28 15:08:09.893+00
rna740pbeejr5tc0two9lewp8c3ytidt	eyJpZF9hbm5lZV9zZWxlY3Rpb25uZWUiOjEyfQ:1svwiQ:Cr_beteg5ehGsiwr2vElvrlAnWFhP9eGA4XNuSjwlWc	2024-10-16 10:36:18.902+00
roj7uzw0qiwlzh38nhjf7hp2ikyxh4dt	eyJpZF9hbm5lZV9zZWxlY3Rpb25uZWUiOjEyfQ:1su8UX:ns8Ia72Qz4b40S0YmTPRDk29wOn5YM-bDp_YyYBnElE	2024-10-11 10:46:29.401+00
rxi7zytg2waxrfz0hdmh0f3pq50in5im	eyJpZF9hbm5lZV9zZWxlY3Rpb25uZWUiOjEyfQ:1t673Y:NMBeM6yg3AgYTXgycWSJSfEMVi7bGTS-OKlGM_xEfeM	2024-11-13 11:40:08.798+00
ryupbjd4jmm9oh9hkzupejv2s65yvg40	eyJpZF9hbm5lZV9zZWxlY3Rpb25uZWUiOjEyfQ:1stjzu:XaKTgqAI0M0-LKeE1SJqvYcNOI_aUVf9zwUUjwIFkyc	2024-10-10 08:37:14.308+00
s5cfnbjirnb11vnnn1gs7jqt0htjnkc6	eyJpZF9hbm5lZV9zZWxlY3Rpb25uZWUiOjEyfQ:1scNIk:_yJCWVNd-GACkSgu4yDZqu8gs40S9rK1l-0uotbJVrM	2024-08-23 10:56:54.622+00
s8bzo8qechr3wk3uipza31ph48f0ulgb	eyJpZF9hbm5lZV9zZWxlY3Rpb25uZWUiOjEyfQ:1srybo:xQx4yB1pmyGlawq1y4TUwTQJfHS_BNMPY_g2AFY-jb4	2024-10-05 11:49:04.103+00
sa9o60r1zc7rewb8psfad8862affu1jx	eyJpZF9hbm5lZV9zZWxlY3Rpb25uZWUiOjEyfQ:1stjrT:MDMGx3_l305F_sm4BSa84lgDEdXrQTA_j6sYK2_5-68	2024-10-10 08:28:31.444+00
sd4lbt2zh7zs7ap0xk7cuzk7yyhebjm0	eyJpZF9hbm5lZV9zZWxlY3Rpb25uZWUiOjEyfQ:1swKjG:yRWtTTqn0VIMj7f_0diVYMN2Fm3p--MRMoHEqECaFmQ	2024-10-17 12:14:46.724+00
sdo1qb5kmezkzsrzaxoqruvq2e3whkj3	eyJpZF9hbm5lZV9zZWxlY3Rpb25uZWUiOjEyfQ:1srhb4:Q7ZYIIZd-7g9f0YYE8d0b-422T-LPcDa0WKzSA336aQ	2024-10-04 17:39:10.741+00
sdwhecw1v7cx99d1f1den9t0t9dw8yv7	eyJpZF9hbm5lZV9zZWxlY3Rpb25uZWUiOjEyfQ:1soJkz:RIT6-U-TwWZTARVUcm3tGxSzchJ-yptViUMWSOoYTCI	2024-09-25 09:35:25.504+00
sffqdob2cpgp8mvgbht8r9fbh40i70m7	.eJxdzMFOxSAQBdB_YW0aWh6l7dK930CGYXhFKxgGVsZ_t5gm-lxN5tyb-ymit5ASkWU6CGvM_RHbOD6JyNbHciK1Yj2xpdrOI7ZaGv3EHSKkKrYAB1-WmOI9_VMmLFThnPurmN8_KrjjFy20utvGVGz0YhNKPJgDfKPUA_8K6Z4HzKmW6IZeGa6Uh5fs6Xi-ug8DO_DeZ2_SoTKzU2HWBryRy00ZmhbpRwnzqnFxSBimSctVA6zOBVzRGI0mqAXF1zcCU2zB:1s83Jc:GoeNjDoIEgHF8eqEROV2djnAP6hjURAUM_FJo05gJM0	2024-05-31 19:32:28.612+00
sglltrr6h377waz4deowi9hevtvguh2s	eyJpZF9hbm5lZV9zZWxlY3Rpb25uZWUiOjEyfQ:1srjy7:Yakt5EmQC4XNCVEzA0OZYflTmdu_FJgtgr5JNISvH7g	2024-10-04 20:11:07.502+00
sj2mj4xbjba0snd35mp7qf62wrn5kqxa	eyJpZF9hbm5lZV9zZWxlY3Rpb25uZWUiOjEyfQ:1srx7b:ps0M5NaxGrWVB9eg5vyhElWYLHFUU6e2OOyvUe-rrvs	2024-10-05 10:13:47.127+00
sjoudlvaaqpm0s6ssmgqf4x25d4gkzyi	eyJpZF9hbm5lZV9zZWxlY3Rpb25uZWUiOjEyfQ:1smVlM:4Q8NSYM5meQ20mqrumABhqNSgt-thkCXW4ZGlCFpEVg	2024-09-20 10:00:20.081+00
sk7pf7b7fgxww2iak1fo77fdx66a3en7	eyJpZF9hbm5lZV9zZWxlY3Rpb25uZWUiOjEyfQ:1soJl0:C-MmShETN__co_nc9GDgLAjIz_XVyi9HE3fKpIKYeog	2024-09-25 09:35:26.093+00
so5fkjdd9h8s5mxol5aigm6k9aa1md2e	eyJpZF9hbm5lZV9zZWxlY3Rpb25uZWUiOjEyfQ:1stjzS:D4F2TXvKvZCA16LzfTe70y2xsCHkHOMlF5LTX-38yaM	2024-10-10 08:36:46.137+00
srtji5pnt1xnq38s16sxmbvz0wzmtjoj	.eJxdjkFuxCAMRe_CuopMGEgm2c2-Z0AGnAlthlRAVlXvXlNFaqeLJ8T7H5tPEYPFlIhsoY18jXu7iEn2L8LiUVd7FMo2BjEJJZ6cQ_9OqQXhDdN97_yeao6ua5XuTEv3ugfabmf3acCKZeXXoxkGo0AuMKD20g89ycU4AqmX67gAOD0CKuMM0gW0HjSG0QdA7cD01IbGYkPM_H06sg1ULNWDDzHVfNBP3ETEVMW04FZOlwrFe_pnC_lMFXncX-v3x0dFt_3KB9ZIuS0RCsZZwXVWEhjJ9IxiLoxmDDMw3FOcK-6pfhZf3xBIfB0:1tSJNV:ICgnEDMBndgdopMKXnLrG7xnf5Prog0-6nLHXPPgz_0	2025-01-13 17:16:29.561+00
ssul02nzb7bs6k70wcnzjfq2x0jtov0z	eyJpZF9hbm5lZV9zZWxlY3Rpb25uZWUiOjExfQ:1sElfd:sMAsEHcjUTAAx-1k8zQwAw2SqaddE1jfmKW9CWabTIM	2024-06-19 08:06:57.007+00
sux6m3vo254uonotc8y3skpm2ohaklwx	eyJpZF9hbm5lZV9zZWxlY3Rpb25uZWUiOjEyfQ:1sbyzw:g3PZoTdMtHrboag49EjKIaK7_ayK0Joy9ZJuyAqsA0o	2024-08-22 08:59:52.48+00
svfm8vstu34uxpc9w0m2i91lhwq96zom	eyJpZF9hbm5lZV9zZWxlY3Rpb25uZWUiOjEyfQ:1sbyzw:g3PZoTdMtHrboag49EjKIaK7_ayK0Joy9ZJuyAqsA0o	2024-08-22 08:59:52.756+00
swwai5s8gs2bb21krzonnox9berag2a4	.eJxdkMFuxCAMRP-FcxUFWAwJt733G5ADzoY2Syogp6r_vmQVqd0eRpbfjOfgbxaDw5SIXKGVfI3bsbCR8zcWiwsxN0h7doGKo7q3wcaad3raB4iYKhtnXMvJUqF4S_9oIZ-pYqv7S_12_6o4rb_Q4V4XtxfKLgY2Msle2IT-k9JhhA9Mt63zW6o5Tt0R6U63dO9boPV6Zl8KFixLu4aZpAKDOnB-MboHEyavUE0egiZAAQo56mEeuJagRLjMQ-_5bILRUnPRSu9YI-XjHUwNFnrLm4BbYawyFoQFaUE1yptEk7Ts5wFEPXjL:1sVx3N:8i7jMgc1Uv2OmkDqcrR9us-l9854Yc_a1OlCe7QJdqs	2024-08-05 17:42:29.05+00
sxvyzjmnxt63fyq9yfectrgy1k4pfnjz	eyJpZF9hbm5lZV9zZWxlY3Rpb25uZWUiOjEyfQ:1ssi2R:iUvDBhC8UpFXbBjtD6VfGy8zJci1I1q1WTrQI-Ip0QE	2024-10-07 12:19:35.668+00
syphk6dzpysydmtta5b6s2bd5cnjoo5h	eyJpZF9hbm5lZV9zZWxlY3Rpb25uZWUiOjExfQ:1sYhIw:7hbzx9ZhGkJCSkbylkUt6ndZ4Ib0BAQp_E7Hw2zCyeY	2024-08-13 07:29:54.136+00
t1jw7s5nt1vqypkpuxzll7nhx8rlmo3w	eyJpZF9hbm5lZV9zZWxlY3Rpb25uZWUiOjEyfQ:1t1Lqc:DANgHVV4XXN3HWNjnwBX9BhLuNq13HqrAbbpkVH24Sw	2024-10-31 08:27:06.477+00
t1zz9uwq6onvax8jxpy561iw7o7qzta2	eyJpZF9hbm5lZV9zZWxlY3Rpb25uZWUiOjEyfQ:1soJkz:RIT6-U-TwWZTARVUcm3tGxSzchJ-yptViUMWSOoYTCI	2024-09-25 09:35:25.664+00
t7ax1jg3f8zzg1kzcsn10n990do3k2ix	eyJpZF9hbm5lZV9zZWxlY3Rpb25uZWUiOjExfQ:1sYn7l:vqKI_QhpNZ9IE4CGRw0b2xCxhZpn8NW8uujfoTvwZew	2024-08-13 13:42:45.581+00
t7nu0gy93n6pv45cn0j8578h8r4hjt39	eyJpZF9hbm5lZV9zZWxlY3Rpb25uZWUiOjEyfQ:1soJkz:RIT6-U-TwWZTARVUcm3tGxSzchJ-yptViUMWSOoYTCI	2024-09-25 09:35:25.439+00
taoaa1z167anph6dvht5laksehgpacix	eyJpZF9hbm5lZV9zZWxlY3Rpb25uZWUiOjEyfQ:1sonhe:wtiwGYfwPETA7X0sic4V3vQbbdzLXQxie8DU2Mutkfc	2024-09-26 17:33:58.07+00
td47fjeriu3m4xatmw4tb2d13m7tna30	eyJpZF9hbm5lZV9zZWxlY3Rpb25uZWUiOjEyfQ:1soJgI:SL1QiUtAbG0zqPWKuSlHlF-SbZs4NwEfRPugRAUSu8k	2024-09-25 09:30:34.091+00
tgwfgozo60i37d8r2z9f1qxakco0pfpz	eyJpZF9hbm5lZV9zZWxlY3Rpb25uZWUiOjEyfQ:1stn0s:sJWpJwYYRzQi-eZVP_uwMO7YumeuoaZeYaqniXiz2mk	2024-10-10 11:50:26.493+00
tkjqox9o7fk0o8qwv0cvsm3jsob0qg3m	eyJpZF9hbm5lZV9zZWxlY3Rpb25uZWUiOjEyfQ:1srikZ:ncdpxTiWYD3meBAbai8Ez1ly-JHEMQXmFdspBab-804	2024-10-04 18:53:03.729+00
tn1sufxs3412vieeud03imnwt0nwvmld	eyJpZF9hbm5lZV9zZWxlY3Rpb25uZWUiOjEyfQ:1srxjr:qg3ALW3iTGXnDj1DRa-XTpeIoJlUVy5XnCVGtgU7Im0	2024-10-05 10:53:19.141+00
tp4w40v7u5070hgk2m273metvv0gll37	eyJpZF9hbm5lZV9zZWxlY3Rpb25uZWUiOjEyfQ:1srhAd:lutscE0PGIwPywASsR40WIq95oSEnBL3Hwwig8WqSAQ	2024-10-04 17:11:51.398+00
tqiepgholcvqc9s9g5eygzunulyljchp	eyJpZF9hbm5lZV9zZWxlY3Rpb25uZWUiOjEyfQ:1sbMkb:oBC7pN4O6T9hy40n4XFLKMy-RdH_w2JtDFxD6Zlx3k4	2024-08-20 16:09:29.007+00
ts005fp903s3r87jroc310vi3076w6at	eyJpZF9hbm5lZV9zZWxlY3Rpb25uZWUiOjEyfQ:1sri82:9-yDj_fC1IfXP7cgypAR8LNnmWk6tnPvXAr3rtirD0s	2024-10-04 18:13:14.884+00
tspxxrdfu0buje68xun8k5eetbturtnr	.eJxdkMtuhDAMRf8l6wqNCXmAd7PvN0QmMUNaJlRJWFX994ERUjtdWT73-iz8LWJwlBKzK7ywr3E9FjEAvIlYXIh5h7xlF7g4rts-xFDzxs_4AJFSFcNESzlZKhxv6R8t7DNX2nV_qV_vX5XG5Rc62urstsLZxSAGIcULG8l_cjqC8EHptjZ-TTXHsTkqzZmW5n0NvFzP7otgpjLv13piqbQlEwA6ay7ahtErUqPXwbCmVisCMv3Ug5FataGb-ouHyQZrpIF2l96pRs7HO4REg4AAKBV2BjuL0CJIVNgjdGhR_DwA_LN3ZA:1sUpRj:HWgS7hzbEC8mWiQzbIIr4_gEOZDWqPp3Svvg99VR6PA	2024-08-02 15:22:59.326+00
tt1y51w0q18mxm3agxj0x42swk2q5wa5	eyJpZF9hbm5lZV9zZWxlY3Rpb25uZWUiOjExfQ:1sE3X2:t-wyi_skiFy9OKw7hhCge7VIjUXsGwtFJy1vqhhffg0	2024-06-17 08:59:08.555+00
ttvfm3mmqj3hyrin3r719csdc3fe30eh	eyJpZF9hbm5lZV9zZWxlY3Rpb25uZWUiOjEyfQ:1snZnH:thjYvs9Slp_vpVIF3SJoP0tL5hdQP6PYqRGc9gg5vMU	2024-09-23 08:30:43.257+00
tuve4llfwkx3vnjqmtinm2l8u9wlj4wk	eyJpZF9hbm5lZV9zZWxlY3Rpb25uZWUiOjExfQ:1sCL22:vsLXKr8MhhGKkDdwlJ72jTjvXICt0UbdxJZMPR3ivDE	2024-06-12 15:16:02.414+00
ty98q4znwefrrlgofwjbgr1okuitxbqg	eyJpZF9hbm5lZV9zZWxlY3Rpb25uZWUiOjEyfQ:1srCbl:TmzadLDO0pJ2c5VGjlIQddGBwBjbigFnVUrGk5TgRdg	2024-10-03 08:33:49.245+00
ua0hnojxgzmqcul83tipdyz6uaslwf0y	eyJpZF9hbm5lZV9zZWxlY3Rpb25uZWUiOjEyfQ:1sbMkc:XWT-rB93027YKlewz-hy9v3deTPwpSzpOcs-EOmr8pI	2024-08-20 16:09:30.597+00
ua4ia59tqyo3zec35iropzpf07gex4ot	eyJpZF9hbm5lZV9zZWxlY3Rpb25uZWUiOjEyfQ:1t1Lg6:-P_RF5b3IAIuknyhbQIwbl2pIzCaXaS2Q7_Vfk3wjqo	2024-10-31 08:16:14.17+00
ub41ozk8qz50ecur7wexcoq28dt10bzs	eyJpZF9hbm5lZV9zZWxlY3Rpb25uZWUiOjEyfQ:1soJkz:RIT6-U-TwWZTARVUcm3tGxSzchJ-yptViUMWSOoYTCI	2024-09-25 09:35:25.291+00
uc6rqse2f19qb941g396491j71u2vj5g	.eJxdj0luwzAMRe-idWFEdjTYy-x7BoESqVitIxUaVkXvHjlwgKQrgu9_PoC_LKCBGIlMoY1cDWlf2MI4Zx_MQKuraYWyCdjh9M4suG-Ke4BfEK9pcCnWHOywV4YjLcNnQtouR_dNsEJZ-7X0NAmpQSHnZ61OUqN1AoR1EhVJGKUADmr2M1eTFCOe_Xxy3GvUalJ87NJQDIbcH6CWDVIxVFsfbKm50SPeQYBY2eJhKweLhcI1_qOFXKYKXfdKXbr9VLDbE_7dAYGfbFM:1snYPA:jJuR253BiiFHjk2KlGCCOnd6qKYMC37LxNVNgeniICs	2024-09-23 07:01:44.923+00
ug7ron7x51qug1idz8duavpukofygum8	eyJpZF9hbm5lZV9zZWxlY3Rpb25uZWUiOjEyfQ:1sdQMo:qgE1AgkwV_d1iiPDIYLK3MYCFODxdbP3qSDaWnP5vZQ	2024-08-26 08:25:26.186+00
uh6wuzenavf0tymuq73yjohwz8utozlo	eyJpZF9hbm5lZV9zZWxlY3Rpb25uZWUiOjExfQ:1sTeFW:HBkM9BqKm5AgzTl7tSxwhW99TI285xYU5P1pVsPZsiU	2024-07-30 09:13:30.586+00
uip5hmq3v8rrffxoyo6mu4nmwa0d9shm	.eJxdj0tuxCAQRO_COrLADuDMMvucATVQHpM4MOKzinL3gdEs4qxa_ar6Sf3DgjcUI2AKDrga0ljYhYmZvTBDre6mFWQTfIfLmVlyX4gj8J8Ur2lyKdYc7DQq0zMt00fyON6f3ZNgp7L361VprRYuNq5JOuH0DLEpCy7k9rZunFu5clqUVYRXLqWW5FfnOUnL1YwhDcX4kPsDaNl4FIPa-mCXjY6CRz5IoFhPLBaEa_xHC1xGpe77S136vlWyR4c1N_zeAYDrbIs:1t680q:x8xTs-27DhkI38gba8jS69Aocjw8P_ngaweDXJeMdLM	2024-11-13 12:41:24.784+00
ul8n3xh13rengbd752y2t463p0gvijv4	eyJpZF9hbm5lZV9zZWxlY3Rpb25uZWUiOjEyfQ:1sbMkc:XWT-rB93027YKlewz-hy9v3deTPwpSzpOcs-EOmr8pI	2024-08-20 16:09:30.535+00
umny76eoblgiqm0fja2y08bd5yl1mjcs	eyJpZF9hbm5lZV9zZWxlY3Rpb25uZWUiOjEyfQ:1srif5:borXqXAAlYUL060-ICJ5swWnxt6FSJBfEahIOWyMks0	2024-10-04 18:47:23.022+00
uovwg206n7jwqtrp81at0d389th686h8	eyJpZF9hbm5lZV9zZWxlY3Rpb25uZWUiOjEyfQ:1srxdU:UZ7h9LqTo8uhghFsE-er-VvnZLxNtI2ZkFiGt-xhquk	2024-10-05 10:46:44.8+00
up926ives8bfqaboj0s3475twcalszys	.eJxdkMFuxCAMRP-FcxWFABuIb3vvNyADZpc2Syogp6r_XlJFareSJctvxnOYT5aCxZyJbKWVfEvbcbCF8xeWqg2pdEh7sYGqpbb3xZZWdvqRD5AwN7ZEXOvJcqV0y_9oJV-oYY_7S_32-Gjo1l9ocW93u1cqNgW2MMGemEP_TvkQwhvm2zb4LbeS3HBYhlOtw-sWaL2e3qeAO9Z7_47KjVpLN_eZpBqVRgxGe6FDJG3QaWNE9DNdeHTj5KQIykdD0zQ6rS-yhz6wJSpHHUzADBw4B6FAziA18Am4AAUGuAQN7OsbImN3-w:1sCLPy:3bkokXmrrvdoRQAv8zrs81i86z7nP7X9ccM562nQ0RY	2024-06-12 15:40:46.097+00
uqeqxcptus2ilv9vwfub15j4t86he5uw	eyJpZF9hbm5lZV9zZWxlY3Rpb25uZWUiOjExfQ:1sYn24:eVPG_hkhBHggjXQdmumX3q83ZjR3y2nF8bhpXaD6RsQ	2024-08-13 13:36:52.64+00
uqpk231t34tmnb5jmm80zvogl21qeqye	.eJxVjk1uxCAMhe_CuoogwEDi3ex7BuQYZ0KbIRWQVdW7N2lHamdl-Xs_ep8ixYA5M4fKK1NL2_mIUakXEXBvS9grl5CiGIUWT2xCeud8CvEN823raMutpKk7Ld1Drd3rFnm9PrxPBQvW5UirqMjY2V8GTSjpgjL2OGBvWToyRMzaxlmjQ-kledcbp433VvbODIPuj9JUQ0zlmM97CZFr4LYfR4yt7Pwjc66cbhlzE-OMa_2llalwwyP6n9J2_2g4rX_wji1xOQuFBgcKlAJtwTgwHlQPSoOFAZQBD-LrG5mRb_o:1sDNze:L2zMAt6KI0gNgavcNoBarU2BGS0jG36thfWJVy7oSSQ	2024-06-15 12:37:54.004+00
uqy65qvax2buun8elwndttwvo0oaaagh	eyJpZF9hbm5lZV9zZWxlY3Rpb25uZWUiOjEyfQ:1stjrv:lLo50H0S--9fGzng6NnriZINOmeEsTnlNI2ehVYyzl8	2024-10-10 08:28:59.043+00
uqzegdbx3g1bmty6tl1mhl8l2h0qcx4t	eyJpZF9hbm5lZV9zZWxlY3Rpb25uZWUiOjEyfQ:1soJkz:RIT6-U-TwWZTARVUcm3tGxSzchJ-yptViUMWSOoYTCI	2024-09-25 09:35:25.176+00
ur7cvp048fv8afm9wfxghv2qcbp1oze2	eyJpZF9hbm5lZV9zZWxlY3Rpb25uZWUiOjEyfQ:1srhcT:kq4Nb-wLJDcwbvjEokeMj12bQ2SLo2V0oZegiZ3ud-k	2024-10-04 17:40:37.125+00
uth1tyk79fkcrieoo53uxxj9zprak1ic	eyJpZF9hbm5lZV9zZWxlY3Rpb25uZWUiOjEyfQ:1sitZI:-BeOAr89Q1wkdJAHKdUj5jkttyT_c54TVbhfvbC0Nik	2024-09-10 10:36:56.934+00
v0a6lwix1ctsg7loi20zrpozqg8bng1x	eyJpZF9hbm5lZV9zZWxlY3Rpb25uZWUiOjExfQ:1sGcxC:0W6lB1EmWlA7a-3EJrhqSKw21Sf6nTXYVB0OjJJwIJ0	2024-06-24 11:12:46.117+00
v7clrg0k3kw7kzqh4hwbjqzct3xk8kh0	eyJpZF9hbm5lZV9zZWxlY3Rpb25uZWUiOjEyfQ:1sdS3u:flf87M9MOmk745gHyknHEBnnHE8nAgBwYdCoFEEJfXw	2024-08-26 10:14:02.582+00
v8s2scp85qg1oczqm9uw069k114bwq6t	eyJpZF9hbm5lZV9zZWxlY3Rpb25uZWUiOjEyfQ:1sdRxj:Y4TmD9wQX1X__ThiXkKhA0MstvxHZQeZ7uUzVgm9Fnw	2024-08-26 10:07:39.651+00
v8y3vwgvvhm2fpf893xennkv2k7s3tds	eyJpZF9hbm5lZV9zZWxlY3Rpb25uZWUiOjEyfQ:1sdRmN:CUc_dVrruM9MGlCP6YIZmS_uS0ayI5OKjYCuz7te0NE	2024-08-26 09:55:55.392+00
va7jgndu7t66lhy5ty94rfxvl9lgorbw	eyJpZF9hbm5lZV9zZWxlY3Rpb25uZWUiOjEyfQ:1swL5p:R2QNWUeZ1mLkVNPpMNtm0Va1QIVuwW88SebPhwSchis	2024-10-17 12:38:05.545+00
vbke85evb5ngtkyezyxjh5a67fo7zfn4	eyJpZF9hbm5lZV9zZWxlY3Rpb25uZWUiOjEyfQ:1soJkz:RIT6-U-TwWZTARVUcm3tGxSzchJ-yptViUMWSOoYTCI	2024-09-25 09:35:25.836+00
vbtnwanzt7m688iutz8gk3co93ro8jwv	eyJpZF9hbm5lZV9zZWxlY3Rpb25uZWUiOjExfQ:1sARDm:x1uyfmIZ5crWEI4uv5SC1jzPiUqyPJhpnQsKZrS09GI	2024-06-07 09:28:18.804+00
vcq4dey9wxfj6qc6abw2vweqy6kbjl9f	eyJpZF9hbm5lZV9zZWxlY3Rpb25uZWUiOjEyfQ:1srhyh:QiY5fz_ChXhnhO0fQfNWsaMUQTZSmwLEARWYT1CCCK8	2024-10-04 18:03:35.893+00
veg8dpzd80seb7pkwstilq48mf610xuz	eyJpZF9hbm5lZV9zZWxlY3Rpb25uZWUiOjEyfQ:1t67rO:nxXlQ8cPxzYhLPoXFoRlYEfsLb7MXGJOll_fjEEnULg	2024-11-13 12:31:38.372+00
vffn6b2qrrkcb7w8h7kf5j8kf2cpxz3q	eyJpZF9hbm5lZV9zZWxlY3Rpb25uZWUiOjEyfQ:1sonhe:wtiwGYfwPETA7X0sic4V3vQbbdzLXQxie8DU2Mutkfc	2024-09-26 17:33:58.278+00
vl3ibh34lc7m56dh31w8ng8xl2ab8wbv	eyJpZF9hbm5lZV9zZWxlY3Rpb25uZWUiOjEyfQ:1stnC9:1oYqibdJDnlr3XSiyjNl-RXFbuVe9Ssgab7oewd7mIk	2024-10-10 12:02:05.409+00
vlozqbat4aj6xkgsynkynnuxfx1j420d	eyJpZF9hbm5lZV9zZWxlY3Rpb25uZWUiOjEyfQ:1soJgI:SL1QiUtAbG0zqPWKuSlHlF-SbZs4NwEfRPugRAUSu8k	2024-09-25 09:30:34.211+00
vmz6vuhjs8t82iqrj1wyljpzthyrs08v	eyJpZF9hbm5lZV9zZWxlY3Rpb25uZWUiOjEyfQ:1stlLI:sDT5AoWCtoJhDhf3pjlvBu5QenVhRooX2iZ3wNF8rW8	2024-10-10 10:03:24.77+00
vpmf2tap8wp0t9eh9arcz905ozv64izi	eyJpZF9hbm5lZV9zZWxlY3Rpb25uZWUiOjEyfQ:1siujd:KcDEsIrHifTckMoy-DsMua9NkW_e6eOdpxdT3rKpFj8	2024-09-10 11:51:41.8+00
vs2jq0ik5wicaxpi87sscusjrmez7o8i	eyJpZF9hbm5lZV9zZWxlY3Rpb25uZWUiOjEyfQ:1swKcZ:UB99PQU2Zvzay0TppE3XK0Qi7krafWVnP3WLNYfUIOI	2024-10-17 12:07:51.738+00
vt7u1jj1vajshcucnpz0ahfcviurkk56	eyJpZF9hbm5lZV9zZWxlY3Rpb25uZWUiOjEyfQ:1st10K:lxRoF7HoXAyotBy7y8EMvi5jBNuhIFrotAuqhfYLYis	2024-10-08 08:34:40.328+00
vtymn4f3y0cv5ix09ptpkm6oajd9i8pt	eyJpZF9hbm5lZV9zZWxlY3Rpb25uZWUiOjEyfQ:1sZRNT:7lvxovJ7VOrCZTWv1x-6CJJq5tx-QjaCkcZeqZAXCy8	2024-08-15 08:41:39.382+00
vu6ezf7u0i52xah92ctff30fncc47wps	eyJpZF9hbm5lZV9zZWxlY3Rpb25uZWUiOjEyfQ:1srjls:HLYs04Ok6fL42NnMUInYdxLFQblzXBRWjwo3IUsYAL4	2024-10-04 19:58:28.504+00
vubkifi306un47j2wb5qc74i3t8dbp5c	eyJpZF9hbm5lZV9zZWxlY3Rpb25uZWUiOjEyfQ:1soJKs:JdaimuASlkIl0B7M3miNSaVtEDFjgcxcVz2Ekg3330I	2024-09-25 09:08:26.718+00
vyn2a5509blc5rj89vzh79jrbp0u18ap	eyJpZF9hbm5lZV9zZWxlY3Rpb25uZWUiOjEyfQ:1st1BE:nSHUuskUKPfl9-kQ-lVXUpZvCuE7AkeKk_Mg75u1FPs	2024-10-08 08:45:56.24+00
vynd11s1lv5jzre42x2b24cg3b3y68pg	eyJpZF9hbm5lZV9zZWxlY3Rpb25uZWUiOjExfQ:1sCx61:vUOhV5s9aMuKba8n2A57KRto1KisOlp5liutpt73two	2024-06-14 07:54:41.284+00
w26uwbx3v420v1ruyp28v553j550bbaa	.eJxdkLtuwzAMRf9Fc2Ho5Ug2t-z9BoGm6EStIxeSPBX999qFgTadCJ57eQZ-ihQD5swcKi9MLa3HIkalXkSqIaayQ95KiFwDt20fYmxl45_4AAlzE-OMSz1Zrpxu-R-tTIUb7rq_lNbHR8Np-YUBt3YPW-USUhSjMOKJTUjvnI8gvmG-rR2tuZU0dUelO9Pava6Rl-vZfRLcsd73axUV2X72l8EQSrqgjBoH1D1LR5aI2fRxNuhQekneaeuM9b6X2tlhMHqXPrAlLsc7hAEHCpQC04N1YD0oDcpADwMoCx7E1zcGJndI:1sMkLr:cFaqoXgwOwViFPLK6uzpMVdRppn9yqyyewGYZjsXwxc	2024-07-11 08:19:31.686+00
w48o5wi9xpsyr08781c6mm3hs15rgyxv	eyJpZF9hbm5lZV9zZWxlY3Rpb25uZWUiOjEyfQ:1smzMI:2cjQ-i-SIdVwyGXbgEdf4PEI6yHadwQROp6siq7IbCQ	2024-09-21 17:36:26.571+00
w4q65mm7ouqby9xft0z8mqagotva5n97	eyJpZF9hbm5lZV9zZWxlY3Rpb25uZWUiOjEyfQ:1sjJbJ:1EJO93cVXW85VzENo73U5OAVh7na0uH8Fmtkv-neQEw	2024-09-11 14:24:45.889+00
w9apys14arnnr3l2f1cm5ypku7ql68hh	eyJpZF9hbm5lZV9zZWxlY3Rpb25uZWUiOjEyfQ:1sdQaC:DA507MBSuefIN9gZ70iCo0m9V8acFARusksRg5SNSlI	2024-08-26 08:39:16.528+00
wbakn4grbqhk1j59xvddfi4paxx7mzbt	eyJpZF9hbm5lZV9zZWxlY3Rpb25uZWUiOjEyfQ:1sbyzw:g3PZoTdMtHrboag49EjKIaK7_ayK0Joy9ZJuyAqsA0o	2024-08-22 08:59:52.179+00
wc7eltb8prorh57h7appnx6icu7mwwm9	eyJpZF9hbm5lZV9zZWxlY3Rpb25uZWUiOjExfQ:1sTe5J:gBNz5woR0GIcP8dlmtFiisLoktgjdgiY6568hMWCeZg	2024-07-30 09:02:57.241+00
wjk58w5ygs6kbz8codbg9szda31ryejn	.eJxdkLtuwzAMRf9Fc2Ho5Ug2t-z9BoGm6EStIxeSPBX999qFgTadCJ57eQZ-ihQD5swcKi9MLa3HIkalXkSqIaayQ95KiFwDt20fYmxl45_4AAlzE-OMSz1Zrpxu-R-tTIUb7rq_lNbHR8Np-YUBt3YPW-USUhSjMOKJTUjvnI8gvmG-rR2tuZU0dUelO9Pava6Rl-vZfRLcsd73axUV2X72l8EQSrqgjBoH1D1LR5aI2fRxNuhQekneaeuM9b6X2tlhMHqXPrAlLsc7hAEHCpQC04N1YD0oDcpADwMoCx7E1zcGJndI:1sD3ex:lWXDuccmkpJvEPjGZ8LibNYmhJ3-MdhzGaaEiNOFIEM	2024-06-14 14:55:11.327+00
wqdon4h6q30cmsp2d2zeycanueb78ajv	.eJxdjMtqxDAMRf9F6xLynJGz7L7fYCRbnrhN7eLHqvTfxxkC7RQEQudc3W_wVlMIIjrLLqb4eBywDsML-KytTw1KTdpK1lJqW7CWVOWhD-ApFFgd7flkIYu_hX80i0lSqNX9pSZ-fhXi_RdqqmXTNUvS3sIKEzwxJvMh4RD2ncItdiaGkjx3R6Q7be7eopX99cw-FWyUt_btFu4RZ762GeelX5DIKjQTWieoiFGpyZmrXAbH_cjzZBfjlIxjz4iXGX7uEP9spg:1sBbry:2UE2wwcNuPIfePGyTkVuMyxE2h0jJYYfTJTjttz9sbg	2024-06-10 15:02:38.583+00
wrvpcanf0gznej9avc8rnlt8qu4qstdp	eyJpZF9hbm5lZV9zZWxlY3Rpb25uZWUiOjExfQ:1sYhzr:zuX0Acj7dqQxwTn_mqoGllRMHQX2tZlwMR-nFnRbS94	2024-08-13 08:14:15.79+00
wt8s95u9tlvu9gexa61qqcmzgq918xzx	eyJpZF9hbm5lZV9zZWxlY3Rpb25uZWUiOjEyfQ:1srxlT:SnsD3BtfNSI5WXTfEgrOLunaL6tTXlo6qit5NNILj0M	2024-10-05 10:54:59.465+00
wyw443jj48iws371yk6tdhekl07v56qu	.eJxdkMFuhSAQRf-FdWNERNDZvX2_gQzD-KT1YQO4avrv1cakfV1N7rk3ZzGfIgaHKTG7witTjdsZxCTli4jFhZgPyHt2gYvjuh9HTDXv_FOfIGKqYppxLRdLheM9_aOFKXPFQ_eX0vb4qOjXX-hwr4vbC2cXg5iEEk_MI71zOovwhum-NbSlmqNvzklztaV53QKvt2v7JFiwLKe2bz0pM3g1D9pgMK3tleHOtkG2OIyarCemuet0O2rE0fuZRjJGk5mVpUP6wBo5n-8QCgxIkBKUht5Ab0F2IBVoGEH2YEF8fQMYrHgW:1s9i5l:Nkf8pjntmSoQi4xvMuGUAEf_icXQoZnvmD5jRcNbOGE	2024-06-05 09:17:01.593+00
wzcszp9aliw1u3ktf9t05g9j1o82k6dl	.eJxdkLtuwzAMRf9Fc2Ho5Ug2t-z9BoGm6EStIxeSPBX999qFgTadCJ57eQZ-ihQD5swcKi9MLa3HIkalXkSqIaayQ95KiFwDt20fYmxl45_4AAlzE-OMSz1Zrpxu-R-tTIUb7rq_lNbHR8Np-YUBt3YPW-USUhSjMOKJTUjvnI8gvmG-rR2tuZU0dUelO9Pava6Rl-vZfRLcsd73axUV2X72l8EQSrqgjBoH1D1LR5aI2fRxNuhQekneaeuM9b6X2tlhMHqXPrAlLsc7hAEHCpQC04N1YD0oDcpADwMoCx7E1zcGJndI:1sFDam:WskDNR4QbpftHFEH93ONocKkcgbCSX-Sy7SX0IDpp5E	2024-06-20 13:55:48.727+00
x1ckuca8lgh0q1v1nx2qmxw1ywkt07xo	eyJpZF9hbm5lZV9zZWxlY3Rpb25uZWUiOjEyfQ:1sbMkc:XWT-rB93027YKlewz-hy9v3deTPwpSzpOcs-EOmr8pI	2024-08-20 16:09:30.68+00
x1rb0qrzjbgig9miclyzaz4c9z3tsmfz	eyJpZF9hbm5lZV9zZWxlY3Rpb25uZWUiOjEyfQ:1srhkQ:WhQ2-Mn0UviOb1S-qDd4GzS5aGU0bBuFYNMdVf6wKtw	2024-10-04 17:48:50.751+00
x22118rgzll2hfmaypkj70qhxgc1wevw	eyJpZF9hbm5lZV9zZWxlY3Rpb25uZWUiOjEyfQ:1szBXp:6dK5RwbdCt7JEPgy33L2k98yPJ4XFgllD-89rM7pIt8	2024-10-25 09:02:45.299+00
x3shm503r92vr3elsfdqewzsnkhv6nex	eyJpZF9hbm5lZV9zZWxlY3Rpb25uZWUiOjEyfQ:1ss2gA:wMnO2DKIWkOmFKkfSb1nf3Fdnth4h3aYnxbO9OcL3UI	2024-10-05 16:09:50.065+00
x54z56mv3sxamuig0wxokrmnec14r95m	eyJpZF9hbm5lZV9zZWxlY3Rpb25uZWUiOjEyfQ:1t67Oz:-AQHm-zo3QriuQ7tm-gZpN_XMuBy3lcToX8rNZ4jaug	2024-11-13 12:02:17.355+00
x5jm88c0i1a8gme5ruc5pje3e9fumwkx	eyJpZF9hbm5lZV9zZWxlY3Rpb25uZWUiOjEyfQ:1sjIkz:_VvRwVTS298rIjfh6SSeZqXJsY_jyQAydIvo_z3q-QY	2024-09-11 13:30:41.792+00
x6c83k1ogu2lbuj8p3vdzf7j3yggs7v3	eyJpZF9hbm5lZV9zZWxlY3Rpb25uZWUiOjEyfQ:1svwZG:OJ_cgbLV__bHmNnfz3N1ac1GcMxb_ZwQk_2P_gN-tSQ	2024-10-16 10:26:50.891+00
x6wwre45i81tv5z4neusifvng0xkrcb8	.eJxdjMtqxDAMRf9F6xLynJGz7L7fYCRbnrhN7eLHqvTfxxkC7RQEQudc3W_wVlMIIjrLLqb4eBywDsML-KytTw1KTdpK1lJqW7CWVOWhD-ApFFgd7flkIYu_hX80i0lSqNX9pSZ-fhXi_RdqqmXTNUvS3sIKEzwxJvMh4RD2ncItdiaGkjx3R6Q7be7eopX99cw-FWyUt_btFu4RZ762GeelX5DIKjQTWieoiFGpyZmrXAbH_cjzZBfjlIxjz4iXGX7uEP9spg:1sCHNS:Z6hc70KhFwhjSnZXeQDMeH8QEKu8x8yH-292AJwJ9Tk	2024-06-12 11:21:54.365+00
x9z108fb1azlc31sd7km3eq4xhvkgomh	eyJpZF9hbm5lZV9zZWxlY3Rpb25uZWUiOjExfQ:1sYpK6:VHLd5tBRYku4VmtKcpkwB9Dr5LBOhb1rYcIK9FFTf1U	2024-08-13 16:03:38.742+00
xfi9em8dpgh6ddgv0k6qpydsaquopb8j	eyJpZF9hbm5lZV9zZWxlY3Rpb25uZWUiOjEyfQ:1sris0:V7EFIt66pazEqSVCDzKkV7TRQdnVQ_CVxNk6u1JjUrA	2024-10-04 19:00:44.621+00
xksgri8uvb0stcex6ur9vo06gtdy7exg	eyJpZF9hbm5lZV9zZWxlY3Rpb25uZWUiOjEyfQ:1sonhh:G-qmr2FbCeiwleUYRgTYUsqqYBqR8HiY7NHxasLR3y0	2024-09-26 17:34:01.344+00
xluozp41hnab6yw84x546wkkwsrsw4oo	eyJpZF9hbm5lZV9zZWxlY3Rpb25uZWUiOjEyfQ:1t4gF9:RhsRXcuBCIq7pWvfqslIbhMyTyX80jbecJxjwgTWqT4	2024-11-09 12:50:11.729+00
xoba3juf48knk8sr1kwr1o9hhtiovjwr	eyJpZF9hbm5lZV9zZWxlY3Rpb25uZWUiOjEyfQ:1szBUs:vhUauln04nL-mWwSnGXBkOWh_zwwN-Go2p_HKt2upl8	2024-10-25 08:59:42.19+00
xpu09kf14a9vg2dk1676x3v1rldh9qw0	.eJxdjkluwzAMRe-idWFEdjTYy-x7BoESqVitIxUaVkXvHjlwgKQrgu9_PvCXBTQQI5EptJGrIe0LW_j4wQy0uppWKJuAbGETe2MW3DfFPcAviNc0uBRrDnbYK8ORluEzIW2Xo_smWKGs_Vp6moTUoJDzs1YnqdE6AcI6iYokjFIABzX7matJihHPfj457jVqNSk-dmkoBkPu71PLBqkYqq0PttTc6BHvIECsbPGwlYPFQuEa_9FCLlOFrnulLt1-KtjtCf_uImNsEA:1soJg7:JE-u5az8PYH_tXZCIXDHuP0YGjcJmf_osFXFuASwdb4	2024-09-25 09:30:23.072+00
xqqcic6tfhghwqhg39sci42c56q6wp4h	eyJpZF9hbm5lZV9zZWxlY3Rpb25uZWUiOjEyfQ:1sri4p:k_8Fhcriq9ZXwWeHcvJQLVHjRYZIqf8YbC8kQzgGpA4	2024-10-04 18:09:55.115+00
xrdjebi6622awbbplqoktg09ts7cjp76	eyJpZF9hbm5lZV9zZWxlY3Rpb25uZWUiOjEyfQ:1sdojH:Vu2vyHENYh46R2zbNVnfgTBm7_Ssz_VosHaHYDLClXg	2024-08-27 10:26:15.153+00
xteh7a21kvi2k6cfer7rbvj9jw8u171y	eyJpZF9hbm5lZV9zZWxlY3Rpb25uZWUiOjEyfQ:1tBVKt:BS8w-WXYoDcsQbfjBbrq8sypBQ7nzuzRVbVwaPG6CIU	2024-11-28 08:36:19.888+00
xu405m3sbogfd6i6xpaia89ne08maaov	.eJxdkMFuhDAMRP8l5woRghMgt733GyITmyUtG6oknKr-e0OF1G4lS5bfjOcwnyKQwxiZXeaNfQn7eYhJyhcRsqOQKuQjOeLsuBx1iamkg3_kEwSMRUwLbvliMXO4x380s09csMb9pX5_fBSct1_o8CirOzInF0hMQoknNqN_53gK9Ibxvjd-jyWFuTktzaXm5nUn3m6X9ylgxbzWb72wAj2gISn7wbR6oNkDwuw1GdbYaUCJZlxGaZSGjvplbL1cBhqMMrKroQ8sgdNZh-hbC62VMFroLCgL2vajVb2FOmDF1zcNrXbu:1sUiaU:I62CjxqPkioTRF-tNpsAqTBCt2RJIMHze1JDqByumU0	2024-08-02 08:03:34.143+00
xvyzs2l0dgdrtx2pvpvpryow1spvou0c	eyJpZF9hbm5lZV9zZWxlY3Rpb25uZWUiOjEyfQ:1soJl0:C-MmShETN__co_nc9GDgLAjIz_XVyi9HE3fKpIKYeog	2024-09-25 09:35:26.326+00
xwmvj2mfy8j7y7hrnzdpvv6vltq9rn17	eyJpZF9hbm5lZV9zZWxlY3Rpb25uZWUiOjExfQ:1sEZu3:vITaIG-cqOUrprBHwp7mKHcX82wZwXJ4e7YLvTGlcwc	2024-06-18 19:33:03.667+00
xxotw1pbr0l0atn1hv70r2f0w4utkblo	eyJpZF9hbm5lZV9zZWxlY3Rpb25uZWUiOjExfQ:1sYmyZ:3aw8GkuMY7J816-jdKNi-6uvcm7m1t-gp2Bp4KlkmEo	2024-08-13 13:33:15.132+00
xxrm72rgj06b51lfufo9b3n30ysb70od	eyJpZF9hbm5lZV9zZWxlY3Rpb25uZWUiOjEyfQ:1saKPN:LAeIxv9pxyAhoLFLQZ4QZiPZh3hmoHaQLhNxUd_GpLM	2024-08-17 19:27:17.051+00
y6nhqtuip0xejq3zawp5rdo3k20wjv2m	eyJpZF9hbm5lZV9zZWxlY3Rpb25uZWUiOjExfQ:1sYpK6:VHLd5tBRYku4VmtKcpkwB9Dr5LBOhb1rYcIK9FFTf1U	2024-08-13 16:03:38.915+00
y6o3clzvyndx24teb9wqfx654djxp2jc	eyJpZF9hbm5lZV9zZWxlY3Rpb25uZWUiOjExfQ:1sZ5rm:n3FO114NCXWVjypKMoTmd-53iMuTcV8Uj-ayJyNXIQc	2024-08-14 09:43:30.235+00
yc0lc8n0uavggxgh6gpmnwg9sek8frd6	eyJpZF9hbm5lZV9zZWxlY3Rpb25uZWUiOjExfQ:1sE3Lc:pZAKYQjGrCaGs960dv_pMWB1CkjckZY4BlOvI9zk_QQ	2024-06-17 08:47:20.08+00
ygakhhhcjedwweiveqheuh543xndcnsu	eyJpZF9hbm5lZV9zZWxlY3Rpb25uZWUiOjEyfQ:1sryHl:1TBe_Jzw2nqmKpOgG1HfmMHX2Luxq2JVAT_8ATJqRGE	2024-10-05 11:28:21.407+00
yh4ezigtzuvywpzyo80mwijoi5ivzw85	eyJpZF9hbm5lZV9zZWxlY3Rpb25uZWUiOjEyfQ:1sbyzw:g3PZoTdMtHrboag49EjKIaK7_ayK0Joy9ZJuyAqsA0o	2024-08-22 08:59:52.34+00
yi7d9l4nyb14liytx1nk0252zry1j174	eyJpZF9hbm5lZV9zZWxlY3Rpb25uZWUiOjExfQ:1sElks:UUziIRG4fMtvm5Yu6rfe01i4Akr5m1jxsxc5LEckFJI	2024-06-19 08:12:22.911+00
ynw90lv94p5wad5hiiz8ys2508qovbgv	eyJpZF9hbm5lZV9zZWxlY3Rpb25uZWUiOjEyfQ:1sbMmd:QM0WUo5_J-7QQnRsYe5vTnLGvZqMw_yraFJ2UfTioGw	2024-08-20 16:11:35.422+00
yws4oup6xxp68t1uavji7atoo5pi2yp1	eyJpZF9hbm5lZV9zZWxlY3Rpb25uZWUiOjExfQ:1sVxjw:q9FSuEsznyZbqCeq2HjS54GiFxkQSkOd_tVDfD2epoc	2024-08-05 18:26:28.319+00
z0uamwxcw6tesvtiuvxhe3aiozk5kg3u	eyJpZF9hbm5lZV9zZWxlY3Rpb25uZWUiOjExfQ:1sElf1:zjdx7hz7EeEc4qa2pMWDNumQ-2z-Iy6r38nFQFjOX3U	2024-06-19 08:06:19.795+00
z3y5zkrm83bxl1w8yjzpz5zko0h931ed	eyJpZF9hbm5lZV9zZWxlY3Rpb25uZWUiOjEyfQ:1tBVKt:BS8w-WXYoDcsQbfjBbrq8sypBQ7nzuzRVbVwaPG6CIU	2024-11-28 08:36:19.603+00
z58o8uq1ql0b1olzzikmexhnj00fonxa	eyJpZF9hbm5lZV9zZWxlY3Rpb25uZWUiOjEyfQ:1sjJoE:UraP_K3rwP3d8p0w3vK2pxvW4mkPZst9zZhzeoRSgvs	2024-09-11 14:38:06.14+00
z7gh0kufenlu7b28e3ktqh2av8arkq31	.eJxVj8uOwyAMRf-FdRU1QALKsvt-AzJgGmZSqHisqv77QJrFZGX53Osj-U28VRACosq4oSk-9oUsI73sUS2rekaLG1noeCFfUDMm5S1ZyMgoOVEN5hdDj-wPhEccTAwleT30ynCkebh35e3ongQr5LVdOyeQAYfrPGmQyDnVTAqKEzgHVorJOEqN1oJTfmWWCgYWpOYGYZazlk3qs7I-tZ-wJmUxKyy1DbI42DLueSceQjmxkNE_wk5Lql-Y0SQs0HT_oInPVwG9HezzB7g9c5s:1soJIw:oeVnp7LHjEstBfTx7i3_dFS54SbACSGTkqbX13I7Prg	2024-09-25 09:06:26.38+00
z7z141oj1agq4sgmihen5vay0uz5h4bw	eyJpZF9hbm5lZV9zZWxlY3Rpb25uZWUiOjEyfQ:1st0sG:74ndTZA6NkPcZK-eKmlNMqHUO1weFezD_vwJTpcw0Ig	2024-10-08 08:26:20.236+00
z8sl32kutpr75s4q9mz7kakztt7u8xbo	eyJpZF9hbm5lZV9zZWxlY3Rpb25uZWUiOjEyfQ:1sbMmd:QM0WUo5_J-7QQnRsYe5vTnLGvZqMw_yraFJ2UfTioGw	2024-08-20 16:11:35.526+00
zcubntx8cva6tok0h91uxi6psag1hx37	eyJpZF9hbm5lZV9zZWxlY3Rpb25uZWUiOjEyfQ:1stk2i:NowKXASlOGqFLa56V5_fojtv-7TUieeKZ8HDmoUt_EM	2024-10-10 08:40:08+00
ze2lnykhpe6gmp92bi0h9qizffkoefgg	eyJpZF9hbm5lZV9zZWxlY3Rpb25uZWUiOjEyfQ:1soSSs:L-eewQakNEJkz_xACjYuohQekwnlHNDboeiB3pazTiw	2024-09-25 18:53:18.703+00
zgy6nstb6l7hqzya0sxeyteu26s6fmhu	eyJpZF9hbm5lZV9zZWxlY3Rpb25uZWUiOjEyfQ:1sdR3j:IpGM35J4YebAyHpIOkbzLv4r7FbnGACW0Yhc5NFmOCg	2024-08-26 09:09:47.503+00
ziq2gedt3s1dqvw8cchdh6cwdo9umwcp	eyJpZF9hbm5lZV9zZWxlY3Rpb25uZWUiOjEyfQ:1sryfp:7dpj7eSG7UWudcT4Q_G0y64MyOvqQ8CGGNx1jNXrYPA	2024-10-05 11:53:13.658+00
zo2iksb0t5o0dlu7y96v89vacydj4nyh	eyJpZF9hbm5lZV9zZWxlY3Rpb25uZWUiOjEyfQ:1szBR5:xGo3APRIw-Sye3STK0QP4U88081zBS4v3VkB6By-F2c	2024-10-25 08:55:47.466+00
zts2i1qm8rydpjjinrgp0m2q4qb4z873	eyJpZF9hbm5lZV9zZWxlY3Rpb25uZWUiOjEyfQ:1sonhe:wtiwGYfwPETA7X0sic4V3vQbbdzLXQxie8DU2Mutkfc	2024-09-26 17:33:58.01+00
eqcwmodii3jtt5rjn9vy54m97c69tkho	.eJxdjktuxCAQRO_COrLADvizzD5nQE13e0ziQMRnFc3dB6JZxFm16lXpqX-EJwshMNvMJ2PxsQexqfFFWKjlsDVzsp7EJiZxYQ7wk0Mv6APCLQ4YQ0neDX0yPNs8vEfi8-25vQgOyEfXTvOitOFlkbNxoLXBUWpq0S2rVED7RE7PWu-vytCo5AqI46wQ5GImXJvUZ0s-tfe5JkucLZfajth2ODP_9p14COXCQmZ_C_9oZkxcoPn-Uoxf3wXc2WBJle8Pvl9rmQ:1twdzR:jvjKGGPpbhcWc_mJ_8N3pPS_HzCIO8pgdhQej0SE_wM	2025-04-07 09:21:01.199018+00
k20ovhzsrjugcopyz67dimwwweiwk513	eyJpZF9hbm5lZV9zZWxlY3Rpb25uZWUiOjEyfQ:1u2b8T:YM8fdWIBhHM58PC-9gPh03ltCvW9oUibZ_Yub7NSmUQ	2025-04-23 19:30:57.103054+00
dsdnsgr8nxo616vhuf8yl3efi278qjtj	.eJxdjktOxDAQRO_iNYrsBDufJXvOYLW7OxNDsEf-rBB3x0ZBYli16lXpqT-FJwshMNvMJ2PxsQexqfFJWKjlsDVzsp7EJibxwBzgO4de0BuEWxwwhpK8G_pkuNo8vEbi8-XaPggOyEfXTvOitOFlkbNxoLXBUWpq0S2rVED7RE7PWu_PytCo5AqI46wQ5GImXJvUZ0s-tfe5JkucLZfajthKqvxTd-AhFLHtcOaLhcz-Fv7RzJi4QNP9pRg_7gXc-Qu_vgHEoGuZ:1u4eL3:wMzyLmIQU0p52senAbVv3IzIqZi_VHnuKKcgydop8vw	2025-04-29 11:20:25.493602+00
1727of6rtkkoakoksrmiljmc6ghw5nlv	eyJpZF9hbm5lZV9zZWxlY3Rpb25uZWUiOjEyfQ:1tdAp4:y88GDMDAibd5CR9MQCbxFb9IeNMF48QAGbmy-du9SvA	2025-02-12 16:21:50.932122+00
x81ht6042ouuj5w7nks66rosyq4a1sy1	eyJpZF9hbm5lZV9zZWxlY3Rpb25uZWUiOjEyfQ:1tdAp5:JMqZFy3tvdg8vuhKcTi96DrmACwBA4c7OqGnS7sMbT4	2025-02-12 16:21:51.162373+00
mblbpuix23uejc6tr0o4ex1v8wbt1xz3	eyJpZF9hbm5lZV9zZWxlY3Rpb25uZWUiOjEyfQ:1tdAp6:M15IstchXnVIEFGVtY-8OVrx4gt0LI-IM3Up5jEhYTY	2025-02-12 16:21:52.080964+00
8bd0pnb4ysly0fcbdjbimhar7lr02gp3	.eJxdjktuxCAQRO_COrLADvizzD5nQE13e0ziQMRnFc3dB6JZxFm16lXpqX-EJwshMNvMJ2PxsQexqfFFWKjlsDVzsp7EJiZxYQ7wk0Mv6APCLQ4YQ0neDX0yPNs8vEfi8-25vQgOyEfXTvOitOFlkbNxoLXBUWpq0S2rVED7RE7PWu-vytCo5AqI46wQ5GImXJvUZ0s-tfe5JkucLZfajth2ODP_9p14COXCQmZ_C_9oZkxcoPn-Uoxf3wXc2WBJle8Pvl9rmQ:1tdmCr:kYMF1AUssFURI5XrRElXKWxN4fBBCNRre7EFifBlNY4	2025-02-14 08:16:53.130012+00
d5remz5s18ji6pop3ydn9hacun91sg9s	eyJpZF9hbm5lZV9zZWxlY3Rpb25uZWUiOjEyfQ:1tmXjM:VE1jozBlWhWH-PI-B1_ko4NAUdzDQ684qpcfbwkyyc4	2025-03-10 12:38:40.404853+00
aq2a56byjazlst5b6sxj36dkcrcfqla9	.eJxdj0FuxCAMRe_CuoqADAQyu9n3DMiAM6HNkArIqurda6pI7XTxhPy-9S0-WYoOckZ0FTcMLe19YDMTkr0wB0db3VGxuBRJjs_OQ3jH3IP4Bvm-D2HPrSQ_9JXhTOvwukfcbufuU8EKde2142SE0mgMn7QHpXSQXEUavbFcQFzG6NWk1HIROkrBLYQgJxGAGz0GS6WpupgKfQCP4iJWh-2gh82tHPgTd5EgNzYvsNXT5Yrpnv_ZiqFgA6r7a8P--Gjgt1_5gJaw9CNMWnOV1l5HzglBaGIiLoSiTBN9lsR4ZV_fHvF6Jw:1teBne:AC8FdceBd_RuAbuE0Ce7lECVGitHdGiQk2FzP_Kxrlc	2025-02-15 11:36:34.431662+00
3y1djiud5eufmf23bfklcqqe4jtwe9fy	eyJpZF9hbm5lZV9zZWxlY3Rpb25uZWUiOjEyfQ:1tmXl9:1nf5g8A-9FeTdTrm8qQdn_fbCr58BD-lyt2cfpoLpYs	2025-03-10 12:40:31.521615+00
idb11fyw09ywdvx82tlemgt05bqk1iwj	.eJxdjs1uxCAMhN-FcxVBvJC_2977DMiAs0ubJRWQU9V3r6kitdvDyPY3o4FPEYPFlIhsoY18jXs7xKz6F2HxqHd7FMo2BjELEE_MoX-n1Izwhum2d35PNUfXtUh3uqV73QNt1zP7VHDHcm-1MIxKGxpHORiHWhvfSx34dOMkFYYVgtOD1utFmdArOaH3_aA8ytGAn7g0Fhti5u_TkW2gYqkePMRc80E_dgMRUxXzils5WSoUb-kfLeQzVeS6v9Tvj4-KbvuFD6yRcntEgJILKLUAGJ49C1iXBeTImngfWLwDZxRngPPQL-LrG34_e3I:1tnJby:uHsA2Ztn5D_bwjoKBezUITi1GOC-Q71f2Y7u7C0XhiI	2025-03-12 15:46:14.503444+00
z4vqzago59fu720zxk4q95gdl4s61ksr	.eJxdjktuxCAQRO_COrLADvizzD5nQE13e0ziQMRnFc3dB6JZxFm16lXpqX-EJwshMNvMJ2PxsQexqfFFWKjlsDVzsp7EJiZxYQ7wk0Mv6APCLQ4YQ0neDX0yPNs8vEfi8-25vQgOyEfXTvOitOFlkbNxoLXBUWpq0S2rVED7RE7PWu-vytCo5AqI46wQ5GImXJvUZ0s-tfe5JkucLZfajth2ODP_9p14COXCQmZ_C_9oZkxcoPn-Uoxf3wXc2WBJle8Pvl9rmQ:1tnvev:LhPy9yUvRXCGwi9V9_yXCBdpwTDflzwR_OXTVO3_bfM	2025-03-14 08:23:49.412121+00
gsnea1jh72qcqb7zlcov5txsv35aphm2	.eJxdjstuxCAMRf-FdRXxGAhJdrPvNyADzgxthlRAVlX_vaaK1E4XR5bPtS58shQd5IzoKm4YWtr7wmYhX5iDo93dUbG4FNnMFHtyHsI75h7EN8i3fQh7biX5oZ8MZ1qH1z3idj1vnwruUO-9Vo1WaIPW8tF40NoEyXWk1duJC4iril6PWq8XYaIUfIIQ5CgCcGtUmKg0VRdToe_jUVzE6rAdNNjcyoE_cRcJcmPzCls9Xa6YbvmfrRgKNqC6vzbsj48GfvuVD2gJS3-EKX5ZFNfEuMjJEH1aYiLHCUNIQi1K6YV9fQOunHnq:1tuyU3:HacKQiKBVyH_00s_fzBLshyK0GwbyilaygC7ZvwRyNE	2025-04-02 18:49:43.214659+00
a3p4x1iybrr776zhf03aojg3h6q8c0oz	.eJxdjstuxCAMRf-FdRXxGAhJdrPvNyADzgxthlRAVlX_vaaK1E4XR5bPtS58shQd5IzoKm4YWtr7wmYhX5iDo93dUbG4FNnMFHtyHsI75h7EN8i3fQh7biX5oZ8MZ1qH1z3idj1vnwruUO-9Vo1WaIPW8tF40NoEyXWk1duJC4iril6PWq8XYaIUfIIQ5CgCcGtUmKg0VRdToe_jUVzE6rAdNNjcyoE_cRcJcmPzCls9Xa6YbvmfrRgKNqC6vzbsj48GfvuVD2gJS3-EKX5ZFNfEuMjJEH1aYiLHCUNIQi1K6YV9fQOunHnq:1tvD5R:A_Lk2NNVjXlIyT9IzeQqxPLHFV4v86Eh1HKmFX1dm8g	2025-04-03 10:25:17.29999+00
sbq8pz4ugow4kcgmlfqp9bezond5rvju	.eJxdjstuxCAMRf-FdRXxGAhJdrPvNyADzgxthlRAVlX_vaaK1E4XR5bPtS58shQd5IzoKm4YWtr7wmYhX5iDo93dUbG4FNnMFHtyHsI75h7EN8i3fQh7biX5oZ8MZ1qH1z3idj1vnwruUO-9Vo1WaIPW8tF40NoEyXWk1duJC4iril6PWq8XYaIUfIIQ5CgCcGtUmKg0VRdToe_jUVzE6rAdNNjcyoE_cRcJcmPzCls9Xa6YbvmfrRgKNqC6vzbsj48GfvuVD2gJS3-EKX5ZFNfEuMjJEH1aYiLHCUNIQi1K6YV9fQOunHnq:1tvg8G:rHzKw9iAQZUFwfZqM_hfSz4G4PFvfQSOvdIoRXaHrz0	2025-04-04 17:26:08.882495+00
vn5fecj8780q8xj1a2m02b4kc4aji9l4	.eJxdjktOxDAQRO_iNYrsBDufJXvOYLW7OxNDsEf-rBB3x0ZBYli16lXpqT-FJwshMNvMJ2PxsQexqfFJWKjlsDVzsp7EJibxwBzgO4de0BuEWxwwhpK8G_pkuNo8vEbi8-XaPggOyEfXTvOitOFlkbNxoLXBUWpq0S2rVED7RE7PWu_PytCo5AqI46wQ5GImXJvUZ0s-tfe5JkucLZfajthKqvxTd-AhFLHtcOaLhcz-Fv7RzJi4QNP9pRg_7gXc-Qu_vgHEoGuZ:1tuxte:EcbZAtXLB9FkbcbyDAzJiCN3Hp_TPleCy8k-UJgvGZ4	2025-04-02 18:12:06.486938+00
esmv0aor1xvfvv61u7o63bw4dwdxtdvc	.eJxdj8FuxCAMRP-FcxVBWAhJbnvvNyADzoY2Syogp6r_vmYVqd0eRiO_scbyN4vBQkqItuCGvsa9DWxiQrA3ZuGoqz0KZhsDQfnKHPhPTC0IH5Bue-f3VHN0XVvpzrR073vA7XruvhSsUNZWKwcjlEZj-KAdKKV9z1Wg0ZmRCwiLDE4NSi0XoUMv-Aje94PwwI2WfqTSWGyImR7AI9uAxWI9yNhU84HPuIEIqbJpga2cLBWMt_SPFvQZK1DdX-r3-1cFt_3CO9SIuR1hspez7C-zUIZckPgsxUiuSY0NJDWznwdSBnh3:1twkKy:yELW62d-Io5iedjXHhESXIYx1alin8u9VBnuU-3l7bE	2025-04-07 16:07:40.684633+00
65bv8lm2nxm2px8612gfk3l9fa8w3719	.eJxdj0FuxSAMRO_CuoqAFELCrvueARlwfmjzSQVkVfXuNVWk9ncxGvmNNZY_WYoOckZ0FXcMLR19YAsTkj0xB2fb3FmxuBQJjo_MQ3jH3IP4Bvl2DOHIrSQ_9JXhSuvwekTcX67dh4IN6tZrx8kIpdEYPmkPSukguYo0ejNzAXEdo1eTUuuz0FEKPkMIchIBuNFjmKk0VRdToQfwLC5iddhOMra0cuJP3EGC3Niywl4vliumW_5HK4aCDajuLw3H_aOB33_hHVrC0o8wNVvNrSBpYaWxylgtrR4JaasVmSBJUkezZV_fIrh6TA:1u2bFJ:snLR9L-pxveQTs3SRb8I5ZgRX0Qhig1jGLBkEHYry7Q	2025-04-23 19:38:01.771189+00
\.


--
-- Data for Name: main_anneeuniversitaire; Type: TABLE DATA; Schema: public; Owner: gestion_ifnti_user
--

COPY public.main_anneeuniversitaire (id, annee, annee_courante) FROM stdin;
2	2014	f
3	2015	f
4	2016	f
5	2017	f
6	2018	f
7	2019	f
8	2020	f
9	2021	f
10	2022	f
11	2023	f
12	2024	t
\.


--
-- Data for Name: main_charge; Type: TABLE DATA; Schema: public; Owner: gestion_ifnti_user
--

COPY public.main_charge (id, "dateDebut", "dateFin", frais_de_vie, frais_nourriture, frais_de_vie_dcc, frais_nourriture_dcc, montant, "montantEnLettre", annee_universitaire_id, compte_bancaire_id, personnel_id) FROM stdin;
1	2024-05-01	2024-05-31	65000	65000	0	0	130000	cent trente mille	11	2	25
2	2024-06-01	2024-06-30	65000	65000	0	0	130000	cent trente mille	11	2	17
3	2024-05-01	2024-05-31	100000	0	0	0	100000	cent mille	11	2	18
4	2024-10-01	2024-10-31	65000	65000	0	0	130000	cent trente mille	11	2	25
5	2024-09-01	2024-09-30	65000	65000	0	0	130000	cent trente mille	12	2	25
6	2024-10-01	2024-10-30	65000	65000	0	0	130000	cent trente mille	12	2	25
7	2024-10-01	2024-10-30	10000	5000	0	0	15000	quinze mille	12	2	27
8	2024-11-01	2024-11-30	65000	65000	0	0	130000	cent trente mille	12	2	25
9	2024-12-01	2024-12-31	65000	65000	0	0	130000	cent trente mille	12	2	25
10	2025-01-01	2025-01-31	70000	60000	0	0	130000	cent trente mille	12	2	25
11	2025-02-01	2025-02-28	60000	70000	0	0	130000	cent trente mille	12	2	25
12	2025-03-01	2025-03-31	60000	70000	0	0	130000	cent trente mille	12	2	25
\.


--
-- Data for Name: main_competence; Type: TABLE DATA; Schema: public; Owner: gestion_ifnti_user
--

COPY public.main_competence (id, code, libelle, matiere_id, ue_id) FROM stdin;
\.


--
-- Data for Name: main_comptebancaire; Type: TABLE DATA; Schema: public; Owner: gestion_ifnti_user
--

COPY public.main_comptebancaire (id, numero, solde_bancaire, frais_tenue_de_compte) FROM stdin;
2	00288	-16680026	0.00
\.


--
-- Data for Name: main_compteetudiant; Type: TABLE DATA; Schema: public; Owner: gestion_ifnti_user
--

COPY public.main_compteetudiant (id, solde, annee_universitaire_id, etudiant_id) FROM stdin;
\.


--
-- Data for Name: main_conge; Type: TABLE DATA; Schema: public; Owner: gestion_ifnti_user
--

COPY public.main_conge (id, nature, autre_nature, date_et_heure_debut, date_et_heure_fin, motif_refus, valider, nombre_de_jours_de_conge, annee_universitaire_id, personnel_id) FROM stdin;
1	Congé annuel	\N	2024-08-12	2024-09-11	\N	Actif	30	11	21
2	Congé annuel	\N	2024-08-12	2024-09-11	\N	Inconnu	30	11	21
\.


--
-- Data for Name: main_correspondancemaquette; Type: TABLE DATA; Schema: public; Owner: gestion_ifnti_user
--

COPY public.main_correspondancemaquette (id, nature, ancienne, nouvelle) FROM stdin;
\.


--
-- Data for Name: main_domaine; Type: TABLE DATA; Schema: public; Owner: gestion_ifnti_user
--

COPY public.main_domaine (id, nom, description) FROM stdin;
1	Informatique	Description
\.


--
-- Data for Name: main_enseignant; Type: TABLE DATA; Schema: public; Owner: gestion_ifnti_user
--

COPY public.main_enseignant (id, type, specialite, personnel_id) FROM stdin;
1		Base de donnée	1
4	Permanent	technologie	4
5	Vacataire	technologie	5
6	Vacataire	technologie	6
7	Vacataire	technologie	7
8	Vacataire	technologie	8
9	Vacataire	technologie	9
10	Vacataire	technologie	10
11	Vacataire	technologie	11
12	Vacataire	technologie	12
13	Vacataire	technologie	13
15	Vacataire	technologie	15
16	Vacataire	technologie	16
17	Vacataire	technologie	17
18	Permanent	Dévéloppement d'application	18
19	Permanent		19
21			21
22	Vacataire	Dévéloppement d'application	26
23	Permanent	Stagiaire	27
25	Vacataire	Anglais	30
26	Permanent	Devéloppeur d'application	25
24	Permanent	Dévéloppement d'application	28
\.


--
-- Data for Name: main_etudiant; Type: TABLE DATA; Schema: public; Owner: gestion_ifnti_user
--

COPY public.main_etudiant (nom, prenom, sexe, datenaissance, lieunaissance, contact, email, adresse, prefecture, is_active, carte_identity, nationalite, profil, id, seriebac1, seriebac2, anneeentree, anneebac1, anneebac2, "etablissementSeconde", "francaisSeconde", "anglaisSeconde", "mathematiqueSeconde", "etablissementPremiere", "francaisPremiere", "anglaisPremiere", "mathematiquePremiere", "etablissementTerminale", "francaisTerminale", "anglaisTerminale", "mathematiqueTerminale", delegue, passer_semestre_suivant, decision_conseil, photo_passport, user_id) FROM stdin;
AROUNA	Ramdane	M	2004-10-22	Sokodé	91627160	ramdane.arouna@ifnti.com	Didaouré	tchaoudjo	t		Togolaise		AR202305	\N	\N	2023	\N	2022	\N	0.00	0.00	0.00	\N	0.00	0.00	0.00	\N	0.00	0.00	0.00	f	f	Décision du conseil		112
AGBERE 	Abdou-Samadou	M	\N	Tchamba	93 17 92 71/ 92 90 40 90	abdou-samadou.agbere @ifnti.com		tchaoudjo	t		Togolaise		AA201603			2016	\N	2016		0.00	0.00	0.00		0.00	0.00	0.00		0.00	0.00	0.00	f	f	Décision du conseil		32
ALASSAN	Afez	M	\N	Kara /Kozah	90 42 44 03	afez.alassan@ifnti.com	Komah	tchaoudjo	t	111111	Togolaise		AA202002	\N	\N	2020	\N	2017	\N	0.00	0.00	0.00	\N	0.00	0.00	0.00	\N	0.00	0.00	0.00	f	f	Décision du conseil		58
ABDOULAYE	Aliya	F	2005-10-31	Sokodé	93341690	aliya.abdoulaye@ifnti.com	Didaouré	tchaoudjo	t		Togolaise		AA202301	\N	\N	2023	\N	2023	\N	0.00	0.00	0.00	\N	0.00	0.00	0.00	\N	0.00	0.00	0.00	f	f	Décision du conseil		108
ADJEBADJA	Abdoul-chakour	M	2004-08-21	Sokodé	70020635	abdoul-chakour.adjebadja@ifnti.com	Salimdè	tchaoudjo	t		Togolaise		AA202302	\N	\N	2023	\N	2023	\N	0.00	0.00	0.00	\N	0.00	0.00	0.00	\N	0.00	0.00	0.00	f	f	Décision du conseil		109
AGAO	Akila Rois	M	2005-01-02	Sokodé	99552526	akila-rois.agao@ifnti.com	Tchawanda	tchaoudjo	t		Togolaise		AA202303	\N	\N	2023	\N	2022	\N	0.00	0.00	0.00	\N	0.00	0.00	0.00	\N	0.00	0.00	0.00	f	f	Décision du conseil		110
ABDOULAYE	Addou Aki Sourouya	M	2005-12-22	Tchamba	71852914	addou-aki-sourouya.abdoulaye@ifnti.com	Quartier administrative	Tchamba	t	\N	Togolaise		AA202405	D	D	2024	2023	2024	Centre Islamique Chamba	8.00	10.00	10.50	Centre Islamique Chamba	10.00	14.00	8.50	Centre Islamique Chamba	10.00	12.00	7.00	f	f	Décision du conseil	images/photo_passports/AA202405.png	158
AGOUDA	Abdel Hakkou	M	2005-07-29	Sokodé	70 71 19 54	abdel-hakkou.agouda@ifnti.com	Komah	tchaoudjo	t	\N	Togolaise		AA202417	D	D	2024	2023	2024	LYCEE SAINTE MARIE	11.50	11.00	11.50	LYCEE SAINTE MARIE	11.00	18.00	13.00	LYCEE SAINTE MARIE	9.00	15.00	12.00	f	f	Décision du conseil	images/photo_passports/AA202417.jpg	171
ALASSANI 	Basstou	M	\N	Atakpamé		basstou.alassani @ifnti.com		tchaoudjo	t		Togolaise		AB201606			2016	\N	2014		0.00	0.00	0.00		0.00	0.00	0.00		0.00	0.00	0.00	f	f	Décision du conseil		35
AMONA	Birewa Audrey	M	2000-05-10	Agoè-Nyivé /Lomé	+228 90123456	birewa-audrey.amona@ifnti.com	sokodé	tchaoudjo	t	test	Togolaise		AB202101	\N	\N	2021	\N	2020	\N	0.00	0.00	0.00	\N	0.00	0.00	0.00	\N	0.00	0.00	0.00	f	f	Décision du conseil		73
AMEZO	Bouwéréou Grâce	F	2006-03-07	KARA	70297300	bouwéréou-grâce.amezo@ifnti.com	Lomnava	tchaoudjo	t	\N	Togolaise		AB202416	D	D	2024	2022	2023	STE BAKHITA	6.50	6.50	10.25	STE BAKHITA	12.00	15.00	9.00	STE BAKHITA	10.00	11.00	9.00	f	f	Décision du conseil	images/photo_passports/AB202416.jpg	170
ATTA	Demana Gisele	F	2007-05-07	Bassar	96215133	demana-gisele.atta@ifnti.com	Lomnava	tchaoudjo	t	\N	Togolaise		AD202418	D	D	2024	2023	2024	STE BAKHITA	12.00	13.00	8.00	LYCEE BAMABODOLO	11.00	14.00	10.00	LYCEE BAMABODOLO	7.00	12.00	7.00	f	f	Décision du conseil	images/photo_passports/AD202418.jpg	172
ADJANAYO	Eritayo Simone	F	2002-10-28	Sokodé /Tchaoudjo	90 08 19 98	eritayo-simone.adjanayo@ifnti.com	Bourè-Koufloumoudè	tchaoudjo	t	111111	Togolaise		AE202001	\N	\N	2020	\N	2020	\N	0.00	0.00	0.00	\N	0.00	0.00	0.00	\N	0.00	0.00	0.00	f	f	Décision du conseil		57
ABDOU	Faouziatou	F	2006-12-31	Bafilo	90 34 48 06	faouziatou.abdou@ifnti.com	Djameique	tchaoudjo	t	\N	Togolaise		AF202408	D	D	2024	2023	2024	LYCEE BAFILO	11.00	12.00	12.00	LYCEE BAFILO	12.00	13.00	13.00	LYCEE BAFILO	11.00	11.00	8.00	f	f	Décision du conseil	images/photo_passports/AF202408.jpg	161
AKPASSOU	Gnanta Achahame	M	2006-02-18	Cinkasse	71 39 77 64	gnanta-achahame.akpassou@ifnti.com	Kpangalam	tchaoudjo	t	\N	Togolaise		AG202407	D	D	2024	2022	2023	LYCEE ADETIKOPE	11.50	18.50	6.00	LYCEE ADETIKOPE	7.50	18.00	12.00	LYCEE ADETIKOPE	14.00	15.00	15.00	f	f	Décision du conseil	images/photo_passports/AG202407.jpg	160
ASSIPKA	Izandine	M	2002-01-21	Amondé	93786260	izandine.assipka@ifnti.com	Komah	Binah	t	\N	Togolaise		AI202406	D	D	2024	2022	2024	LYCEE KARA I	9.50	9.50	3.50	LYCEE KARA I	11.00	14.00	7.00	LYCEE KARA I	14.00	14.00	6.00	f	f	Décision du conseil		159
AKOU 	Jean-Paul Essognim	M	\N	Bassar	90 25 00 90	jean-paul-essognim.akou @ifnti.com		tchaoudjo	t		Togolaise		AJ201605			2016	\N	2016		0.00	0.00	0.00		0.00	0.00	0.00		0.00	0.00	0.00	f	f	Décision du conseil		34
ALI Alassani 	Mousbaou	M	\N	Kpéwa	91 61 35 15	mousbaou.ali alassani @ifnti.com		tchaoudjo	t		Togolaise		AM201607			2016	\N	2015		0.00	0.00	0.00		0.00	0.00	0.00		0.00	0.00	0.00	f	f	Décision du conseil		36
ADAM	Mohamed Fawaazou	M	\N	Tchamba	+971 55 468 10 57	mohamed-fawaazou.adam@ifnti.com		tchaoudjo	t		Togolaise		AM201613			2016	\N	2014		0.00	0.00	0.00		0.00	0.00	0.00		0.00	0.00	0.00	f	f	Décision du conseil		42
AKOH N’DJARMA	Mouhamede Sawanatou	F	2003-12-10	Sokodé	93349818	mouhamede-sawanatou.akoh n’djarma@ifnti.com	Lom-nava	tchaoudjo	t	923963333	Togolaise		AM202201	\N	\N	2022	\N	2021	\N	0.00	0.00	0.00	\N	0.00	0.00	0.00	\N	0.00	0.00	0.00	f	f	Décision du conseil		91
ALASSANI	Moustabchira	F	2004-10-20	Agoudadè	70355844	moustabchira.alassani@ifnti.com	Sokodé	Assoli	t	54613232	Togolaise		AM202202	\N	\N	2022	\N	2022	\N	0.00	0.00	0.00	\N	0.00	0.00	0.00	\N	0.00	0.00	0.00	f	f	Décision du conseil		92
AKONDO 	Nouréni	M	\N	Kri-kri	93 39 96 34	nouréni.akondo @ifnti.com		tchaoudjo	t		Togolaise		AN201604			2016	\N	2016		0.00	0.00	0.00		0.00	0.00	0.00		0.00	0.00	0.00	f	f	Décision du conseil		33
AKPARO	Olivier	M	2003-12-23	Souroutawé	70233904	olivier.akparo@ifnti.com	Komah I	tchaoudjo	t		Togolaise		AO202304			2023	\N	2022		0.00	0.00	0.00		0.00	0.00	0.00		0.00	0.00	0.00	f	f	Décision du conseil		111
ALABA	Pileza	M	\N	Dapaong	92 58 71 32	pileza.alaba@ifnti.com		tchaoudjo	t		Togolaise		AP201503			2015	\N	2010		0.00	0.00	0.00		0.00	0.00	0.00		0.00	0.00	0.00	f	f	Décision du conseil		27
ABI-ABRANGAO	Rachidou	M	\N	Aguidagbadè	92 85 15 10	rachidou.abi-abrangao@ifnti.com		tchaoudjo	t		Togolaise		AR201602			2016	\N	2016		0.00	0.00	0.00		0.00	0.00	0.00		0.00	0.00	0.00	f	f	Décision du conseil		31
ADOM	Tadjoudine	M	2003-12-31	Solaou	91714388	tadjoudine.adom@ifnti.com	Sokode	Tchaoudjo	t	123	Togolaise		AT202405	\N	\N	2024	\N	2024	\N	0.00	0.00	0.00	\N	0.00	0.00	0.00	\N	0.00	0.00	0.00	f	f	Décision du conseil		129
ABOUBAKAR	Yakinou	M	\N	Lomé		yakinou.aboubakar@ifnti.com		tchaoudjo	t		Togolaise		AY201402			2014	\N	2010		0.00	0.00	0.00		0.00	0.00	0.00		0.00	0.00	0.00	f	f	Décision du conseil		21
AYEVA 	Yaasiin	M	\N	Dapaong	92 22 78 26	yaasiin.ayeva @ifnti.com		tchaoudjo	t		Togolaise		AY201901			2019	\N	2018		0.00	0.00	0.00		0.00	0.00	0.00		0.00	0.00	0.00	f	f	Décision du conseil		50
BESSAN-GANVIO	Amewunu Edouard	M	2000-01-04	Lomé	98 91 48 95	amewunu-edouard.bessan-ganvio@ifnti.com	Sokode	tchaoudjo	t	11111	Togolaise		BA201902	\N	\N	2019	\N	2018	\N	0.00	0.00	0.00	\N	0.00	0.00	0.00	\N	0.00	0.00	0.00	f	f	Décision du conseil		51
BEVERI	Farida	F	2004-10-07	Kara	93332035	farida.beveri@ifnti.com	Camps Gouni	Kozah	t	564564	Togolaise		BF202205	\N	\N	2022	\N	2022	\N	0.00	0.00	0.00	\N	0.00	0.00	0.00	\N	0.00	0.00	0.00	f	f	Décision du conseil		95
BAH-TOURE	Fatiha	F	2002-07-13	Bafilo	92599026	fatiha.bah-toure@ifnti.com	Komah I	tchaoudjo	t	012	Togolaise		BF202404	\N	\N	2024	\N	2024	\N	0.00	0.00	0.00	\N	0.00	0.00	0.00	\N	0.00	0.00	0.00	f	f	Décision du conseil		128
BATAYA	Kpatonga Crépin	M	2004-10-25	Kandé	91361711	kpatonga-crépin.bataya@ifnti.com	Komah	Kéran	t	654645	Togolaise		BK202204	\N	\N	2022	\N	2022	\N	0.00	0.00	0.00	\N	0.00	0.00	0.00	\N	0.00	0.00	0.00	f	f	Décision du conseil		94
BABA	Traore Hannatou	F	2003-06-15	sokode	90909138	traore-hannatou.baba@ifnti.com	Didaouré	tchaoudjo	t	01	Togolaise		BT202401	\N	\N	2024	\N	2024	\N	0.00	0.00	0.00	\N	0.00	0.00	0.00	\N	0.00	0.00	0.00	f	f	Décision du conseil		125
BOKOPOLO	Yahliou Phinéas	M	2005-08-23	Lomé	92578137	yahliou-phinéas.bokopolo@ifnti.com	Kpangalam	tchaoudjo	t		Togolaise		BY202306	\N	\N	2023	\N	2023	\N	0.00	0.00	0.00	\N	0.00	0.00	0.00	\N	0.00	0.00	0.00	f	f	Décision du conseil		113
DEGBEBIA	Aïmane	M	2002-08-14	Agoudadè	97683852	aïmane.degbebia@ifnti.com	Komah	Assoli	t	11111	Togolaise		DA202113	\N	\N	2021	\N	2021	\N	0.00	0.00	0.00	\N	0.00	0.00	0.00	\N	0.00	0.00	0.00	f	f	Décision du conseil		85
DERMAN	Fad	M	2000-12-31	Gande	90148882	fad.derman@ifnti.com	Komah	Assoli	t	1111111	Togolaise		DF202117	\N	\N	2021	\N	2021	\N	0.00	0.00	0.00	\N	0.00	0.00	0.00	\N	0.00	0.00	0.00	f	f	Décision du conseil		89
DADJA	Godwin	F	2006-10-19	Kpalimé	71084270	godwin.dadja@ifnti.com	Tchawanda	tchaoudjo	t	\N	Togolaise		DG202409	D	D	2024	2023	2024	College Adele	9.67	7.50	7.50	College Adele	10.00	15.00	12.00	College Adele	12.00	14.00	14.00	f	f	Décision du conseil	images/photo_passports/DG202409.jpg	162
DJIMISSA	Kokou Wama	M	1993-08-09	Lomé	\N	kokou-wama.djimissa@ifnti.com	\N	tchaoudjo	t	\N	Togolaise		DK201406	\N	\N	2014	\N	2013	\N	0.00	0.00	0.00	\N	0.00	0.00	0.00	\N	0.00	0.00	0.00	f	f	Décision du conseil		138
DADO	Koffi Jean Socrate	M	1995-06-16	Lomé	90646424	koffi-jean-socrate.dado@ifnti.com	Komah	tchaoudjo	t	\N	Togolaise		DK202314	\N	\N	2023	\N	2022	\N	0.00	0.00	0.00	\N	0.00	0.00	0.00	\N	0.00	0.00	0.00	f	f	Décision du conseil		150
DEGBEMBIA	Rachad	M	\N	Lomé	93 06 38 84	rachad.degbembia@ifnti.com		tchaoudjo	t		Togolaise		DR201608			2016	\N	2016		0.00	0.00	0.00		0.00	0.00	0.00		0.00	0.00	0.00	f	f	Décision du conseil		37
DJODI	Rachad	M	2004-12-26	Sokodé	92168090	rachad.djodi@ifnti.com	Kouloundè	Tchaoudjo	t	111111	Togolaise		DR202206	\N	\N	2022	\N	2022	\N	0.00	0.00	0.00	\N	0.00	0.00	0.00	\N	0.00	0.00	0.00	f	f	Décision du conseil		96
EKLOU	Kokou Fidèle	M	\N	Notsè	zaeaz	kokou-fidèle.eklou@ifnti.com	azeaze	tchaoudjo	t	azeza	Togolaise		EK202118	\N	\N	2021	\N	2021	\N	0.00	0.00	0.00	\N	0.00	0.00	0.00	\N	0.00	0.00	0.00	f	f	Décision du conseil		90
FOFANA	Rachad	M	\N	Sokodé	92 16 92 55	rachad.fofana@ifnti.com		tchaoudjo	t		Togolaise		FR201403			2014	\N	2014		0.00	0.00	0.00		0.00	0.00	0.00		0.00	0.00	0.00	f	f	Décision du conseil		22
GADO	Djakpo	M	\N	Kri-kri	97 05 58 95	djakpo.gado@ifnti.com		tchaoudjo	t		Togolaise		GD201504			2015	\N	2014		0.00	0.00	0.00		0.00	0.00	0.00		0.00	0.00	0.00	f	f	Décision du conseil		28
GUEMA	Dindja	M	2001-10-22	Sokodé	91892792	dindja.guema@ifnti.com	Komah II	Tchaoudjo	t	11111111	Togolaise		GD202208	\N	\N	2022	\N	2021	\N	0.00	0.00	0.00	\N	0.00	0.00	0.00	\N	0.00	0.00	0.00	f	f	Décision du conseil		98
GNONEGUE	Erezam Daniel	M	\N	Kara	99 28 60 48	erezam-daniel.gnonegue@ifnti.com		tchaoudjo	t		Togolaise		GE201505			2015	\N	2015		0.00	0.00	0.00		0.00	0.00	0.00		0.00	0.00	0.00	f	f	Décision du conseil		29
GOUNTANDI	Nabila	F	2004-11-10	Lomé	90748453	nabila.gountandi@ifnti.com	Kadambara	Golf	t	1111111	Togolaise		GN202207	\N	\N	2022	\N	2022	\N	0.00	0.00	0.00	\N	0.00	0.00	0.00	\N	0.00	0.00	0.00	f	f	Décision du conseil		97
IDRISSOU	Djabir	M	\N	Togblékopé		djabir.idrissou@ifnti.com		tchaoudjo	t		Togolaise		ID201903			2019	\N	2019		0.00	0.00	0.00		0.00	0.00	0.00		0.00	0.00	0.00	f	f	Décision du conseil		52
ISSA TOURE	Fadilou	M	\N	Sokodé	70 01 36 65	fadilou.issa toure@ifnti.com		tchaoudjo	t		Togolaise		IF201804			2018	\N	2016		0.00	0.00	0.00		0.00	0.00	0.00		0.00	0.00	0.00	f	f	Décision du conseil		46
ISSA TOURE	Mohamed Abdel-Aziz	M	2001-11-09	Sokodé /Tchaoudjo	91 41 41 24	mohamed-abdel-aziz.issa toure@ifnti.com	Didaouré	tchaoudjo	t	111111	Togolaise		IM202003	\N	\N	2020	\N	2020	\N	0.00	0.00	0.00	\N	0.00	0.00	0.00	\N	0.00	0.00	0.00	f	f	Décision du conseil		59
KONDI	Adboul Malik	M	\N	Sotouboua /Sotouboua	93 56 12 40	adboul-malik.kondi@ifnti.com	Komah	tchaoudjo	t	111111	Togolaise		KA202004	\N	\N	2020	\N	2020	\N	0.00	0.00	0.00	\N	0.00	0.00	0.00	\N	0.00	0.00	0.00	f	f	Décision du conseil		60
KOUTEMA	Ditoma	M	\N	Kara	zaeza	ditoma.koutema@ifnti.com	zaeaze	tchaoudjo	t	zaeza	Togolaise		KD202112	\N	\N	2021	\N	2016	\N	0.00	0.00	0.00	\N	0.00	0.00	0.00	\N	0.00	0.00	0.00	f	f	Décision du conseil		84
KONDI	Ganietou	F	2006-12-15	Sotouboua	97406387	ganietou.kondi@ifnti.com	Komah	tchaoudjo	t	\N	Togolaise		KG202410	D	D	2024	2023	2024	College Adele	11.67	11.00	13.00	College Adele	14.00	15.00	12.00	College Adele	14.00	17.00	11.00	f	f	Décision du conseil	images/photo_passports/KG202410.jpg	163
KOKOU	Kwami  Félix	M	\N	Lomé	93 07 38 16	kwami-félix.kokou@ifnti.com		tchaoudjo	t		Togolaise		KK201601			2016	\N	2016		0.00	0.00	0.00		0.00	0.00	0.00		0.00	0.00	0.00	f	f	Décision du conseil		30
KPABOU	Koussoune Isidore	M	2000-04-04	Sokodé /Tchaoudjo	91 16 13 96	koussoune-isidore.kpabou@ifnti.com	Komah	tchaoudjo	t	1111111	Togolaise		KK202005	\N	\N	2020	\N	2020	\N	0.00	0.00	0.00	\N	0.00	0.00	0.00	\N	0.00	0.00	0.00	f	f	Décision du conseil		61
KPELINGA	Lamega Narcisse	M	\N	Kara /Kozah		lamega-narcisse.kpelinga@ifnti.com		tchaoudjo	t		Togolaise		KL202006			2020	\N	2016		0.00	0.00	0.00		0.00	0.00	0.00		0.00	0.00	0.00	f	f	Décision du conseil		62
KOUMOI MOUHAMAM	Sani	M	\N	Kri-kri	92 85 98 49	sani.koumoi mouhamam@ifnti.com	Sokodé/Barrière	tchaoudjo	t	08638117087	Togolaise		KM201610	\N	\N	2016	\N	2015	\N	0.00	0.00	0.00	\N	0.00	0.00	0.00	\N	0.00	0.00	0.00	f	f	Décision du conseil		39
KUMENA	M’Ba Roland	M	\N	Siou /Doufelgou	az	m’ba-roland.kumena@ifnti.com	zae	tchaoudjo	t	ae	Togolaise		KM202107	\N	\N	2021	\N	2021	\N	0.00	0.00	0.00	\N	0.00	0.00	0.00	\N	0.00	0.00	0.00	f	f	Décision du conseil		79
KONDO 	Samoussiya	F	\N	Tchamba	93 92 13 41	samoussiya.kondo @ifnti.com		tchaoudjo	t		Togolaise		KS201609			2016	\N	2016		0.00	0.00	0.00		0.00	0.00	0.00		0.00	0.00	0.00	f	f	Décision du conseil		38
KOZI	Wétchiré	F	\N	Sokodé		wétchiré.kozi@ifnti.com		tchaoudjo	t		Togolaise		KW201905			2019	\N	2019		0.00	0.00	0.00		0.00	0.00	0.00		0.00	0.00	0.00	f	f	Décision du conseil		54
KORODOWOU HAROUNA	Yassine Touré	M	\N	Inconnu		yassine-touré.korodowou harouna@ifnti.com		tchaoudjo	t		Togolaise		KY201904			2019	\N	2019		0.00	0.00	0.00		0.00	0.00	0.00		0.00	0.00	0.00	f	f	Décision du conseil		53
LANGOE	Fahouzia	F	2000-01-01	Lambaréné	70 84 49 74	fahouzia.langoe@ifnti.com	a	tchaoudjo	t	a	Togolaise		LF202102	\N	\N	2021	\N	2021	\N	0.00	0.00	0.00	\N	0.00	0.00	0.00	\N	0.00	0.00	0.00	f	f	Décision du conseil		74
MAMA WANGARA	Aminah	F	\N	Lomé	93 82 49 37	aminah.mama wangara@ifnti.com		tchaoudjo	t		Togolaise		MA201805			2018	\N	2015		0.00	0.00	0.00		0.00	0.00	0.00		0.00	0.00	0.00	f	f	Décision du conseil		47
MAYOU	Essolizam Patrik	M	2005-10-19	Sokodé	96613258	essolizam-patrik.mayou@ifnti.com	Kouloundè Africa king	tchaoudjo	t	111111	Togolaise		ME202210	\N	\N	2022	\N	2022	\N	0.00	0.00	0.00	\N	0.00	0.00	0.00	\N	0.00	0.00	0.00	f	f	Décision du conseil		100
MAKAYABA	Koudima Florian	M	2006-11-24	Agoé-Nyivé	96473033	koudima-florian.makayaba@ifnti.com	Kpangalam	tchaoudjo	t	\N	Togolaise		MK202411	D	D	2024	2023	2024	LYCEE ROBERT MATTLE	10.88	13.63	6.50	LYCEE ROBERT MATTLE	0.00	0.00	0.00	LYCEE ROBERT MATTLE	0.00	0.00	0.00	f	f	Décision du conseil	images/photo_passports/MK202411.jpg	164
MONI LAMBONI	Natanman	M	\N	Alédjo-Kadara	91 81 51 96	natanman.moni lamboni@ifnti.com		tchaoudjo	t		Togolaise		MN201801			2018	\N	2018		0.00	0.00	0.00		0.00	0.00	0.00		0.00	0.00	0.00	f	f	Décision du conseil		43
MANGBA	Yet-nam Bénédicta	F	2003-04-26	Adidogomé	92177598	yet-nam-bénédicta.mangba@ifnti.com	Komah	Golf	t	111111	Togolaise		MY202209	\N	\N	2022	\N	2021	\N	0.00	0.00	0.00	\N	0.00	0.00	0.00	\N	0.00	0.00	0.00	f	f	Décision du conseil		99
NGANDEU NDJEUKAM	Alhasan	M	2002-11-11	Sokodé /Tchaoudjo	91 81 79 07	alhasan.ngandeu ndjeukam@ifnti.com	sokode	tchaoudjo	t	111111	Togolaise		NA202007	\N	\N	2020	\N	2020	\N	0.00	0.00	0.00	\N	0.00	0.00	0.00	\N	0.00	0.00	0.00	f	f	Décision du conseil		63
NEKERE	Bassarou	M	\N	Sokodé		bassarou.nekere@ifnti.com		tchaoudjo	t		Togolaise		NB201401			2014	\N	2014		0.00	0.00	0.00		0.00	0.00	0.00		0.00	0.00	0.00	f	f	Décision du conseil		20
NONDOOU	Essoronda	M	2001-12-31	Aou-Matchatom	90 92 53 30	essoronda.nondoou@ifnti.com	Blitta	tchaoudjo	t	111111	Togolaise		NE202014	\N	\N	2020	\N	2020	\N	0.00	0.00	0.00	\N	0.00	0.00	0.00	\N	0.00	0.00	0.00	f	f	Décision du conseil		142
NAZEGA	Youssif	M	2003-09-02	Sokodé	70283487	youssif.nazega@ifnti.com	Didaouré	tchaoudjo	t		Togolaise		NY202309	\N	\N	2023	\N	2023	\N	0.00	0.00	0.00	\N	0.00	0.00	0.00	\N	0.00	0.00	0.00	f	f	Décision du conseil		116
OUPERE N'SEWA	Ahlimou	M	1995-12-13	Tchèkèlè	92 56 34 57	ahlimou.oupere n'sewa@ifnti.com	Sokodé/Didaouré	tchaoudjo	t	111111	Togolaise		OA201906	\N	\N	2019	\N	2017	\N	0.00	0.00	0.00	\N	0.00	0.00	0.00	\N	0.00	0.00	0.00	f	f	Décision du conseil		55
OGBONE INOUSSA	Chérifa	F	\N	Sokodé /Tchaoudjo	91 71 08 33	chérifa.ogbone inoussa@ifnti.com	Sokode	tchaoudjo	t	123	Togolaise		OC202009	\N	\N	2020	\N	2020	\N	0.00	0.00	0.00	\N	0.00	0.00	0.00	\N	0.00	0.00	0.00	f	f	Décision du conseil		65
OURO TAGBA	Essofa	M	2006-04-02	Sokodé	71855983	essofa.ouro tagba@ifnti.com	Komah	tchaoudjo	t	\N	Togolaise		OE202414	D	\N	2024	\N	2024	LYCEE YOKELE	0.00	0.00	0.00	LYCEE YOKELE	10.00	16.00	7.00	LYCEE YOKELE	10.00	13.00	7.00	f	f	Décision du conseil	images/photo_passports/OE202414.jpg	167
OGBONE	Irédon Arif	M	\N	Tchamba	92 53 35 94	irédon-arif.ogbone@ifnti.com		tchaoudjo	t		Togolaise		OI201611			2016	\N	2016		0.00	0.00	0.00		0.00	0.00	0.00		0.00	0.00	0.00	f	f	Décision du conseil		40
OURO-BODI	Islam	M	2005-09-10	Azanadè	92051092	islam.ouro-bodi@ifnti.com	Kpangalam	tchaoudjo	t	111111	Togolaise		OI202211	\N	\N	2022	\N	2022	\N	0.00	0.00	0.00	\N	0.00	0.00	0.00	\N	0.00	0.00	0.00	f	f	Décision du conseil		101
OGNADON 	Komlan	M	\N	Lomé	91 67 26 77	komlan.ognadon @ifnti.com		tchaoudjo	t		Togolaise		OK201501			2015	\N	2018		0.00	0.00	0.00		0.00	0.00	0.00		0.00	0.00	0.00	f	f	Décision du conseil		25
OULA BARNA	Moubarak	M	2004-12-31	Bafilo	92273786	moubarak.oula barna@ifnti.com	Kpangalam	Assoli	t		Togolaise		OM202310			2023	\N	2022		0.00	0.00	0.00		0.00	0.00	0.00		0.00	0.00	0.00	f	f	Décision du conseil		117
OGBONE	Tamimou Fayssol	M	\N	Lomé	azeea	tamimou-fayssol.ogbone@ifnti.com	ae	tchaoudjo	t	aa	Togolaise		OT202103	\N	\N	2021	\N	2021	\N	0.00	0.00	0.00	\N	0.00	0.00	0.00	\N	0.00	0.00	0.00	f	f	Décision du conseil		75
PETEMA	Maleki	M	\N	Lomé	92 80 80 78	maleki.petema@ifnti.com		tchaoudjo	t		Togolaise		PM201802			2018	\N	2018		0.00	0.00	0.00		0.00	0.00	0.00		0.00	0.00	0.00	f	f	Décision du conseil		44
PAKONDE	Mazalou Célia	F	2000-09-23	Lomé /Golfe	90 78 73 38	mazalou-célia.pakonde@ifnti.com	Kpangalam S/CBTCI BP 363 Lomé, Togo	tchaoudjo	t	aaa	Togolaise		PM202015	\N	\N	2020	\N	2020	\N	0.00	0.00	0.00	\N	0.00	0.00	0.00	\N	0.00	0.00	0.00	f	f	Décision du conseil		143
SIBITTI  	Amoudiya	F	\N	Sokodé	70 13 38 88	amoudiya.sibitti  @ifnti.com		tchaoudjo	t		Togolaise		SA201612			2016	\N	2016		0.00	0.00	0.00		0.00	0.00	0.00		0.00	0.00	0.00	f	f	Décision du conseil		41
SOKA	Dissima	F	2000-01-01	Siou	a	dissima.soka@ifnti.com	a	tchaoudjo	t	a	Togolaise		SD202110	\N	\N	2021	\N	2017	\N	0.00	0.00	0.00	\N	0.00	0.00	0.00	\N	0.00	0.00	0.00	f	f	Décision du conseil		82
SIMLEWA	Essohanam	M	2003-07-28	Kara	90385776	essohanam.simlewa@ifnti.com	Lomé	tchaoudjo	t	\N	Togolaise		SE202114	\N	\N	2021	\N	2021	\N	0.00	0.00	0.00	\N	0.00	0.00	0.00	\N	0.00	0.00	0.00	f	f	Décision du conseil		144
SOSSOUKPE	Komi Christophe	M	2000-08-21	Notse	91 36 39 48	komi-christophe.sossoukpe@ifnti.com	Akpakada	tchaoudjo	t	\N	Togolaise		SK202412	D	\N	2024	\N	2024	LYCEE DE BARKOISSI	10.00	12.00	7.75	LYCEE DE BARKOISSI	8.00	13.00	6.00	COLLEGE PROTESTANT SHALOM	11.00	14.00	7.00	f	f	Décision du conseil	images/photo_passports/SK202412.jpg	165
SOWOU 	Mohammed	M	\N	Lomé	96 70 47 55	mohammed.sowou @ifnti.com		tchaoudjo	t		Togolaise		SM201806			2018	\N	2013		0.00	0.00	0.00		0.00	0.00	0.00		0.00	0.00	0.00	f	f	Décision du conseil		48
SANKARA	Sarata	F	2002-01-01	Gombré	97233300	sarata.sankara@ifnti.com	Camps Gouni	Kalsaka	t	1111111	Togolaise		SS202212	\N	\N	2022	\N	2021	\N	0.00	0.00	0.00	\N	0.00	0.00	0.00	\N	0.00	0.00	0.00	f	f	Décision du conseil		102
TRAORE	El-imrane Adjibola	M	2003-05-02	Sokodé	71261785	el-imrane-adjibola.traore@ifnti.com	Bourè-Koufloumoudè	tchaoudjo	t		Togolaise		T 202314			2023	\N	2023		0.00	0.00	0.00		0.00	0.00	0.00		0.00	0.00	0.00	f	f	Décision du conseil		121
TOURE MOUHARI	Abdoul-haq	M	1997-07-17	Sokodé	\N	abdoul-haq.toure mouhari@ifnti.com	\N	tchaoudjo	t	\N	Togolaise		TA201808	\N	\N	2018	\N	2016	\N	0.00	0.00	0.00	\N	0.00	0.00	0.00	\N	0.00	0.00	0.00	f	f	Décision du conseil		139
TCHASSEI	Abdoul Baki	M	\N	Sokodé /Tchaoudjo	11111111	abdoul-baki.tchassei@ifnti.com	Sokode	tchaoudjo	t	11111	Togolaise		TA202012	\N	\N	2020	\N	2020	\N	0.00	0.00	0.00	\N	0.00	0.00	0.00	\N	0.00	0.00	0.00	f	f	Décision du conseil		68
TABATE	Essowedeo	M	2001-11-08	Agbelouve	93667600	essowedeo.tabate@ifnti.com	Komah I	Zio	t	1111111	Togolaise		TE202114	\N	\N	2021	\N	2021	\N	0.00	0.00	0.00	\N	0.00	0.00	0.00	\N	0.00	0.00	0.00	f	f	Décision du conseil		86
TEBONOU	Fatihi	M	\N	Sokodé	91 14 49 68	fatihi.tebonou@ifnti.com		tchaoudjo	t		Togolaise		TF201803			2018	\N	2018		0.00	0.00	0.00		0.00	0.00	0.00		0.00	0.00	0.00	f	f	Décision du conseil		45
TOYI	Fabrice Anénafoua	M	\N	Sokodé /Tchaoudjo	70 83 91 69$	fabrice-anénafoua.toyi@ifnti.com	Komah	tchaoudjo	t	111111	Togolaise		TF202016	\N	\N	2020	\N	2020	\N	0.00	0.00	0.00	\N	0.00	0.00	0.00	\N	0.00	0.00	0.00	f	f	Décision du conseil		72
TOYI	François Krami	M	1997-10-01	Sokodé	93516499	françois-krami.toyi@ifnti.com	Sokode	Tchaoudjo	t	11111	Togolaise		TF202108	\N	\N	2021	\N	2019	\N	0.00	0.00	0.00	\N	0.00	0.00	0.00	\N	0.00	0.00	0.00	f	f	Décision du conseil		80
TEOURI	Fridaouss	F	1900-01-01	\N	11111111	fridaouss.teouri@ifnti.com	Sokode	tchaoudjo	t	111111	Togolaise		TF202403	\N	\N	2024	\N	2024	\N	0.00	0.00	0.00	\N	0.00	0.00	0.00	\N	0.00	0.00	0.00	f	f	Décision du conseil		127
TCHA-DJERI	Guyassou	M	\N	Lomé	93 89 70 37	guyassou.tcha-djeri@ifnti.com		tchaoudjo	t		Togolaise		TG201404			2014	\N	2010		0.00	0.00	0.00		0.00	0.00	0.00		0.00	0.00	0.00	f	f	Décision du conseil		23
TCHATCHAW 	Gnénam Silas	M	\N	Inconnu		gnénam-silas.tchatchaw @ifnti.com		tchaoudjo	t		Togolaise		TG202313			2023	\N	2023		0.00	0.00	0.00		0.00	0.00	0.00		0.00	0.00	0.00	f	f	Décision du conseil		120
TCHALLA TALAKI	Kibandou Stéphanie	F	2000-10-01	Kandè	92375590	kibandou-stéphanie.tchalla talaki@ifnti.com	Bourè-Koufloumoudè	tchaoudjo	t		Togolaise		TK202311	D	D	2023	\N	2023	\N	0.00	0.00	0.00	\N	0.00	0.00	0.00	\N	0.00	0.00	0.00	f	f	Décision du conseil	images/photo_passports/TK202311_gxpOG9p.png	118
TCHABANA	Malia	F	\N	Tchamba /Tchamba	70 46 02 08	malia.tchabana@ifnti.com	Tchawanda	tchaoudjo	t	111111	Togolaise		TM202011	\N	\N	2020	\N	2020	\N	0.00	0.00	0.00	\N	0.00	0.00	0.00	\N	0.00	0.00	0.00	f	f	Décision du conseil		67
TCHANGAÎ 	Magnourewa Joseph	M	\N	Lomé	90 98 20 37	magnourewa-joseph.tchangaî @ifnti.com		tchaoudjo	t		Togolaise		TM202214			2022	\N	2022		0.00	0.00	0.00		0.00	0.00	0.00		0.00	0.00	0.00	f	f	Décision du conseil		104
TCHADJIRO	Rahamatou	F	2005-08-30	Agoudadé	71810924	rahamatou.tchadjiro@ifnti.com	Djameique	tchaoudjo	t	\N	Togolaise		TR202415	D	D	2024	2023	2024	LYCEE BAFILO	10.50	15.00	10.00	Complexe Scolaire El-Houda	10.00	11.00	8.00	Complexe Scolaire El-Houda	9.00	12.00	11.00	f	f	Décision du conseil	images/photo_passports/TR202415.jpg	168
TEOURI	Samrou Ablaye	M	2003-06-07	Paris 20ème /France	91 38 42 24	samrou-ablaye.teouri@ifnti.com	Sokodé/Didaouré	Paris	t	46897	Togolaise		TS202014	\N	\N	2020	\N	2020	\N	0.00	0.00	0.00	\N	0.00	0.00	0.00	\N	0.00	0.00	0.00	f	f	Décision du conseil		70
TCHABITCHOU	Soumeyatou	F	2003-04-20	Kara	90151465	soumeyatou.tchabitchou@ifnti.com	Kara	tchaoudjo	t	\N	Togolaise		TS202117	\N	\N	2021	\N	2021	\N	0.00	0.00	0.00	\N	0.00	0.00	0.00	\N	0.00	0.00	0.00	f	f	Décision du conseil		147
TEOURI	Touré-Ydaou Amadou	M	2002-03-25	Paris 18ème /France	93 35 84 85	touré-ydaou-amadou.teouri@ifnti.com	Sokodé/Didaouré	Paris	t	9879879	Togolaise		TT202015	\N	\N	2020	\N	2020	\N	0.00	0.00	0.00	\N	0.00	0.00	0.00	\N	0.00	0.00	0.00	f	f	Décision du conseil		71
TOURE	Chabane	M	2004-12-25	Sokodé	90770459	chabane.toure@ifnti.com	Komah I	Tchaoudjo	t	111111	Togolaise		TT202215	\N	\N	2022	\N	2022	\N	0.00	0.00	0.00	\N	0.00	0.00	0.00	\N	0.00	0.00	0.00	f	f	Décision du conseil		105
TCHALIM 	Wiyao	M	\N	Sotouboua	93 85 97 21	wiyao.tchalim @ifnti.com		tchaoudjo	t		Togolaise		TW201807			2018	\N	2016		0.00	0.00	0.00		0.00	0.00	0.00		0.00	0.00	0.00	f	f	Décision du conseil		49
TCHASSONA TRAORE	Walid	M	1997-10-20	Lomé	90 41 02 04	walid.tchassona traore@ifnti.com	Komah	tchaoudjo	t	111111	Togolaise		TW201907	\N	\N	2019	\N	2019	\N	0.00	0.00	0.00	\N	0.00	0.00	0.00	\N	0.00	0.00	0.00	f	f	Décision du conseil		56
TAKPAA	Wella Gilbert	M	2005-02-04	Kandé	92638348	wella-gilbert.takpaa@ifnti.com	Komah I	Kéran	t	1111111	Togolaise		TW202213	\N	\N	2022	\N	2022	\N	0.00	0.00	0.00	\N	0.00	0.00	0.00	\N	0.00	0.00	0.00	f	f	Décision du conseil		103
TCHABLY	Yendoiboim	M	\N	Adidogomé	+33 650871230	yendoiboim.tchably@ifnti.com		tchaoudjo	t		Togolaise		TY201405			2014	\N	2014		0.00	0.00	0.00		0.00	0.00	0.00		0.00	0.00	0.00	f	f	Décision du conseil		24
YACOUBOU 	Abdoul-Razak	M	\N	Dapaong		abdoul-razak.yacoubou @ifnti.com		tchaoudjo	t		Togolaise		YA202216			2022	\N	2022		0.00	0.00	0.00		0.00	0.00	0.00		0.00	0.00	0.00	f	f	Décision du conseil		106
YOUSSIF	Mohamad Hassane	M	2003-10-16	Agoudadè/Assoli	91194032	mohamad-hassane.youssif@ifnti.com	\N	tchaoudjo	t	\N	Togolaise		YM202115	\N	\N	2021	\N	2021	\N	0.00	0.00	0.00	\N	0.00	0.00	0.00	\N	0.00	0.00	0.00	f	f	Décision du conseil		145
YERIMA	Mansour	M	2004-07-11	Sokodé	79410487	mansour.yerima@ifnti.com	Kpangalam	tchaoudjo	t		Togolaise		YM202315	\N	\N	2023	\N	2023	\N	0.00	0.00	0.00	\N	0.00	0.00	0.00	\N	0.00	0.00	0.00	f	f	Décision du conseil		122
YÉRIMA 	Salamatou	F	\N	Kara		salamatou.yérima @ifnti.com		tchaoudjo	t		Togolaise		YS201502			2015	\N	2015		0.00	0.00	0.00		0.00	0.00	0.00		0.00	0.00	0.00	f	f	Décision du conseil		26
YAKOUBOU	Zina	F	2002-08-17	Djarkpanga	91104421	zina.yakoubou@ifnti.com	Komah III	Mô	t	111111	Togolaise		YZ202217	\N	\N	2022	\N	2021	\N	0.00	0.00	0.00	\N	0.00	0.00	0.00	\N	0.00	0.00	0.00	f	f	Décision du conseil		107
ZATO ZAKARI	Ibrahim	M	\N	Kaboli/Tchamba	a	ibrahim.zato zakari@ifnti.com	a	tchaoudjo	t	a	Togolaise		ZI202106	\N	\N	2021	\N	2021	\N	0.00	0.00	0.00	\N	0.00	0.00	0.00	\N	0.00	0.00	0.00	f	f	Décision du conseil		78
TCHABANA	Abdoul Hafizh	M	2004-03-26	Barkoissi	92 19 39 19	abdoul-hafizh.tchabana@ifnti.com	a	tchaoudjo	t	a	Togolaise		TA202111	\N	\N	2021	\N	2021	\N	0.00	0.00	0.00	\N	0.00	0.00	0.00	\N	0.00	0.00	0.00	f	f	Décision du conseil		83
\.


--
-- Data for Name: main_etudiant_semestres; Type: TABLE DATA; Schema: public; Owner: gestion_ifnti_user
--

COPY public.main_etudiant_semestres (id, etudiant_id, semestre_id) FROM stdin;
1	AR202305	S1-2023
2	AR202305	S3-2024
3	AR202305	S4-2024
4	AR202305	S2-2023
5	AA202002	S2-2020
6	AA202002	S3-2021
7	AA202002	S1-2020
8	AA202002	S6-2022
9	AA202002	S5-2022
10	AA202002	S4-2021
11	AA202301	S1-2023
12	AA202301	S3-2024
13	AA202301	S4-2024
14	AA202301	S2-2023
15	AA202302	S1-2023
16	AA202302	S3-2024
17	AA202302	S4-2024
18	AA202302	S2-2023
19	AA202303	S1-2023
20	AA202303	S3-2024
21	AA202303	S4-2024
22	AA202303	S2-2023
23	AA202405	S2-2024
24	AA202405	S1-2024
25	AA202417	S2-2024
26	AA202417	S1-2024
27	AB202101	S5-2023
28	AB202101	S1-2021
29	AB202101	S2-2021
30	AB202101	S6-2023
31	AB202416	S2-2024
32	AB202416	S1-2024
33	AD202418	S2-2024
34	AD202418	S1-2024
35	AE202001	S2-2020
36	AE202001	S3-2021
37	AE202001	S1-2020
38	AE202001	S6-2022
39	AE202001	S5-2022
40	AE202001	S4-2021
41	AF202408	S2-2024
42	AF202408	S1-2024
43	AG202407	S2-2024
44	AG202407	S1-2024
45	AI202406	S2-2024
46	AI202406	S1-2024
47	AM202201	S1-2022
48	AM202201	S4-2023
49	AM202201	S2-2022
50	AM202201	S3-2023
51	AM202202	S6-2024
52	AM202202	S5-2024
53	AM202202	S3-2023
54	AM202202	S1-2022
55	AM202202	S4-2023
56	AM202202	S2-2022
57	AO202304	S1-2023
58	AO202304	S2-2023
59	AT202405	S6-2024
60	AT202405	S5-2024
61	AT202405	S2-2021
62	AT202405	S1-2021
63	AT202405	S3-2023
64	AT202405	S4-2023
65	BA201902	S2-2020
66	BA201902	S5-2024
67	BA201902	S6-2024
68	BA201902	S5-2023
69	BA201902	S4-2022
70	BA201902	S6-2023
71	BA201902	S1-2020
72	BA201902	S3-2022
73	BF202205	S6-2024
74	BF202205	S5-2024
75	BF202205	S3-2023
76	BF202205	S1-2022
77	BF202205	S4-2023
78	BF202205	S2-2022
79	BF202404	S2-2021
80	BF202404	S2-2023
81	BF202404	S1-2021
82	BF202404	S3-2024
83	BF202404	S4-2024
84	BF202404	S1-2023
85	BK202204	S6-2024
86	BK202204	S5-2024
87	BK202204	S3-2023
88	BK202204	S1-2022
89	BK202204	S4-2023
90	BK202204	S2-2022
91	BT202401	S2-2023
92	BT202401	S3-2024
93	BT202401	S4-2024
94	BT202401	S1-2023
95	BT202401	S1-2022
96	BT202401	S2-2022
97	BY202306	S1-2023
98	BY202306	S3-2024
99	BY202306	S4-2024
100	BY202306	S2-2023
101	DA202113	S2-2021
102	DA202113	S1-2021
103	DA202113	S3-2023
104	DA202113	S3-2024
105	DA202113	S4-2024
106	DA202113	S1-2022
107	DA202113	S4-2023
108	DA202113	S2-2022
109	DF202117	S6-2024
110	DF202117	S5-2024
111	DF202117	S2-2021
112	DF202117	S1-2021
113	DF202117	S3-2023
114	DF202117	S4-2023
115	DG202409	S2-2024
116	DG202409	S1-2024
117	DK202314	S1-2023
118	DK202314	S3-2024
119	DK202314	S4-2024
120	DK202314	S2-2023
121	DR202206	S6-2024
122	DR202206	S5-2024
123	DR202206	S3-2023
124	DR202206	S1-2022
125	DR202206	S4-2023
126	DR202206	S2-2022
127	EK202118	S5-2023
128	EK202118	S1-2021
129	EK202118	S2-2021
130	EK202118	S6-2023
131	GD202208	S3-2023
132	GD202208	S3-2024
133	GD202208	S4-2024
134	GD202208	S1-2022
135	GD202208	S4-2023
136	GD202208	S2-2022
137	GN202207	S3-2023
138	GN202207	S3-2024
139	GN202207	S4-2024
140	GN202207	S1-2022
141	GN202207	S4-2023
142	GN202207	S2-2022
143	IM202003	S2-2020
144	IM202003	S3-2021
145	IM202003	S1-2020
146	IM202003	S6-2022
147	IM202003	S5-2022
148	IM202003	S4-2021
149	KA202004	S2-2020
150	KA202004	S3-2021
151	KA202004	S1-2020
152	KA202004	S6-2022
153	KA202004	S5-2022
154	KA202004	S4-2021
155	KD202112	S5-2023
156	KD202112	S1-2021
157	KD202112	S2-2021
158	KD202112	S6-2023
159	KG202410	S2-2024
160	KG202410	S1-2024
161	KK201601	S2-2016
162	KK201601	S1-2016
163	KK202005	S2-2020
164	KK202005	S3-2021
165	KK202005	S1-2020
166	KK202005	S6-2022
167	KK202005	S5-2022
168	KK202005	S4-2021
169	KL202006	S2-2020
170	KL202006	S1-2020
171	KM201610	S4-2017
172	KM201610	S2-2016
173	KM201610	S1-2016
174	KM201610	S3-2017
175	KM202107	S5-2023
176	KM202107	S1-2021
177	KM202107	S2-2021
178	KM202107	S6-2023
179	KW201905	S2-2019
180	KW201905	S1-2019
181	KY201904	S2-2019
182	KY201904	S1-2019
183	LF202102	S6-2024
184	LF202102	S5-2024
185	LF202102	S2-2021
186	LF202102	S5-2023
187	LF202102	S1-2021
188	LF202102	S6-2023
189	ME202210	S6-2024
190	ME202210	S5-2024
191	ME202210	S3-2023
192	ME202210	S1-2022
193	ME202210	S4-2023
194	ME202210	S2-2022
195	MK202411	S2-2024
196	MK202411	S1-2024
197	MN201801	S2-2018
198	MN201801	S1-2018
199	MY202209	S6-2024
200	MY202209	S5-2024
201	MY202209	S3-2023
202	MY202209	S1-2022
203	MY202209	S4-2023
204	MY202209	S2-2022
205	NA202007	S2-2020
206	NA202007	S3-2021
207	NA202007	S1-2020
208	NA202007	S6-2022
209	NA202007	S5-2022
210	NA202007	S4-2021
211	NB201401	S1-2014
212	NB201401	S2-2014
213	NE202014	S2-2021
214	NE202014	S2-2023
215	NE202014	S1-2021
216	NE202014	S3-2024
217	NE202014	S4-2024
218	NE202014	S1-2023
219	NY202309	S1-2023
220	NY202309	S3-2024
221	NY202309	S4-2024
222	NY202309	S2-2023
223	OA201906	S2-2020
224	OA201906	S3-2021
225	OA201906	S1-2020
226	OA201906	S6-2022
227	OA201906	S5-2022
228	OA201906	S4-2021
229	OC202009	S2-2020
230	OC202009	S2-2021
231	OC202009	S5-2023
232	OC202009	S1-2021
233	OC202009	S6-2023
234	OC202009	S1-2020
235	OE202414	S2-2024
236	OE202414	S1-2024
237	OI202211	S6-2024
238	OI202211	S5-2024
239	OI202211	S3-2023
240	OI202211	S1-2022
241	OI202211	S4-2023
242	OI202211	S2-2022
243	OK201501	S2-2015
244	OK201501	S1-2015
245	OM202310	S1-2023
246	OM202310	S2-2023
247	OT202103	S5-2023
248	OT202103	S1-2021
249	OT202103	S2-2021
250	OT202103	S6-2023
251	PM201802	S2-2018
252	PM201802	S1-2018
253	PM202015	S6-2014
254	PM202015	S1-2021
255	PM202015	S2-2021
256	SD202110	S6-2024
257	SD202110	S5-2024
258	SD202110	S2-2021
259	SD202110	S5-2023
260	SD202110	S1-2021
261	SD202110	S6-2023
262	SE202114	S1-2021
263	SE202114	S2-2021
264	SK202412	S2-2024
265	SK202412	S1-2024
266	SS202212	S6-2024
267	SS202212	S5-2024
268	SS202212	S3-2023
269	SS202212	S1-2022
270	SS202212	S4-2023
271	SS202212	S2-2022
272	T 202314	S1-2023
273	T 202314	S2-2023
274	TA202012	S2-2020
275	TA202012	S2-2021
276	TA202012	S5-2023
277	TA202012	S1-2021
278	TA202012	S4-2022
279	TA202012	S6-2023
280	TA202012	S1-2020
281	TA202012	S3-2022
282	TA202111	S5-2023
283	TA202111	S1-2021
284	TA202111	S2-2021
285	TA202111	S6-2023
286	TE202114	S6-2024
287	TE202114	S5-2024
288	TE202114	S2-2021
289	TE202114	S1-2021
290	TE202114	S3-2023
291	TE202114	S4-2023
292	TF201803	S2-2018
293	TF201803	S1-2018
294	TF202016	S2-2020
295	TF202016	S3-2021
296	TF202016	S1-2020
297	TF202016	S6-2022
298	TF202016	S5-2022
299	TF202016	S4-2021
300	TF202108	S6-2024
301	TF202108	S5-2024
302	TF202108	S2-2021
303	TF202108	S1-2021
304	TF202108	S3-2023
305	TF202108	S4-2023
306	TF202403	S1-2023
307	TF202403	S1-2021
308	TF202403	S2-2021
309	TF202403	S2-2023
310	TG202313	S1-2023
311	TG202313	S2-2023
312	TK202311	S1-2023
313	TK202311	S3-2024
314	TK202311	S4-2024
315	TK202311	S2-2023
316	TM202011	S2-2020
317	TM202011	S3-2021
318	TM202011	S1-2020
319	TM202011	S6-2022
320	TM202011	S5-2022
321	TM202011	S4-2021
322	TM202214	S1-2022
323	TM202214	S2-2022
324	TR202415	S2-2024
325	TR202415	S1-2024
326	TS202014	S2-2020
327	TS202014	S3-2021
328	TS202014	S1-2020
329	TS202014	S6-2022
330	TS202014	S5-2022
331	TS202014	S4-2021
332	TS202117	S1-2021
333	TS202117	S2-2021
334	TT202015	S2-2020
335	TT202015	S3-2021
336	TT202015	S1-2020
337	TT202015	S6-2022
338	TT202015	S5-2022
339	TT202015	S4-2021
340	TT202215	S6-2024
341	TT202215	S5-2024
342	TT202215	S3-2023
343	TT202215	S1-2022
344	TT202215	S4-2023
345	TT202215	S2-2022
346	TW201907	S2-2020
347	TW201907	S3-2021
348	TW201907	S1-2020
349	TW201907	S6-2022
350	TW201907	S5-2022
351	TW201907	S4-2021
352	TW202213	S6-2024
353	TW202213	S5-2024
354	TW202213	S3-2023
355	TW202213	S1-2022
356	TW202213	S4-2023
357	TW202213	S2-2022
358	YA202216	S1-2022
359	YA202216	S2-2022
360	YM202115	S1-2021
361	YM202115	S2-2021
362	YM202315	S1-2023
363	YM202315	S3-2024
364	YM202315	S4-2024
365	YM202315	S2-2023
366	YS201502	S2-2015
367	YS201502	S1-2015
368	YZ202217	S3-2023
369	YZ202217	S3-2024
370	YZ202217	S4-2024
371	YZ202217	S1-2022
372	YZ202217	S4-2023
373	YZ202217	S2-2022
374	ZI202106	S5-2023
375	ZI202106	S1-2021
376	ZI202106	S2-2021
377	ZI202106	S6-2023
397	TA202111	S4-2022
398	TA202111	S3-2022
\.


--
-- Data for Name: main_etudiant_tuteurs; Type: TABLE DATA; Schema: public; Owner: gestion_ifnti_user
--

COPY public.main_etudiant_tuteurs (id, etudiant_id, tuteur_id) FROM stdin;
\.


--
-- Data for Name: main_evaluation; Type: TABLE DATA; Schema: public; Owner: gestion_ifnti_user
--

COPY public.main_evaluation (id, libelle, ponderation, date, rattrapage, matiere_id, semestre_id) FROM stdin;
57	Examen	100	2024-02-15	f	48	S1-2023
85	Evaluation II	100	2020-01-01	f	67	S1-2020
86	Evaluation DAP	100	2020-01-01	f	71	S1-2020
87	Évaluation AR	100	2020-01-01	f	72	S1-2020
88	Évaluation BD	100	2020-01-01	f	73	S1-2020
89	Evaluation SE	100	2020-01-01	f	68	S1-2020
90	Examen Bureautique	100	2020-01-01	f	69	S1-2020
91	Evaluation Maths	100	2020-01-01	f	70	S1-2020
92	Evaluation EC	100	2020-01-01	f	74	S1-2020
93	Évaluation ANG	100	2020-01-01	f	75	S1-2020
94	Évaluation OC	100	2020-01-01	f	76	S1-2020
95	Évaluation IRS	100	2020-01-01	f	77	S1-2020
97	examen final	100	2023-02-10	f	44	S5-2022
98	examen final	100	2023-02-08	f	134	S5-2022
99	examen final	100	2023-02-07	f	32	S5-2022
100	examen final	100	2023-02-11	f	130	S5-2022
101	examen final	100	2023-02-13	f	131	S5-2022
102	examen final	100	2023-02-14	f	132	S5-2022
103	examen final	100	2020-01-01	f	152	S6-2022
105	examen final	100	2022-01-01	f	148	S6-2022
107	examen final	100	2022-01-01	f	150	S6-2022
110	examen final	100	2022-01-01	f	155	S6-2022
111	Evaluation AO	100	2020-01-01	f	78	S2-2020
112	Evaluation EL	100	2020-01-01	f	79	S2-2020
113	Evaluation Réseaux	100	2020-01-01	f	80	S2-2020
114	DAP	100	2020-01-01	f	81	S2-2020
115	Evaluation TDSS	100	2020-01-01	f	84	S2-2020
116	Evaluation UML	100	2020-01-01	f	82	S2-2020
117	Evaluation BD	100	2020-01-01	f	83	S2-2020
118	Evaluation Maths	100	2020-01-01	f	85	S2-2020
119	Evaluation EC	100	2020-01-01	f	86	S2-2020
120	Evaluation ANG	100	2020-01-01	f	87	S2-2020
121	Evaluation OC	100	2020-01-01	f	88	S2-2020
122	Evaluation IRS	100	2020-01-01	f	89	S2-2020
123	Evaluation Java	100	2020-01-01	f	90	S3-2021
124	Evaluation Python	100	2020-01-01	f	91	S3-2021
125	Evaluation Persistance	100	2020-01-01	f	92	S3-2021
126	Evaluation Géometrie	100	2020-01-01	f	93	S3-2021
127	Evaluation tkinter	100	2020-01-01	f	94	S3-2021
128	Evaluation Event	100	2020-01-01	f	95	S3-2021
129	Evaluation templating	100	2020-01-01	f	135	S3-2021
130	Evaluation XML	100	2021-01-01	f	136	S3-2021
131	Evaluation BD	100	2021-01-01	f	137	S3-2021
132	Evaluation UML	100	2021-01-01	f	138	S3-2021
133	Evaluation Latex	100	2021-01-01	f	104	S3-2021
134	Evaluation ANG	100	2021-01-01	f	105	S3-2021
135	Evaluation Photoshop	100	2020-01-01	f	106	S3-2021
136	Evaluation Gestion projet	100	2021-01-01	f	109	S3-2021
137	Evaluation BPMN	100	2021-01-01	f	107	S3-2021
138	Evaluation IRS	100	2021-01-01	f	108	S3-2021
171	Evaluation EL	100	2021-01-01	f	96	S3-2021
204	Evaluation Micro-programmation	100	2021-01-01	f	97	S3-2021
237	Evaluation Adressage et routage	100	2021-01-01	f	98	S3-2021
238	Evaluation Graphes	100	2021-01-01	f	99	S3-2021
239	Evaluation Bash	100	2020-01-01	f	139	S4-2021
240	Evaluation BD	100	2020-01-01	f	140	S4-2021
241	Evaluation Dénombrement	100	2020-01-01	f	141	S4-2021
242	Evaluation FW	100	2020-01-01	f	142	S4-2021
247	Evaluation Arduino	100	2020-01-01	f	147	S4-2021
248	Evaluation Technique	100	2020-01-01	f	149	S4-2021
249	Evaluation ANG	100	2020-01-01	f	151	S4-2021
250	Stage	100	2020-01-01	f	154	S4-2021
251	Evaluation IRS	100	2020-01-01	f	156	S4-2021
252	Evaluation OC	100	2020-01-01	f	157	S4-2021
253	Stage de fin d’étude	100	2020-01-01	f	153	S6-2022
260	Evaluation Finale AR	100	2023-11-06	f	3	S1-2023
261	Examen BD	50	2024-02-13	f	7	S1-2023
262	Evaluation N°1	20	2023-12-08	f	7	S1-2023
263	Evaluation N°2	30	2023-12-22	f	7	S1-2023
264	Évaluation N°1 ANG	50	2023-12-22	f	1	S1-2023
265	Examen English	50	2023-02-16	f	1	S1-2023
267	Examen (DAP)	50	2020-01-01	f	8	S1-2023
268	Évaluation N°1 DAP	25	2020-01-01	f	8	S1-2023
269	Évaluation N°2 DAP	25	2020-01-01	f	8	S1-2023
271	Examen	100	2024-02-13	f	35	S1-2023
272	Évaluation N°1 SE	25	2023-11-03	f	5	S1-2023
273	Évaluation N°2 SE	25	2023-12-01	f	5	S1-2023
274	Évaluation N°3 SE	25	2023-12-18	f	5	S1-2023
275	Examen SE	25	2024-02-13	f	5	S1-2023
276	Évaluation N°1 Culture Générale	25	2023-11-29	f	11	S1-2023
277	Évaluation N°2 Culture Générale	25	2023-12-20	f	11	S1-2023
278	Évaluation N°3 Culture Générale	25	2024-01-24	f	11	S1-2023
279	Examen Culture Générale	25	2020-01-01	f	11	S1-2023
280	Rattrapage Culture générale	100	2024-04-17	t	11	S1-2023
281	Évaluation N°1 Logique mathématique	25	2023-12-06	f	12	S1-2023
282	Évaluation N°3 Logique	25	2023-12-20	f	12	S1-2023
283	Examen Logique Mathématique	50	2024-01-14	f	12	S1-2023
284	Evaluation Fondement des TI	100	2024-02-12	f	9	S1-2023
285	Examen	50	2023-12-30	f	47	S1-2023
286	Examen Comptabilite	50	2024-02-15	f	47	S1-2023
287	Rattrapage OC	100	2024-04-18	t	47	S1-2023
288	Examen Théories des ensembles	50	2024-02-15	f	13	S1-2023
289	Évaluation Thérorie des Ensembles	50	2023-12-21	f	13	S1-2023
290	Évaluation Matériels et Maintenance	50	2023-12-01	f	14	S1-2023
291	Examen Matériels et Maintenance	50	2024-02-12	f	14	S1-2023
296	Évaluation N°1 ANG	50	2023-12-22	f	38	S3-2023
297	Examen English	50	2024-02-16	f	38	S3-2023
299	Évaluation N°1 Théorie des graphes	100	2023-12-19	f	25	S3-2023
300	Examen Service réseau	50	2024-02-16	f	20	S3-2023
301	Évaluation N°1 Service réseau	25	2023-11-12	f	20	S3-2023
302	Évaluation N°2 Service réseau	25	2023-12-12	f	20	S3-2023
303	Évaluation N°1 POO - Python	50	2023-11-10	f	15	S3-2023
304	Évaluation N°2 POO - Python	50	2023-12-01	f	15	S3-2023
305	Évaluation N°1 IRS	25	2023-12-06	f	23	S3-2023
306	Évaluation N°2 IRS	25	2023-12-20	f	33	S3-2023
307	Examen IRS	50	2024-02-14	f	33	S3-2023
308	Examen	60	2024-02-15	f	39	S3-2023
309	Examen	40	2023-12-15	f	39	S3-2023
311	Évaluation N°2 Géométrie	20	2020-01-01	f	93	S3-2023
312	Examen Géométrie	50	2024-02-14	f	93	S3-2023
313	Évaluation N°1 Géométrie	30	2023-12-06	f	26	S3-2023
314	Évaluation N°2 Géométrie	20	2020-01-01	f	26	S3-2023
315	Examen Géométrie	50	2024-02-14	f	26	S3-2023
316	Evaluation Réseau	100	2024-02-15	f	21	S3-2023
317	Évaluation N°1 Electronique II	25	2024-01-08	f	37	S3-2023
318	Évaluation N°2 Electronique II	25	2024-01-29	f	37	S3-2023
319	Examen	50	2024-02-12	f	37	S3-2023
320	Examen	50	2024-02-14	f	16	S3-2023
321	Evaluation N°1	25	2023-12-18	f	16	S3-2023
322	POO	25	2023-10-30	f	16	S3-2023
323	Évaluation Latex	50	2023-12-22	f	41	S3-2023
324	Examen	50	2024-02-14	f	41	S3-2023
325	Evaluation N°1	40	2023-12-18	f	17	S3-2023
326	Examen	60	2024-02-12	f	17	S3-2023
327	Évaluation N°1 Micro-programmation des ordinateurs	25	2023-12-12	f	36	S3-2023
328	Évaluation N°2 Mirco-programmation des ordinateurs	25	2020-01-01	f	36	S3-2023
329	Examen	50	2023-02-13	f	36	S3-2023
330	Évaluation N°1 TDSS	25	2023-11-17	f	18	S3-2023
331	Évaluation N°2 TDSS	25	2020-01-01	f	18	S3-2023
332	Examen TDSS	50	2024-02-16	f	18	S3-2023
333	Évaluation  Langage C	40	2024-01-25	f	19	S3-2023
334	Examen Langage C	60	2024-02-14	f	19	S3-2023
335	Évaluation N°1 IRS	25	2023-12-06	f	33	S5-2023
336	Évaluation N°2 IRS	25	2023-12-20	f	33	S5-2023
337	Examen IRS	50	2024-02-14	f	33	S5-2023
338	Examen	50	2020-01-01	f	44	S5-2023
339	Note TPS	50	2020-01-01	f	44	S5-2023
340	Evaluation Réseau	100	2024-02-14	f	31	S5-2023
341	Examen partie technique	70	2023-12-19	f	42	S5-2023
342	Examen partie teorique	30	2020-01-01	f	42	S5-2023
343	Évaluation N°2 JEE	15	2023-11-11	f	32	S5-2023
344	Évaluation N°1 JEE	35	2023-11-04	f	32	S5-2023
345	Examen JAVA EE Spring boot	50	2024-02-14	f	32	S5-2023
346	Modelisation composants et déploiement	100	2024-04-08	f	45	S5-2023
347	Examen Entrepreunariat	100	2024-02-12	f	43	S5-2023
348	Sujets émergents	100	2024-04-08	f	158	S5-2023
349	Évaluation N°2 IRS	25	2023-12-20	f	23	S3-2023
350	Examen IRS	50	2024-02-14	f	23	S3-2023
352	Rattrage Maths Logique	100	2020-01-01	t	12	S1-2023
353	Ratrappage Théories des ensembles	100	2020-01-01	t	13	S1-2023
354	Rattrapage BD	100	2020-01-01	t	7	S1-2023
355	Rattrapage rédaction numérique	100	2020-01-01	t	35	S1-2023
356	Rattrapage SE S1	100	2020-01-01	t	5	S1-2023
357	Rattrapage II	100	2020-01-01	t	9	S1-2023
358	Rattrapage Anglais	100	2020-01-01	t	1	S1-2023
359	Rattrapage DAP	100	2020-01-01	t	8	S1-2023
360	Rattrapage Communication	100	2020-01-01	t	48	S1-2023
361	Matériel et maintenance	100	2020-01-01	t	14	S1-2023
362	Rattrapge Langage C	100	2024-04-18	t	19	S3-2023
363	Rattrapge FondementS de réseaux II	100	2024-04-19	t	21	S3-2023
364	Rattrapge Maths géométrie	100	2024-04-17	t	26	S3-2023
366	Rattrapge TDSS	100	2034-04-15	t	18	S3-2023
367	Rattrapge Python POO Partie	100	2024-04-15	t	15	S3-2023
368	Rattrapge Service réseaux	100	2024-04-19	t	20	S3-2023
369	Rattrapge Électronique II	100	2024-04-15	t	37	S3-2023
370	Rattrapge Micro-programmation	100	2024-04-16	t	36	S3-2023
371	Rattrapge Java	100	2024-04-17	t	16	S3-2023
372	Rattrapge LATEX	100	2024-04-16	t	41	S3-2023
373	Rattrapage AR	100	2024-04-19	t	3	S1-2023
374	Rattrapge BD	100	2024-04-18	t	17	S3-2023
375	Evaluation N°1	25	2024-03-29	f	55	S2-2023
376	Evaluation N°2	25	2024-06-07	f	55	S2-2023
377	Examen Script python	50	2024-07-05	f	55	S2-2023
378	Evaluation N°2	15	2024-05-13	f	49	S2-2023
379	Evaluation N°3	20	2024-06-03	f	49	S2-2023
380	Examen BD	50	2024-07-01	f	49	S2-2023
381	Rattrapge Django	100	2024-04-16	t	44	S5-2023
382	Rattrapge JEE Spring boot	100	2024-04-17	t	32	S5-2023
383	Evaluation N°1	25	2024-03-27	f	52	S2-2023
384	Evaluation N°2	25	2024-05-15	f	52	S2-2023
385	Examen Electronique	50	2024-07-03	f	52	S2-2023
386	Evaluation N°1	40	2024-03-11	f	65	S4-2023
387	Evaluation N°2	25	2024-06-03	f	34	S2-2023
388	Evaluation N°1	25	2024-03-03	f	34	S2-2023
389	Evaluation N°1	50	2024-05-21	f	56	S2-2023
390	Examen AO	50	2024-07-02	f	56	S2-2023
391	Evaluation N°1	50	2024-05-15	f	53	S2-2023
392	Evaluation N°1	25	2024-03-28	f	54	S2-2023
393	Evaluation N°2	25	2024-06-06	f	54	S2-2023
394	Evaluation N°1	50	2024-06-07	f	159	S2-2023
395	Examen UML	50	2024-07-04	f	34	S2-2023
396	Examen Java Swing	60	2024-07-04	f	65	S4-2023
397	Evaluation N°1	25	2024-03-29	f	61	S4-2023
398	Evaluation N°1	25	2024-05-15	f	58	S4-2023
399	Evaluation N°2	25	2024-05-24	f	61	S4-2023
400	Evaluation N°1	15	2024-03-25	f	28	S4-2023
401	Evaluation N°2	20	2024-05-13	f	28	S4-2023
402	Evaluation N°1	25	2024-03-07	f	62	S4-2023
403	Evaluation N°1	100	2024-05-24	f	160	S4-2023
404	Evaluation N°1	50	2024-06-07	f	161	S4-2023
405	TDs	25	2024-07-17	f	62	S4-2023
406	Examen XML/DTD et HTML/CSS	50	2024-07-04	f	54	S2-2023
407	Examen Maths	50	2024-07-03	f	53	S2-2023
408	Evaluation N°1	15	2020-01-01	f	49	S2-2023
409	Examen Maths	75	2024-07-03	f	58	S4-2023
410	Partiel S2	50	2024-07-03	f	50	S2-2023
411	Evaluation 1	50	2024-06-06	f	50	S2-2023
412	Evaluation 1	50	2024-05-15	f	163	S4-2023
413	Evaluation Examen	50	2024-07-03	f	163	S4-2023
414	Examen	50	2024-07-05	f	61	S4-2023
415	Examen AWS	100	2024-07-11	f	164	S6-2023
416	Réalisation Technique	15	2020-01-01	f	28	S4-2023
417	Examen	50	2024-07-01	f	28	S4-2023
418	Evaluation Maths	30	2024-05-23	f	165	S6-2023
419	Examen Maths	70	2024-07-04	f	165	S6-2023
420	Evaluation	100	2024-07-04	f	59	S4-2023
421	Examen Ang	50	2024-07-05	f	161	S4-2023
422	Examen Ang	50	2024-07-05	f	159	S2-2023
423	Examen Laravel	69	2020-01-01	f	63	S4-2023
425	Evaluation Finale	50	2020-01-01	f	62	S4-2023
426	Evaluation PHP	30	2024-07-02	f	63	S4-2023
427	Examen BD	100	2024-07-01	f	166	S4-2023
428	Contrôle continu	34	2024-06-30	f	60	S4-2023
429	Examen	66	2024-06-30	f	60	S4-2023
430	Evaluation N°1	15	2024-03-26	f	40	S2-2023
431	Evaluation N°2	15	2024-05-15	f	40	S2-2023
432	Evaluation N°3	20	2024-06-05	f	40	S2-2023
433	Examen IRS	50	2024-07-03	f	40	S2-2023
434	Evaluation N°1	15	2024-03-27	f	162	S4-2023
435	Evaluation N°2	15	2024-05-14	f	162	S4-2023
436	Evaluation N°3	20	2024-05-28	f	162	S4-2023
437	Examen IRS	50	2024-07-14	f	162	S4-2023
438	Notes de soutennance	100	2024-08-06	f	167	S2-2023
440	Rattrapages Scritp Python	100	2024-09-13	t	55	S2-2023
441	Rattrapages UML	100	2024-09-12	t	34	S2-2023
442	Rattrapages IRS	100	2024-09-09	t	40	S2-2023
443	Rattrapages ANG	100	2024-09-13	t	159	S2-2023
444	Rattrapage TDSS	100	2024-09-11	t	54	S2-2023
445	Rattrapage Informatique embarquée	100	2024-09-09	t	28	S4-2023
446	Rattrapages ANG	100	2024-09-13	t	161	S4-2023
447	Rattrapages BD	100	2024-09-13	t	166	S4-2023
448	Rattrapages JS	100	2024-09-11	t	62	S4-2023
449	Rattrapage Maths	100	2024-09-11	t	58	S4-2023
450	Rattrapages BD	100	2024-09-10	t	49	S2-2023
451	Rattrapages Swing	100	2024-09-12	t	65	S4-2023
452	Rattrapages Communication	100	2024-09-09	t	50	S2-2023
453	Rattrapage Laravel	100	2020-01-01	t	63	S4-2023
454	Rattrapages réseaux et sécurité	100	2024-09-13	t	61	S4-2023
455	Rattrapage Git	100	2024-09-10	t	160	S4-2023
456	Rattrapages projet de réalisation	100	2024-09-20	t	167	S2-2023
457	Stage d'immerssion professionnelle	100	2024-09-20	t	168	S2-2023
459	Stage de réalisation pratique	100	2024-09-20	f	169	S4-2023
460	Projet d'entreprise en développement d'application	100	2024-09-20	f	170	S6-2023
461	communication	100	2022-01-01	f	172	S1-2022
462	Anglais	100	2022-01-01	f	173	S1-2022
463	culture génerale	100	2020-01-01	f	174	S1-2022
464	Rédaction numérique	100	2022-01-01	f	175	S1-2022
465	Comptabilité	100	2022-01-01	f	176	S1-2022
466	Arithmétique de boole	100	2022-01-01	f	177	S1-2022
467	Materiel et maintenance	100	2022-01-01	f	178	S1-2022
468	Système d'exploitation	100	2020-01-01	f	179	S1-2022
469	Python	100	2022-01-01	f	180	S1-2022
470	arithmétique euclidiennne	100	2022-01-01	f	181	S1-2022
471	théories des ensembles	100	2022-01-01	f	182	S1-2022
472	algèbre relationnelle	100	2022-01-01	f	183	S1-2022
473	base de données	100	2022-01-01	f	184	S1-2022
474	UML	100	2023-01-01	f	215	S2-2022
475	base de données	100	2023-01-01	f	216	S2-2022
476	Anglais	100	2023-01-01	f	218	S2-2022
477	communication	100	2023-01-01	f	217	S2-2022
478	Comptabilité	100	2023-01-01	f	219	S2-2022
479	IRS	100	2023-01-01	f	220	S2-2022
480	Fonction	100	2023-01-01	f	205	S2-2022
481	electronique	100	2023-01-01	f	206	S2-2022
482	architecture des ordinateurs	100	2023-01-01	f	207	S2-2022
483	suites	100	2023-01-01	f	209	S2-2022
484	Python	100	2023-01-01	f	210	S2-2022
485	stage	100	2023-01-01	f	204	S2-2022
486	projet	100	2023-01-01	f	203	S2-2022
487	signes	100	2023-01-01	f	211	S2-2022
488	données	100	2023-01-01	f	221	S2-2022
489	UML	100	2021-01-01	f	237	S2-2021
490	BPMN	100	2021-01-01	f	238	S2-2021
491	base de données	100	2021-01-01	f	236	S2-2021
492	Présentation	100	2021-01-01	f	239	S2-2021
493	droit	100	2021-01-01	f	240	S2-2021
494	Anglais	100	2021-01-01	f	241	S2-2021
495	TDSS	100	2021-01-01	f	242	S2-2021
496	Topologie	100	2021-01-01	f	243	S2-2021
497	Evaluation Booléen	100	2024-01-01	f	252	S1-2021
498	DHCP	100	2021-01-01	f	244	S2-2021
499	Evaluation Binaire	100	2024-01-01	f	253	S1-2021
500	mathématique	100	2021-01-01	f	245	S2-2021
501	Analogique	100	2021-01-01	f	246	S2-2021
502	Evaluation	100	2024-01-01	f	254	S1-2021
503	architecture des ordinateurs	100	2021-01-01	f	247	S2-2021
504	suites	100	2021-01-01	f	248	S2-2021
505	Python	100	2021-01-01	f	249	S2-2021
506	Evaluation	100	2024-01-01	f	255	S1-2021
507	réalisation	100	2021-01-01	f	251	S2-2021
508	stage	100	2021-01-01	f	250	S2-2021
509	Evaluation	100	2024-01-01	f	256	S1-2021
510	Evaluation BD	100	2024-01-01	f	257	S1-2021
511	bureautique	100	2021-01-01	f	258	S1-2021
512	culture génerale	100	2021-01-01	f	259	S1-2021
513	communication	100	2021-01-01	f	260	S1-2021
514	Python	100	2021-01-01	f	261	S1-2021
515	arithmétique euclidiennne	100	2021-01-01	f	262	S1-2021
516	maintenance	100	2021-01-01	f	263	S1-2021
517	Système d'exploitation	100	2021-01-01	f	264	S1-2021
518	Anglais	100	2021-01-01	f	265	S1-2021
519	organisation	100	2021-01-01	f	266	S1-2021
520	Comptabilité	100	2021-01-01	f	267	S1-2021
521	tableur	100	2021-01-01	f	268	S1-2021
522	Evaluation	100	2020-01-01	f	86	S1-2020
523	Evaluation	100	2020-01-01	f	269	S1-2020
524	Evaluation	100	2020-01-01	f	3	S1-2020
525	Evaluation	100	2020-01-01	f	7	S1-2020
526	Evaluation	100	2020-01-01	f	87	S1-2020
527	Evaluation	100	2020-01-01	f	88	S1-2020
528	Evaluation	100	2020-01-01	f	89	S1-2020
529	Evaluation	100	2020-01-01	f	274	S2-2020
530	Evaluation	100	2020-01-01	f	275	S2-2020
531	Evaluation	100	2020-01-01	f	276	S2-2020
532	Evaluation	100	2020-01-01	f	277	S2-2020
533	Evaluation	100	2020-01-01	f	278	S2-2020
534	Evaluation	100	2020-01-01	f	279	S2-2020
535	Evaluation N°1	100	2020-01-01	f	281	S2-2020
536	Evaluation	100	2020-01-01	f	280	S2-2020
537	Evaluation	100	2020-01-01	f	271	S2-2020
538	Evaluation	100	2020-01-01	f	270	S2-2020
539	Evaluation	100	2020-01-01	f	272	S2-2020
540	Evaluation	100	2020-01-01	f	273	S2-2020
541	Evaluation	100	2021-01-01	f	282	S4-2021
542	Evaluation	100	2021-01-01	f	283	S4-2021
543	Evaluation	100	2021-01-01	f	284	S4-2021
544	Evaluation	100	2021-01-01	f	285	S4-2021
545	Evaluation	100	2020-01-01	f	286	S4-2021
546	Evaluation	100	2021-01-01	f	295	S4-2021
547	Evaluation	100	2021-01-01	f	287	S4-2021
548	Evaluation	100	2021-01-01	f	289	S4-2021
549	Evaluation	100	2021-01-01	f	290	S4-2021
550	Evaluation	100	2021-01-01	f	291	S4-2021
551	Evaluation	100	2021-01-01	f	292	S4-2021
552	Evaluation	100	2020-01-01	f	293	S4-2021
553	Evaluation	100	2021-01-01	f	294	S4-2021
554	Evaluation	100	2021-01-01	f	288	S4-2021
555	Evaluation	100	2022-01-01	f	126	S5-2022
556	Evaluation	100	2022-01-01	f	200	S5-2022
557	Evaluation	100	2022-01-01	f	201	S5-2022
558	Evaluation	100	2022-01-01	f	202	S5-2022
567	Evaluation	100	2023-01-01	f	193	S3-2022
568	Evaluation	100	2023-01-01	f	194	S3-2022
559	Evaluation Budget et comptabilité	100	2023-01-01	f	185	S3-2022
560	Evaluation Gestion de projet	100	2023-01-01	f	186	S3-2022
561	Evaluation Anglais	100	2023-01-01	f	188	S3-2022
562	Evaluation Postuler	100	2023-01-01	f	187	S3-2022
563	Evaluation IRS	100	2023-01-01	f	189	S3-2022
564	Evaluation	100	2023-01-01	f	190	S3-2022
565	Evaluation	100	2023-01-01	f	191	S3-2022
569	Evaluation	100	2023-01-01	f	195	S3-2022
570	Evaluation	100	2023-01-01	f	196	S3-2022
571	Evaluation	100	2023-01-01	f	197	S3-2022
572	Evaluation	100	2023-01-01	f	198	S3-2022
573	Evaluation	100	2023-01-01	f	199	S3-2022
574	Evaluation	100	2023-01-01	f	212	S4-2022
575	Evaluation	100	2023-01-01	f	213	S4-2022
576	Evaluation	100	2023-01-01	f	214	S4-2022
578	Evaluation	100	2023-01-01	f	223	S4-2022
579	Evaluation	100	2023-01-01	f	224	S4-2022
580	Evaluation	100	2023-01-01	f	225	S4-2022
581	Evaluation	100	2023-01-01	f	226	S4-2022
582	Evaluation	100	2023-01-01	f	227	S4-2022
584	Evaluation	100	2023-01-01	f	229	S4-2022
585	Evaluation	100	2023-01-01	f	230	S4-2022
586	Evaluation	100	2020-01-01	f	231	S4-2022
587	Evaluation	100	2020-01-01	f	329	S4-2022
583	Evaluation	100	2020-01-01	f	228	S4-2022
593	Evaluation N°1	40	2024-11-14	f	308	S3-2024
588	Evaluation N°1	40	2024-11-14	f	304	S1-2024
592	Evaluation N°1	40	2024-12-06	f	332	S3-2024
589	Evaluation N°1	40	2024-11-14	f	305	S1-2024
591	Evaluation N°2	25	2024-12-05	f	317	S3-2024
566	Evaluation	100	2023-01-01	f	192	S3-2022
577	Evaluation	100	2023-01-01	f	222	S4-2022
597	Evaluation N°1	25	2025-01-01	f	307	S1-2024
598	Evaluation N°2	25	2025-01-15	f	307	S1-2024
604	algèbre relationnelle	50	2020-01-01	f	335	S1-2024
605	algèbre relationnelle	50	2020-01-01	f	335	S1-2024
606	base de données	50	2025-12-19	f	303	S1-2024
607	base de données	50	2025-02-19	f	303	S1-2024
608	Examen	50	2025-02-21	f	306	S1-2024
609	Evaluation N°1	15	2025-01-01	f	306	S1-2024
610	Evaluation N°2	15	2025-01-20	f	306	S1-2024
611	Evaluation N°3	20	2025-02-06	f	306	S1-2024
620	php	100	2025-02-26	f	313	S3-2024
650	Evaluation N°1	40	2024-12-17	f	323	S5-2024
624	Examen	60	2025-02-20	f	305	S1-2024
626	Examen	60	2025-02-17	f	324	S5-2024
628	Examen	60	2025-02-21	f	332	S3-2024
629	Examen	50	2025-02-19	f	307	S1-2024
634	Notes TP	25	2025-01-01	f	327	S5-2024
637	Examen	60	2025-02-19	f	312	S3-2024
641	Notes finales	100	2025-02-21	f	298	S1-2024
627	Evaluation N°1	40	2025-11-11	f	324	S5-2024
625	Examen	60	2025-02-18	f	308	S3-2024
647	Examen	60	2025-02-17	f	304	S1-2024
648	Evaluation N°1	40	2024-11-01	f	312	S3-2024
646	Examen	60	2025-02-20	f	309	S3-2024
660	Partiel	30	2020-02-01	f	302	S1-2024
602	Evaluation N°1	40	2025-01-16	f	309	S3-2024
649	Examen	60	2025-02-18	f	323	S5-2024
644	Examen	50	2025-02-19	f	318	S3-2024
618	Evaluation N°3	20	2025-02-04	f	330	S3-2024
619	Examen	50	2025-02-18	f	330	S3-2024
599	Evaluation	50	2020-01-01	f	314	S3-2024
642	Evaluation N°1	25	2025-01-01	f	318	S3-2024
643	Evaluation N°2	25	2025-02-01	f	318	S3-2024
661	Mini projets	40	2024-02-01	f	302	S1-2024
639	Examen	50	2025-02-18	f	331	S3-2024
640	Evaluation N°1	50	2024-12-03	f	331	S3-2024
590	Evaluation N°1	25	2020-11-07	f	317	S3-2024
638	Examen	50	2025-02-20	f	317	S3-2024
616	Evaluation N°1	15	2024-11-12	f	330	S3-2024
617	Evaluation N°2	15	2024-12-17	f	330	S3-2024
603	Examen BD	50	2025-02-17	f	314	S3-2024
623	Flutter Partiel	100	2020-01-01	f	326	S5-2024
630	Quiz	25	2025-02-26	f	311	S3-2024
645	Examen	50	2025-02-21	f	336	S3-2024
601	Evaluation N°2	25	2024-11-12	f	336	S3-2024
600	Evaluation N°1	25	2024-10-18	f	336	S3-2024
632	Examen final	50	2025-02-22	f	311	S3-2024
662	TP	20	2024-10-01	f	297	S1-2024
663	Éval	30	2024-11-01	f	297	S1-2024
666	Evaluation N°2 Algorithmique	15	2020-01-01	f	302	S1-2024
594	Evaluation N°1	20	2024-10-30	f	310	S3-2024
651	Evaluation N°1	20	2020-01-01	f	310	S3-2024
665	Evaluation N°1 Algorithmique	15	2020-01-01	f	302	S1-2024
652	Evaluation N°3	10	2025-01-01	f	310	S3-2024
653	Examen	50	2025-02-20	f	310	S3-2024
622	Node JS Partiel S5 - 2024-2025	100	2020-01-01	f	325	S5-2024
654	Notes finales	100	2025-02-18	f	300	S1-2024
655	Notes finales	100	2025-02-18	f	299	S1-2024
656	Éval 3 Binaire et Hexa	20	2024-12-01	f	296	S1-2024
657	Éval 1 Binaire	15	2024-10-01	f	296	S1-2024
658	Éval 2 Héxadécimal	15	2024-11-01	f	296	S1-2024
664	Partiel	50	2024-02-01	f	297	S1-2024
667	Éval	40	2024-11-01	f	319	S5-2024
668	Partiel	60	2024-02-01	f	319	S5-2024
669	Evaluation	40	2025-01-08	f	328	S5-2024
670	Examen	60	2025-02-17	f	328	S5-2024
635	Examen	50	2025-02-19	f	327	S5-2024
633	Evaluation N°1	25	2024-10-31	f	327	S5-2024
659	Partiel	50	2020-01-01	f	296	S1-2024
621	JAVA Partiel	100	2020-01-01	f	316	S3-2024
631	Examen mi-session	25	2025-02-26	f	311	S3-2024
636	Partiel Docker	100	2020-01-01	f	320	S5-2024
612	Evaluation N°1	15	2024-11-13	f	321	S5-2024
613	Evaluation N°2	15	2024-12-20	f	321	S5-2024
614	Evaluation N°3	20	2025-02-05	f	321	S5-2024
615	Examen	50	2025-02-19	f	321	S5-2024
\.


--
-- Data for Name: main_fichedepaie; Type: TABLE DATA; Schema: public; Owner: gestion_ifnti_user
--

COPY public.main_fichedepaie (id, "dateDebut", "dateFin", "nombreHeureL1", "nombreHeureL2", "nombreHeureL3", "nombreHeure", "prixUnitaire", "montantL1", "montantL2", "montantL3", montant, difference, acomptes, "montantEnLettre", annee_universitaire_id, compte_bancaire_id, enseignant_id) FROM stdin;
2	2024-05-01	2024-05-31	25	25	0	50	2000	50000	50000	0	100000	100000	0	cent mille	11	2	18
3	2024-07-01	2024-07-31	50	0	0	50	2000	100000	0	0	100000	100000	0	cent mille	12	2	18
4	2024-07-01	2024-07-31	0	12.5	0	12.5	2000	0	25000	0	25000	25000	0	vingt-cinq mille	12	2	22
5	2024-10-01	2024-10-30	50	0	0	50	20000	1000000	0	0	1000000	1000000	0	un million	12	2	18
6	2024-08-01	2024-08-30	12.5	0	0	12.5	2000	25000	0	0	25000	25000	0	vingt-cinq mille	12	2	22
8	2024-12-01	2024-12-31	1	0	0	1	15000	15000	0	0	15000	15000	0	quinze mille	12	2	23
9	2024-09-01	2024-09-30	1	0	0	1	25000	25000	0	0	25000	25000	0	vingt-cinq mille	12	2	22
10	2024-10-01	2024-10-30	1	0	0	1	100000	100000	0	0	100000	100000	0	cent mille	12	2	18
11	2024-10-01	2024-10-30	5	0	0	5	20000	100000	0	0	100000	100000	0	cent mille	12	2	22
12	2024-12-01	2024-12-31	0	0	1	1	100000	0	0	100000	100000	100000	0	cent mille	12	2	22
13	2024-12-01	2024-12-31	1	0	0	1	175000	175000	0	0	175000	175000	0	cent soixante-quinze mille	12	2	24
14	2024-10-01	2024-10-30	1	0	0	1	15000	15000	0	0	15000	15000	0	quinze mille	12	2	23
15	2024-10-07	2024-12-31	21	21	12	54	2000	42000	42000	24000	108000	108000	0	cent huit mille	12	2	7
16	2024-10-07	2024-12-31	19.5	22.5	10.5	52.5	2000	39000	45000	21000	105000	105000	0	cent cinq mille	12	2	9
17	2024-10-07	2024-12-31	10.5	12	10.5	33	2000	21000	24000	21000	66000	66000	0	soixante-six mille	12	2	10
18	2024-10-07	2024-12-31	0	10.5	0	10.5	2000	0	21000	0	21000	21000	0	vingt et un mille	12	2	16
19	2024-10-07	2024-12-31	0	52.5	0	52.5	2000	0	105000	0	105000	105000	0	cent cinq mille	12	2	6
20	2024-10-07	2024-12-31	0	48	0	48	2000	0	96000	0	96000	96000	0	quatre-vingt-seize mille	12	2	5
21	2024-11-01	2024-11-30	0	1	0	1	175000	0	175000	0	175000	175000	0	cent soixante-quinze mille	12	2	24
22	2024-10-07	2024-12-31	0	10.5	0	10.5	2000	0	21000	0	21000	21000	0	vingt et un mille	12	2	8
23	2024-11-01	2024-11-30	0	0	1	1	100000	0	0	100000	100000	100000	0	cent mille	12	2	22
24	2024-12-01	2024-12-31	0	1	0	1	175000	0	175000	0	175000	175000	0	cent soixante-quinze mille	12	2	24
26	2025-01-01	2025-01-28	0	1	0	1	175000	0	175000	0	175000	175000	0	cent soixante-quinze mille	12	2	24
27	2025-01-01	2025-01-31	0	1	0	1	100000	0	100000	0	100000	100000	0	cent mille	12	2	22
28	2025-01-01	2025-01-31	0	0	1	1	15000	0	0	15000	15000	15000	0	quinze mille	12	2	23
29	2025-01-01	2025-02-28	15	10.5	6	31.5	2000	30000	21000	12000	63000	63000	0	soixante-trois mille	12	2	7
30	2025-01-01	2025-02-28	7.5	6	4.5	18	2000	15000	12000	9000	36000	36000	0	trente-six mille	12	2	10
31	2025-01-01	2025-02-28	15	12	6	33	2000	30000	24000	12000	66000	66000	0	soixante-six mille	12	2	9
32	2025-01-01	2025-02-28	0	28.5	0	28.5	2000	0	57000	0	57000	57000	0	cinquante-sept mille	12	2	6
33	2025-01-01	2025-02-28	0	24	0	24	2000	0	48000	0	48000	48000	0	quarante-huit mille	12	2	5
34	2025-01-01	2025-02-28	0	4.5	0	4.5	2000	0	9000	0	9000	9000	0	neuf mille	12	2	16
35	2025-02-02	2025-02-28	0	0	1	1	100000	0	0	100000	100000	100000	0	cent mille	12	2	22
36	2025-02-01	2025-02-28	0	1	0	1	175000	0	175000	0	175000	175000	0	cent soixante-quinze mille	12	2	24
37	2025-03-01	2025-03-31	0	1	0	1	175000	0	175000	0	175000	175000	0	cent soixante-quinze mille	12	2	24
38	2025-04-01	2025-04-30	0	1	0	1	175000	0	175000	0	175000	175000	0	cent soixante-quinze mille	12	2	24
39	2025-03-01	2025-03-31	0	0	1	1	100000	0	0	100000	100000	100000	0	cent mille	12	2	22
40	2025-03-01	2025-03-31	1	0	0	1	15000	15000	0	0	15000	15000	0	quinze mille	12	2	23
\.


--
-- Data for Name: main_fichedepaie_matiere; Type: TABLE DATA; Schema: public; Owner: gestion_ifnti_user
--

COPY public.main_fichedepaie_matiere (id, fichedepaie_id, matiere_id) FROM stdin;
1	2	62
2	2	54
3	3	8
4	4	36
5	5	8
6	5	168
7	6	168
8	8	168
9	9	168
10	10	168
11	11	7
12	12	168
13	12	327
14	13	54
15	14	168
16	15	304
17	15	323
18	15	309
19	16	305
20	16	308
21	16	324
22	17	321
23	17	306
24	17	330
25	17	293
26	18	310
27	19	316
28	19	318
29	20	331
30	20	19
31	20	317
32	21	62
33	22	291
34	22	332
35	22	318
36	23	327
37	24	312
73	26	312
74	27	316
75	27	325
76	27	326
81	29	304
82	29	323
83	29	309
84	30	321
85	30	306
86	30	330
87	31	305
88	31	308
89	31	309
90	31	324
91	32	316
92	32	318
93	33	331
94	33	317
95	34	310
96	35	327
97	36	312
98	36	313
99	37	312
100	38	312
101	39	327
102	40	307
\.


--
-- Data for Name: main_fournisseur; Type: TABLE DATA; Schema: public; Owner: gestion_ifnti_user
--

COPY public.main_fournisseur (id, type, montant, dateversement, le_mois, facture_pdf, annee_universitaire_id, compte_bancaire_id) FROM stdin;
\.


--
-- Data for Name: main_frais; Type: TABLE DATA; Schema: public; Owner: gestion_ifnti_user
--

COPY public.main_frais (id, montant_inscription, montant_scolarite, annee_universitaire_id) FROM stdin;
1	30000.00	590000.00	10
2	0.00	0.00	11
\.


--
-- Data for Name: main_information; Type: TABLE DATA; Schema: public; Owner: gestion_ifnti_user
--

COPY public.main_information (id, "numeroSecurite", niveau, "dateDebut", "dateFin", duree, discipline_id, enseignant_id) FROM stdin;
\.


--
-- Data for Name: main_matiere; Type: TABLE DATA; Schema: public; Owner: gestion_ifnti_user
--

COPY public.main_matiere (id, codematiere, libelle, coefficient, "minValue", heures, abbreviation, is_active, enseignant_id, ue_id) FROM stdin;
1	1INFlicence001	Anglais	1	8	10.0	ANG	t	8	2
3	1MATlicence101	Algèbre relationnel	1	10	12.0	AR	t	1	1
5	2INFlicence129	Système d'exploitation	1	12	12.0	SE	t	4	4
7	1INF1029	Base de données 1	1	12	24.0	BD1	t	19	1
8	2INF1029	Données Algorithme Programmation	1	10	24.0	DAP	t	18	30
9	4INFlicence129	Fondement des technologies	1	12	20.0	FDT	t	17	4
11	2INFlicence129	Culture Générale	1	8	12.0	IRS 1	t	10	2
12	3MATlicence101	Logique mathématiques	1	10	10.0	Log math	t	9	3
13	4MATlicence101	Théorie des ensembles	1	8	12.0	Théori Ens	t	7	3
14	5INFlicence129	Matériel et maintenance	1	10	20.0	Matériel	t	16	4
15	1INFlicence014	Programmation Orienté Objet(Python)	1	10	12.0	POO Python	t	18	15
16	2INFlicence014	Programmation Orienté Objet(Java)	2	10	20.0	POO Java	t	19	15
17	3INFlicence014	Base de données 3	1	10	12.0	BD 3	t	1	14
18	4INFlicence014	Traitement des données semi structurées	1	10	12.0	TDSS	t	18	14
19	5INFlicence014	Langage C	1	9	12.0	Lang C	t	5	15
20	1INFlicence012	Service réseau	1	10	12.0	S.Réseaux	t	16	13
21	2INFlicence012	Fondements des réseaux II	1	9	24.0	RX	t	17	13
23	2INFlicence004	Insertion et Responsablité Sociale S3	1	8	12.0	IRS 3	t	10	11
25	1INFlicence011	Théorie des graphes	1	8	12.0	T graphes	t	7	12
26	2INFlicence011	Géométrie S3	1	7	10.0	Géométrie	t	9	12
28	2INFlicence017	Informatique Embarqué	1	10	38.0	ElectroL2	t	6	18
31	1INFlicence023	Services réseaux II	1	10	24.0	RX2	t	17	184
32	2INFlicence023	Java Entreprise Edition et Spring boot	1	12	24.0	JEE	t	13	23
33	1INFlicence021	Insertion et Responsablité Sociale S5	1	9	\N	IRS L3	t	10	22
34	2INFlicence007	Langage de modélisation unifié	1	10	\N	UML	t	1	8
35	2INFlicence129	Expression numérique	1	8	12.0	EXN	t	21	2
36	3INFlicence017	Micro-programmation des ordinateurs	1	9	24.0	MPO	t	5	13
37	2INFlicence013	Électronique II	1	8	12.0	EL2	t	6	13
38	1INFlicence010	Communication en Anglais	1	8	12.0	ANG2	t	8	11
39	2INFlicence010	Comptabilité, budget	1	8	12.0	CO	t	21	11
40	3INFlicence004	Insertion et responsabilité sociale	1	8	12.0	IRS	t	10	5
41	3INFlicence011	Latex S3	1	8	12.0	TEX	t	7	12
42	2INFlicence020	Déploiement des applications avec Docker	1	10	12.0	Dock	t	1	24
43	3INFlicence004	Entrepreunariat	1	9	6.0	Ent	t	1	22
44	1INFlicence022	Developpement avec le framework Django	1	10	24.0	DJA	t	18	23
45	2INFlicence023	Langage de modélisation unifié S5	1	10	6.0	UML2	t	1	21
47	4INFlicence129	Organisation et comptabilité	1	8	12.0	OC	t	21	2
48	5INFlicence129	Communication	1	8	\N	CE	t	21	2
49	1INFlicence006	Base de données	1	12	70.0	BD	t	19	7
50	2INFlicence004	Communication	1	8	35.0	ComL1	t	21	5
52	1INFlicence005	Electronique	1	9	38.0	ElectroL1	t	6	6
53	2INFlicence005	Mathématique	1	8	38.0	MathL1	t	9	6
54	2INFlicence007	Conception et dev appli web	1	12	110.0	WebL1	t	18	8
55	1INFlicence008	Initiation à la programmation objet avec Python	1	12	110.0	PyL1	t	18	9
56	3INFlicence005	Architecutre des ordinateurs	1	10	38.0	ArchiL1	t	5	6
58	3INFlicence017	Mathématique II	1	10	38.0	MathL2	t	9	18
59	1INFlicence015	Serveur Web	1	10	55.0	AdminL2	t	16	16
60	2INFlicence015	Systeme d'exploitation	1	10	55.0	SEL2	t	17	16
61	1INFlicence016	Réseaux et sécurité	1	12	105.0	SecuL2	t	17	17
62	1INFlicence018	javascript	1	12	40.0	JSL2	t	1	19
63	2INFlicence018	PHP et Laravel	1	11	40.0	PHPL2	t	1	19
65	1INFlicence019	Java swing	1	12	75.0	JavaL2	t	5	20
67	1INF1026	Introduction à l’Informatique	1	7	24.0	II	t	1	34
68	2INF1026	Système d’exploitation	1	7	24.0	SE2020	t	1	34
69	3INF1026	Bureautique	1	7	12.0	Bureau	t	21	34
70	1MAT1003	Mathématique	1	7	12.0	Maths	t	9	35
71	1INF1027	Données Algorithme Programme	1	7	24.0	DAP2020	t	1	36
72	1INF1127	Algèbre relationnelle	1	7	12.0	AR2020	t	1	31
73	2INF1127	Bases de données	1	7	24.0	BD2020	t	1	31
74	1COM1003	Expression et communication	1	7	12.0	EC2020	t	21	37
75	2COM1003	Anglais	1	7	12.0	ANG2020	t	21	37
76	2INF1027	Organisation et comptabilité	1	7	12.0	OC2020	t	21	36
77	3COM1003	Insertion et responsabilité dans la société	1	7	12.0	IRS2020	t	10	37
78	1INF1028	Architecture des Ordinateurs	1	7	12.0	AO2020	t	5	38
79	2INF1028	Électronique	1	7	12.0	EL2020	t	6	38
80	3INF1028	Réseaux	1	7	12.0	RX2020	t	11	38
81	1INF1029	Données Algorithme Programme	1	7	24.0	DAPS22020	t	1	39
82	1INF1030	Langage de modélisation unifié	1	7	12.0	UML2020	t	1	40
83	2INF1030	Bases de données	1	7	24.0	BDS22020	t	1	40
84	3INF1030	Traitement des données semi-structurées	1	7	24.0	TDSS2020	t	18	40
85	1MAT1004	Mathématiques II	1	7	12.0	Maths II	t	9	41
86	1COM1004	Expression et communication	1	7	12.0	ECS22020	t	21	42
87	2COM1004	Anglais	1	7	12.0	ANGS22020	t	21	42
88	3COM1004	Organisation et comptabilité	1	7	12.0	OCS22020	t	21	42
89	4COM1004	Insertion et responsabilité dans la société	1	7	12.0	IRSS22020	t	10	42
90	1INF1031	Java	1	7	24.0	Java	t	1	43
91	2INF1031	Python	1	7	24.0	Python	t	1	43
92	3INF1031	Persistance	1	7	24.0	PERS	t	1	43
93	1INF1032	Géométrie	1	7	24.0	Géo2020	t	1	44
94	2INF1032	Tkinter	1	7	12.0	Tkinter	t	1	44
95	3INF1032	Event	1	7	12.0	Event	t	1	44
96	1INF1035	Électronique	1	7	12.0	ELS32020	t	1	47
97	2INF1035	Micro programmation	1	7	12.0	MPR2020	t	1	47
98	3INF1035	Adressage et routage	1	7	12.0	ADR	t	1	47
99	4INF1035	Graphes	1	7	12.0	Graph	t	1	47
100	1INF1033	Templating	1	7	12.0	Templating	t	1	45
101	2INF1033	XML	1	7	12.0	XML2020	t	1	45
102	3INF1033	Bases de données	1	7	24.0	BDS32021	t	1	45
103	4INF1033	Langage de modélisation unifié	1	7	12.0	UMLS32021	t	1	45
104	1INF1034	Latex	1	7	12.0	LatexS321	t	1	46
105	2INF1034	Anglais	1	7	12.0	ANGS32021	t	21	46
106	3INF1034	Photoshop	1	7	12.0	Pho	t	21	46
107	4INF1034	Business Process Model and Notation	1	7	12.0	BPMN	t	1	46
108	5INF1034	Insertion et responsabilité dans la société	1	7	12.0	IRSS32021	t	21	46
109	6INF1034	Gestion de projet	1	7	12.0	GP	t	1	46
110	1INF1035	Bash	1	7	12.0	Bash	t	4	48
111	2INF1035	Base données	1	7	12.0	BDS42021	t	1	48
112	1INF1036	Dénombrement	1	7	12.0	Dénom	t	9	49
113	2INF1036	Configuration firewall, gestion des machines virtuelles	1	7	12.0	FW	t	11	49
114	1INF1037	Apache	1	7	24.0	ApachS421	t	1	50
115	2INF1037	Javascript	1	7	12.0	Javascript	t	1	50
116	3INF1037	PHP	1	7	12.0	PHP	t	1	50
117	4INF1037	App mobile	1	7	12.0	App mobile	t	1	50
119	1COM1006	Technique	1	7	12.0	TECH	t	21	52
120	2COM1006	Anglais	1	7	12.0	ANGS42021	t	21	52
121	3COM1006	Stage	1	7	12.0	Stage	t	21	52
122	4COM1006	Insertion et responsabilité dans la société	1	7	12.0	IRSS42021	t	10	52
123	5COM1006	Organisation et comptabilité	1	7	12.0	OCS42021	t	21	52
124	1INF1039	Django	1	7	24.0	Django	t	18	53
125	2INF1039	JEE/Spring Boot	1	7	24.0	JEES52021	t	13	53
126	1INF1040	Système, Intégration de projet	1	7	24.0	SIP	t	11	54
127	1INF1041	Langage C++	1	7	24.0	C++	t	11	55
128	1INF1042	Sujets émergents	1	7	12.0	SUEM	t	1	56
129	1INF1043	Gestion de projet	1	7	24.0	GESPRO	t	11	57
130	1INFlicence064	Système, Intégration de projet	1	10	\N	SIP-2022	t	11	80
131	1INFlicence065	C++	1	10	72.0	C++2022	t	11	81
132	1INFlicence066	Sujets émergents : React native, React JS, Node JS, Flutter, Docker, MongoDB, Firebase	1	10	120.0	UEL-2022	t	1	82
134	2INFlicence067	Gestion Projet	1	10	72.0	GP-2022	t	11	83
135	1INFlicence057	Templating	1	7	12.0	Templat	t	1	73
136	2INFlicence057	XML	1	7	12.0	XML	t	1	73
137	3INFlicence057	Bases de données	1	7	24.0	BDS32122	t	1	73
138	4INFlicence057	Langage de modélisation unifié	1	7	12.0	UMLS3222	t	1	73
139	1INFlicence059	Bash	1	7	12.0	BashS42122	t	1	75
140	2INFlicence059	Base de données	1	7	24.0	BDS42122	t	1	75
141	1INFlicence060	Dénombrement	1	7	12.0	Déno	t	9	76
142	2INFlicence060	Configuration firewall, gestion des machines virtuelles	1	7	12.0	FWS42122	t	11	76
147	1INFlicence062	Arduino	1	7	12.0	ArdS42122	t	6	78
148	1MAT1606	Théorie des automates	1	10	72.0	TA	t	7	86
149	1INFlicence063	Technique	1	7	12.0	TECHS42122	t	1	79
150	2MAT1606	Programmation linéaire	1	10	72.0	PL	t	9	86
151	2INFlicence063	Anglais	1	7	12.0	ANGS42122	t	8	79
152	1INF1669	Développement des applications	1	10	72.0	DA	t	11	87
153	1ORG1603	Stage	1	10	72.0	stage	t	1	88
154	3INFlicence063	Stage	1	7	72.0	STAS42122	t	1	79
155	1ORG1603	Auto-entrepreneur	1	10	72.0	IRS2023	t	10	85
156	4INFlicence063	Insertion et responsabilité dans la société	1	7	12.0	IRSS42122	t	10	79
157	5INFlicence063	Organisation et comptabilité	1	7	12.0	OCS42122	t	21	79
158	3INFlicence020	Sujets émergents S5	1	10	24.0	AMS	t	1	183
159	6INFlicence129	Anglais	1	8	12.0	ANGS22024	t	8	5
160	3INFlicence015	Outils de gestion de projets	1	10	72.0	OGP	t	17	16
161	1COM1008	Anglais	1	7	12.0	ANGS42024	t	8	89
162	2COM1008	Insertion et responsabilité dans la société	1	7	12.0	IRSS42024	t	10	89
163	3COM1008	Organisation et comptabilité	1	7	12.0	OCS42024	t	21	89
164	1INFlicence026	Amazon web service - Cloud	1	12	72.0	AWS	t	1	27
165	1INFlicence027	Mathématiques IV	1	10	12.0	Maths IV	t	7	28
166	3INFlicence467	Administration des bases de données	1	10	72.0	BDA	t	1	19
167	2INFlicence008	Projet de réalisation Python BD	1	12	72.0	PRGS2	t	18	9
168	3INFlicence008	Stage d'immersion professionnelle	1	12	72.0	Stg	t	1	9
169	1INF1068	Stage professionnelle	1	12	72.0	Stg S4	t	1	90
170	1INFlicence025	Projet d'entreprise en développement d'application	1	10	34.0	PEDA	t	11	26
171	1INFlicence028	Stage projet d'entreprise et soutenance	1	7	72.0	SPES	t	1	29
172	1INF1077	Communication	1	10	10.0	C2223	t	15	99
173	2INF1077	Anglais	1	9	10.0	ANG2223	t	8	99
174	3INF1077	Culture générale	1	9	10.0	CG2223	t	10	99
175	1INF1078	Rédaction numérique	1	10	10.0	RN2223	t	21	100
176	2INF1078	Comptabilité et Organisation	1	10	10.0	C02223	t	21	100
177	1INF1079	Arithmétique de boole	1	10	10.0	ARB2223	t	11	101
178	2INF1079	Matériel et maintenance	1	10	10.0	MM2223	t	16	101
179	3INF1079	Système d'exploitation	1	8	10.0	SE2223	t	17	101
180	1INF1080	Programmation calculatoire, shell python	1	10	20.0	PCS2223	t	18	102
181	2INF1080	Arithmétique euclidienne	1	10	20.0	AE2223	t	9	102
182	1INF1081	Théories des ensembles	1	10	20.0	THE2223	t	9	103
183	2INF1081	Algèbre relationnelle	1	8	20.0	AR2223	t	1	103
184	3INF1081	Bases de données	1	9	20.0	BD2223	t	19	103
185	1ORG1004	Budget et comptabilité	1	10	10.0	BC2223	t	21	104
186	2ORG1004	Gestion de projet	1	10	10.0	GP2223	t	1	104
187	3ORG1004	Postuler	1	10	10.0	P2223	t	1	104
188	4ORG1004	Anglais	1	10	10.0	ANGS32223	t	8	104
189	5ORG1004	Insertion et responsabilité dans la société	1	10	10.0	IRSS32223	t	10	104
190	1INF1082	Service réseaux	1	10	10.0	SRS32223	t	16	105
191	2INF1082	Théories des graphes	1	10	10.0	THGS32223	t	9	105
192	2INF1038	Micro-programmation	1	10	15.0	MPS32223	t	5	51
193	3INF1038	Langage C	1	10	15.0	LCS32223	t	5	51
194	4INF1038	Électronique numérique	1	10	15.0	ENS32223	t	6	51
195	1INF1084	Bases de données	1	10	15.0	BDS32223	t	1	107
196	2INF1084	Traitement des données semi-structurées	1	10	10.0	TDSSS32223	t	18	107
200	1INF1088	Langage C++	1	10	40.0	C++S52223	t	11	111
201	1INF1090	Sujets émergents	1	7	40.0	SES52223	t	1	113
202	1INF1091	Gestion de projet	1	10	20.0	GPS52223	t	4	114
203	1INF1294	Projet	1	10	20.0	PRS22223	t	1	96
204	1INF1294	Stage d'immerssion professionnelle	1	10	20.0	STS22223	t	1	97
205	1INF1294	Fonctions mathématique	1	9	20.0	FMS22223	t	7	98
206	2INF1294	Électronique	1	10	20.0	ELS22223	t	6	98
207	3INF1294	Architecture des ordinateurs	1	10	20.0	AOS22223	t	5	98
209	1INF1094	Suites	1	10	10.0	SS22223	t	7	118
210	2INF1094	Script python	1	10	20.0	Short	t	18	118
211	1COM1210	Langage de signe	1	0	10.0	LSS22223	t	1	119
212	1COM1011	Comptabilté	1	7	20.0	COS42223	t	21	120
215	1INF1294	Langage de modélisation unifié	1	10	15.0	UMLS22223	t	1	115
216	2INF1294	Bases de données	1	10	20.0	BDS22223	t	19	115
217	1COM1210	Communication	1	10	20.0	COS22223	t	21	116
218	2COM1210	Anglais	1	10	20.0	ANGS22223	t	8	116
219	3COM1210	Comptabilté	1	10	20.0	COMS22223	t	21	116
220	4COM1210	Insertion et responsabilité dans la société	1	10	20.0	IRSS22223	t	10	116
221	1INF1294	Données semi-structurées	1	10	20.0	DSS22223	t	18	117
222	1INF1095	Informatique embarquée	1	10	\N	IES42223	t	17	121
223	2INF1095	Bash	1	10	20.0	BASH	t	17	121
224	1INF1096	Réseaux et sécurité	1	10	10.0	RXS42223	t	17	122
225	1MAT1008	Dénombrement et probabilité	1	10	20.0	DPS42223	t	7	123
226	1INF1097	Framework Laravel	1	10	40.0	FLAS42223	t	1	124
227	2INF1097	Vidéo	1	10	20.0	VIDEO	t	1	124
228	1INF1098	IHM Java	1	10	20.0	IHMJS42223	t	6	125
229	2INF1098	JavaScript et CSS	1	10	20.0	JSCS42223	t	1	125
230	3INF1098	Python	2	10	30.0	PY	t	18	125
214	3COM1011	Anglais	1	7	10.0	ANGS42223	t	8	120
199	3INF1085	Latex, Templating, Tkinter	1	7	40.0	LTT	t	18	108
198	2INF1085	Géométrie	1	7	20.0	GEOS32223	t	9	108
197	1INF1085	Java	1	7	30.0	JVS32223	t	19	108
231	1INF1099	Visual basic	1	10	20.0	VBS42223	t	5	126
236	1INF10105	Bases de données	1	10	24.0	BDS22122	t	1	135
237	2INF10105	Langage de modélisation unifié	1	10	24.0	UMLS22122	t	1	135
239	1INF10106	Présentation orale	1	10	24.0	PRS22122	t	21	136
240	2INF10106	Introduction aux droits	1	10	24.0	IRSS22122	t	10	136
241	3INF10106	Anglais	1	10	12.0	ANGS22122	t	8	136
242	1INF10107	Traitement des données semi-structurées	1	10	24.0	TDSSS22122	t	18	137
243	1INF10108	Topologie réseau  et câblage	1	10	24.0	TCS22122	t	16	138
244	2INF10108	DHCP	1	10	24.0	DHCP	t	16	138
245	1INF10109	Fonctions mathématiques	1	10	24.0	FMS22122	t	7	139
246	2INF10109	Analogique	1	10	24.0	ANA	t	9	139
247	3INF10109	Architecture des ordinateurs	1	10	24.0	AOS22122	t	5	139
248	1INF10110	Suites	1	10	24.0	SUIT	t	9	140
249	2INF10110	Script python	1	10	24.0	SPS22122	t	1	140
250	1ORG1006	Stage	1	10	24.0	STS22122	t	1	142
251	1INF10111	Projet de réalisation pratique	1	7	24.0	PRS2	t	1	141
252	1INF11103	Booléen	1	10	24.0	BOOL	t	17	128
253	2INF11103	Binaire	1	10	24.0	BINAIRE	t	17	128
254	3INF11103	Représentation des données	1	10	24.0	RDD	t	17	128
255	1INF11111	Théories des ensembles	1	10	24.0	THES12122	t	9	129
256	2INF11111	Algèbre relationnelle	1	10	24.0	ARS12122	t	1	129
257	3INF11111	Bases de données	1	10	24.0	BDS12122	t	19	129
258	1COM1112	Bureautique	1	10	24.0	BUR	t	21	130
259	2COM1112	Culture générale	1	10	24.0	CULS12122	t	10	130
260	3COM1112	Communication	1	10	24.0	COMS12122	t	21	130
261	1INF11111	Shell python	1	10	10.0	SHPY	t	18	134
262	2INF11111	Arithmétique euclidienne	1	10	24.0	AES12122	t	7	134
263	1INF11111	Maintenance et Réseaux	1	10	24.0	MRS12122	t	17	131
264	2INF11111	Système d'exploitation	1	10	24.0	SES12122	t	17	131
265	1ANG1101	Anglais	1	10	24.0	ANGS12122	t	8	132
266	1ORG1106	Organisation	1	10	24.0	OG	t	21	133
267	2ORG1106	Comptabilté	1	10	24.0	COMP	t	21	133
268	3ORG1106	Tableur	1	10	15.0	TAB	t	21	133
269	1INFlicence1114	Données Algorithme Programme	1	7	36.0	DAP20-21	t	1	64
270	1COM1013	Anglais	1	7	15.0	ANGS22021	t	8	147
271	2COM1013	Expression et communication	1	7	15.0	ECS22021	t	21	147
272	3COM1013	Organisation et comptabilité	1	7	15.0	OCS22021	t	21	147
273	4COM1013	Insertion et responsabilité dans la société	1	7	15.0	IRSS22021	t	10	147
274	1INF12117	Architecture des ordinateurs	1	7	15.0	AOS22021	t	5	148
275	2INF12117	Électronique	1	7	15.0	ELS22021	t	6	148
276	3INF12117	Réseaux	1	7	15.0	RXS22021	t	16	148
277	1INF12117	Données Algorithme et Programmation	1	7	36.0	DAPS22021	t	1	149
278	1INF12117	Langage de modélisation unifié	1	7	36.0	UMLS22021	t	1	150
279	2INF12117	Bases de données	1	7	36.0	BDS22021	t	1	150
280	1MAT1210	Mathématique 2	1	7	20.0	MATHS22021	t	9	151
281	3INF12117	Traitement des données semi-structurées	1	7	36.0	TDSSS22021	t	18	150
282	1INF10118	Bash	1	7	20.0	BASHS42122	t	1	152
283	2INF10118	Bases de données	1	7	20.0	BD2122	t	1	152
284	1INF10119	Dénombrement	1	7	20.0	DNS42122	t	9	153
285	2INF10119	Configuration firewall, gestion des machines virtuelles	1	7	20.0	CFGMV	t	17	153
286	1INF10120	Apache2	1	7	20.0	APACH	t	16	154
287	2INF10120	JavaScript	1	7	20.0	JSS42122	t	17	154
288	3INF10120	Application mobile	1	7	20.0	APPMS42122	t	1	154
289	1INF10121	Arduino	1	7	20.0	ARDS42122	t	6	155
290	1ORG1007	Technique de communication	1	7	20.0	TECCS42122	t	21	156
291	2ORG1007	Anglais	1	7	15.0	ANGS421	t	8	156
292	3ORG1007	Stage	1	7	20.0	STS42122	t	1	156
293	4ORG1007	Insertion et responsabilité dans la société	1	7	15.0	IRSS421	t	10	156
294	5ORG1007	Organisation et comptabilité	1	7	15.0	OCS421	t	21	156
295	4INF10120	PHP	1	7	30.0	PHPS42122	t	1	154
302	1INF10124	Initiation à l’algorithmique et à la programmation	1	10	36.0	DAPS12425	t	26	162
298	1INF11124	Outils technologiques et numériques I	3	10	72.0	OTNS12425	t	15	157
299	1COM1014	Techniques d'expression en français	2	8	12.0	TEFRS12425	t	8	158
303	2INF10124	Bases de données	1	10	36.0	BDS12425	t	19	188
304	1MAT1011	Algèbre de base	3	8	36.0	ALBS12425	t	7	160
296	1INF10123	Fondement des TI	2	8	1.0	FTIS12425	t	26	161
297	2INF10123	Systèmes d'exploitation	2	8	24.0	SES12425	t	26	161
300	2COM1014	Techniques d'expression en anglais	2	8	12.0	TEANS12425	t	8	158
328	2INF10134	Java EE et Spring boot	1	10	36.0	JEES52425	t	18	175
329	1INF10100	Stage de réalisation pratique	1	7	24.0	STAS42223	t	1	127
238	3INF10105	Business Process Model and Notation	1	7	24.0	BPMNS22122	t	1	135
213	2COM1011	Contrat de travail	1	7	10.0	CTS42223	t	10	120
335	2INF10144	Algèbre relationnelle	1	10	12.0	ARS12425	t	19	188
309	2MAT1012	Probabilités	1	8	36.0	PROS12425	t	7	163
330	3INF10129	IRS	1	8	16.0	IRSS32425	t	10	185
336	3INF13142	Traitement des données semi-structurées	2	10	24.0	TDSSS32425	t	18	165
332	3MAT1012	Anglais	1	8	24.0	ANGS32425	t	8	185
327	1INF10134	Python Django	1	10	36.0	PYDJS52425	t	18	175
323	1MAT1013	Programmation linéaire	1	8	24.0	PRLS52425	t	7	172
321	1ORG1009	Insertion et responsabilité dans la société	1	8	24.0	IRSS52425	t	10	171
324	2MAT1013	Théories des automates	1	8	24.0	THAUS52425	t	9	172
317	1INF10129	Micro-programmation des ordinateurs	1	8	24.0	MPOS32425	t	5	168
318	2INF10129	Électronique 2	1	8	12.0	ELS32425	t	6	168
326	1INF10133	Flutter	1	12	72.0	FLUS52425	t	22	174
320	1INF10131	Technologies émergentes Docker	1	10	36.0	TECHE2425	t	1	169
316	2INF10128	Programmation orientée objet	1	10	48.0	POOS32425	t	22	167
325	1INF10132	NodeJS	1	10	72.0	JSS52425	t	22	173
307	1ORG1008	Introduction à la comptabilité générale	3	8	18.0	OCS12425	t	18	159
306	4COM1014	Culture générale	2	8	18.0	CGS12425	t	10	158
310	1INF10125	Service réseaux	1	10	36.0	SRS32425	t	16	164
312	1INF10126	Conception des sites web côté client (JavaScript)	2	10	36.0	CSW	t	18	165
314	1INF10127	Développement et administration des bases de données	1	10	36.0	ADMBD	t	18	166
308	1MAT1012	Statistiques	1	8	36.0	STAS32425	t	9	163
311	2INF10125	Introduction à la cybersécurité	1	10	36.0	CYBS32425	t	11	164
313	2INF10126	Programmation de site web côté serveurs (PHP)	2	10	36.0	PSWS32425	t	18	165
331	3INF10128	Langage C	1	8	36.0	LCS32425	t	5	168
319	1INF10130	Administration Système	1	10	36.0	ASS52425	t	26	169
305	2MAT1011	Structures algèbriques	2	8	36.0	STAS12425	t	7	160
\.


--
-- Data for Name: main_note; Type: TABLE DATA; Schema: public; Owner: gestion_ifnti_user
--

COPY public.main_note (id, "valeurNote", etudiant_id, evaluation_id) FROM stdin;
47	0.00	NA202007	253
48	0.00	KA202004	253
49	0.00	AE202001	253
50	0.00	TM202011	253
51	0.00	KK202005	253
52	0.00	TT202015	253
53	0.00	TS202014	253
54	0.00	TF202016	253
55	0.00	AA202002	253
56	0.00	IM202003	253
57	0.00	NA202007	252
58	0.00	KA202004	252
59	0.00	AE202001	252
60	0.00	TM202011	252
61	0.00	KK202005	252
62	0.00	TT202015	252
63	0.00	TS202014	252
64	0.00	TF202016	252
65	0.00	AA202002	252
66	0.00	IM202003	252
67	0.00	NA202007	251
68	0.00	KA202004	251
69	0.00	AE202001	251
70	0.00	TM202011	251
71	0.00	KK202005	251
72	0.00	TT202015	251
73	0.00	TS202014	251
74	0.00	TF202016	251
75	0.00	AA202002	251
76	0.00	IM202003	251
77	0.00	NA202007	250
78	0.00	KA202004	250
79	0.00	AE202001	250
80	0.00	TM202011	250
81	0.00	KK202005	250
82	0.00	TT202015	250
83	0.00	TS202014	250
84	0.00	TF202016	250
85	0.00	AA202002	250
86	0.00	IM202003	250
87	0.00	NA202007	249
88	0.00	KA202004	249
89	0.00	AE202001	249
90	0.00	TM202011	249
91	0.00	KK202005	249
92	0.00	TT202015	249
93	0.00	TS202014	249
94	0.00	TF202016	249
95	0.00	AA202002	249
96	0.00	IM202003	249
97	0.00	NA202007	248
98	0.00	KA202004	248
99	0.00	AE202001	248
100	0.00	TM202011	248
101	0.00	KK202005	248
102	0.00	TT202015	248
103	0.00	TS202014	248
104	0.00	TF202016	248
105	0.00	AA202002	248
106	0.00	IM202003	248
107	0.00	NA202007	247
108	0.00	KA202004	247
109	0.00	AE202001	247
110	0.00	TM202011	247
111	0.00	KK202005	247
112	0.00	TT202015	247
113	0.00	TS202014	247
114	0.00	TF202016	247
115	0.00	AA202002	247
116	0.00	IM202003	247
117	0.00	NA202007	242
118	0.00	KA202004	242
119	0.00	AE202001	242
120	0.00	TM202011	242
121	0.00	KK202005	242
122	0.00	TT202015	242
123	0.00	TS202014	242
124	0.00	TF202016	242
125	0.00	AA202002	242
126	0.00	IM202003	242
127	0.00	NA202007	241
128	0.00	KA202004	241
129	0.00	AE202001	241
130	0.00	TM202011	241
131	0.00	KK202005	241
132	0.00	TT202015	241
133	0.00	TS202014	241
134	0.00	TF202016	241
135	0.00	AA202002	241
136	0.00	IM202003	241
137	0.00	NA202007	240
138	0.00	KA202004	240
139	0.00	AE202001	240
140	0.00	TM202011	240
141	0.00	KK202005	240
142	0.00	TT202015	240
143	0.00	TS202014	240
144	0.00	TF202016	240
145	0.00	AA202002	240
146	0.00	IM202003	240
147	0.00	NA202007	239
148	0.00	KA202004	239
149	0.00	AE202001	239
150	0.00	TM202011	239
151	0.00	KK202005	239
152	0.00	TT202015	239
153	0.00	TS202014	239
154	0.00	TF202016	239
155	0.00	AA202002	239
156	0.00	IM202003	239
157	0.00	NA202007	238
158	0.00	KA202004	238
159	0.00	AE202001	238
160	0.00	TM202011	238
161	0.00	KK202005	238
162	0.00	TT202015	238
163	0.00	TS202014	238
164	0.00	TF202016	238
165	0.00	AA202002	238
166	0.00	IM202003	238
167	0.00	NA202007	237
168	0.00	KA202004	237
169	0.00	AE202001	237
170	0.00	TM202011	237
171	0.00	KK202005	237
172	0.00	TT202015	237
173	0.00	TS202014	237
174	0.00	TF202016	237
175	0.00	AA202002	237
176	0.00	IM202003	237
177	0.00	NA202007	204
178	0.00	KA202004	204
179	0.00	AE202001	204
180	0.00	TM202011	204
181	0.00	KK202005	204
182	0.00	TT202015	204
183	0.00	TS202014	204
184	0.00	TF202016	204
185	0.00	AA202002	204
186	0.00	IM202003	204
187	0.00	NA202007	171
188	0.00	KA202004	171
189	0.00	AE202001	171
190	0.00	TM202011	171
191	0.00	KK202005	171
192	0.00	TT202015	171
193	0.00	TS202014	171
194	0.00	TF202016	171
195	0.00	AA202002	171
196	0.00	IM202003	171
197	0.00	NA202007	138
198	0.00	KA202004	138
199	0.00	AE202001	138
200	0.00	TM202011	138
201	0.00	KK202005	138
202	0.00	TT202015	138
203	0.00	TS202014	138
204	0.00	TF202016	138
205	0.00	AA202002	138
206	0.00	IM202003	138
207	0.00	NA202007	137
208	0.00	KA202004	137
209	0.00	AE202001	137
210	0.00	TM202011	137
211	0.00	KK202005	137
212	0.00	TT202015	137
213	0.00	TS202014	137
214	0.00	TF202016	137
215	0.00	AA202002	137
216	0.00	IM202003	137
217	0.00	NA202007	136
218	0.00	KA202004	136
219	0.00	AE202001	136
220	0.00	TM202011	136
221	0.00	KK202005	136
222	0.00	TT202015	136
223	0.00	TS202014	136
224	0.00	TF202016	136
225	0.00	AA202002	136
226	0.00	IM202003	136
227	0.00	NA202007	135
228	0.00	KA202004	135
229	0.00	AE202001	135
230	0.00	TM202011	135
231	0.00	KK202005	135
232	0.00	TT202015	135
233	0.00	TS202014	135
234	0.00	TF202016	135
235	0.00	AA202002	135
236	0.00	IM202003	135
237	0.00	NA202007	134
238	0.00	KA202004	134
239	0.00	AE202001	134
240	0.00	TM202011	134
241	0.00	KK202005	134
242	0.00	TT202015	134
243	0.00	TS202014	134
244	0.00	TF202016	134
245	0.00	AA202002	134
246	0.00	IM202003	134
247	0.00	NA202007	133
248	0.00	KA202004	133
249	0.00	AE202001	133
250	0.00	TM202011	133
251	0.00	KK202005	133
252	0.00	TT202015	133
253	0.00	TS202014	133
254	0.00	TF202016	133
255	0.00	AA202002	133
256	0.00	IM202003	133
257	0.00	NA202007	132
258	0.00	KA202004	132
259	0.00	AE202001	132
260	0.00	TM202011	132
261	0.00	KK202005	132
262	0.00	TT202015	132
263	0.00	TS202014	132
264	0.00	TF202016	132
265	0.00	AA202002	132
266	0.00	IM202003	132
267	0.00	NA202007	131
268	0.00	KA202004	131
269	0.00	AE202001	131
270	0.00	TM202011	131
271	0.00	KK202005	131
272	0.00	TT202015	131
273	0.00	TS202014	131
274	0.00	TF202016	131
275	0.00	AA202002	131
276	0.00	IM202003	131
277	0.00	NA202007	130
278	0.00	KA202004	130
279	0.00	AE202001	130
280	0.00	TM202011	130
281	0.00	KK202005	130
282	0.00	TT202015	130
283	0.00	TS202014	130
284	0.00	TF202016	130
285	0.00	AA202002	130
286	0.00	IM202003	130
287	0.00	NA202007	129
288	0.00	KA202004	129
289	0.00	AE202001	129
290	0.00	TM202011	129
291	0.00	KK202005	129
292	0.00	TT202015	129
293	0.00	TS202014	129
294	0.00	TF202016	129
295	0.00	AA202002	129
296	0.00	IM202003	129
297	0.00	NA202007	128
298	0.00	KA202004	128
299	0.00	AE202001	128
300	0.00	TM202011	128
301	0.00	KK202005	128
302	0.00	TT202015	128
303	0.00	TS202014	128
304	0.00	TF202016	128
305	0.00	AA202002	128
306	0.00	IM202003	128
307	0.00	NA202007	127
308	0.00	KA202004	127
309	0.00	AE202001	127
310	0.00	TM202011	127
311	0.00	KK202005	127
312	0.00	TT202015	127
313	0.00	TS202014	127
314	0.00	TF202016	127
315	0.00	AA202002	127
316	0.00	IM202003	127
317	0.00	NA202007	126
318	0.00	KA202004	126
319	0.00	AE202001	126
320	0.00	TM202011	126
321	0.00	KK202005	126
322	0.00	TT202015	126
323	0.00	TS202014	126
324	0.00	TF202016	126
325	0.00	AA202002	126
326	0.00	IM202003	126
327	0.00	NA202007	125
328	0.00	KA202004	125
329	0.00	AE202001	125
330	0.00	TM202011	125
331	0.00	KK202005	125
332	0.00	TT202015	125
333	0.00	TS202014	125
334	0.00	TF202016	125
335	0.00	AA202002	125
336	0.00	IM202003	125
337	0.00	NA202007	124
338	0.00	KA202004	124
339	0.00	AE202001	124
340	0.00	TM202011	124
341	0.00	KK202005	124
342	0.00	TT202015	124
343	0.00	TS202014	124
344	0.00	TF202016	124
345	0.00	AA202002	124
346	0.00	IM202003	124
347	0.00	NA202007	123
348	0.00	KA202004	123
349	0.00	AE202001	123
350	0.00	TM202011	123
351	0.00	KK202005	123
352	0.00	TT202015	123
353	0.00	TS202014	123
354	0.00	TF202016	123
355	0.00	AA202002	123
356	0.00	IM202003	123
357	0.00	NA202007	122
358	0.00	KA202004	122
359	0.00	AE202001	122
360	0.00	TM202011	122
361	0.00	KK202005	122
362	0.00	KL202006	122
363	0.00	TT202015	122
364	0.00	TS202014	122
365	0.00	TF202016	122
366	0.00	AA202002	122
367	0.00	IM202003	122
368	0.00	NA202007	121
369	0.00	KA202004	121
370	0.00	AE202001	121
371	0.00	TM202011	121
372	0.00	KK202005	121
373	0.00	KL202006	121
374	0.00	TT202015	121
375	0.00	TS202014	121
376	0.00	TF202016	121
377	0.00	AA202002	121
378	0.00	IM202003	121
379	0.00	NA202007	120
380	0.00	KA202004	120
381	0.00	AE202001	120
382	0.00	TM202011	120
383	0.00	KK202005	120
384	0.00	KL202006	120
385	0.00	TT202015	120
386	0.00	TS202014	120
387	0.00	TF202016	120
388	0.00	AA202002	120
389	0.00	IM202003	120
390	0.00	NA202007	119
391	0.00	KA202004	119
392	0.00	AE202001	119
393	0.00	TM202011	119
394	0.00	KK202005	119
395	0.00	KL202006	119
396	0.00	TT202015	119
397	0.00	TS202014	119
398	0.00	TF202016	119
399	0.00	AA202002	119
400	0.00	IM202003	119
401	0.00	NA202007	118
402	0.00	KA202004	118
403	0.00	AE202001	118
404	0.00	TM202011	118
405	0.00	KK202005	118
406	0.00	KL202006	118
407	0.00	TT202015	118
408	0.00	TS202014	118
409	0.00	TF202016	118
410	0.00	AA202002	118
411	0.00	IM202003	118
412	0.00	NA202007	117
413	0.00	KA202004	117
414	0.00	AE202001	117
415	0.00	TM202011	117
416	0.00	KK202005	117
417	0.00	KL202006	117
418	0.00	TT202015	117
419	0.00	TS202014	117
420	0.00	TF202016	117
421	0.00	AA202002	117
422	0.00	IM202003	117
423	0.00	NA202007	116
424	0.00	KA202004	116
425	0.00	AE202001	116
426	0.00	TM202011	116
427	0.00	KK202005	116
428	0.00	KL202006	116
429	0.00	TT202015	116
430	0.00	TS202014	116
431	0.00	TF202016	116
432	0.00	AA202002	116
433	0.00	IM202003	116
434	0.00	NA202007	115
435	0.00	KA202004	115
436	0.00	AE202001	115
437	0.00	TM202011	115
438	0.00	KK202005	115
439	0.00	KL202006	115
440	0.00	TT202015	115
441	0.00	TS202014	115
442	0.00	TF202016	115
443	0.00	AA202002	115
444	0.00	IM202003	115
445	0.00	NA202007	114
446	0.00	KA202004	114
447	0.00	AE202001	114
448	0.00	TM202011	114
449	0.00	KK202005	114
450	0.00	KL202006	114
451	0.00	TT202015	114
452	0.00	TS202014	114
453	0.00	TF202016	114
454	0.00	AA202002	114
455	0.00	IM202003	114
456	0.00	NA202007	113
457	0.00	KA202004	113
458	0.00	AE202001	113
459	0.00	TM202011	113
460	0.00	KK202005	113
461	0.00	KL202006	113
462	0.00	TT202015	113
463	0.00	TS202014	113
464	0.00	TF202016	113
465	0.00	AA202002	113
466	0.00	IM202003	113
467	0.00	NA202007	112
468	0.00	KA202004	112
469	0.00	AE202001	112
470	0.00	TM202011	112
471	0.00	KK202005	112
472	0.00	KL202006	112
473	0.00	TT202015	112
474	0.00	TS202014	112
475	0.00	TF202016	112
476	0.00	AA202002	112
477	0.00	IM202003	112
478	0.00	NA202007	111
479	0.00	KA202004	111
480	0.00	AE202001	111
481	0.00	TM202011	111
482	0.00	KK202005	111
483	0.00	KL202006	111
484	0.00	TT202015	111
485	0.00	TS202014	111
486	0.00	TF202016	111
487	0.00	AA202002	111
488	0.00	IM202003	111
489	0.00	NA202007	110
490	0.00	KA202004	110
491	0.00	AE202001	110
492	0.00	TM202011	110
493	0.00	KK202005	110
494	0.00	TT202015	110
495	0.00	TS202014	110
496	0.00	TF202016	110
497	0.00	AA202002	110
498	0.00	IM202003	110
499	0.00	NA202007	107
500	0.00	KA202004	107
501	0.00	AE202001	107
502	0.00	TM202011	107
503	0.00	KK202005	107
504	0.00	TT202015	107
505	0.00	TS202014	107
506	0.00	TF202016	107
507	0.00	AA202002	107
508	0.00	IM202003	107
509	0.00	NA202007	105
510	0.00	KA202004	105
511	0.00	AE202001	105
512	0.00	TM202011	105
513	0.00	KK202005	105
514	0.00	TT202015	105
515	0.00	TS202014	105
516	0.00	TF202016	105
517	0.00	AA202002	105
518	0.00	IM202003	105
519	0.00	NA202007	103
520	0.00	KA202004	103
521	0.00	AE202001	103
522	0.00	TM202011	103
523	0.00	KK202005	103
524	0.00	TT202015	103
525	0.00	TS202014	103
526	0.00	TF202016	103
527	0.00	AA202002	103
528	0.00	IM202003	103
529	0.00	NA202007	102
530	0.00	KA202004	102
531	0.00	AE202001	102
532	0.00	TM202011	102
533	0.00	KK202005	102
534	0.00	TT202015	102
535	0.00	TS202014	102
536	0.00	TF202016	102
537	0.00	AA202002	102
538	0.00	IM202003	102
539	0.00	NA202007	101
540	0.00	KA202004	101
541	0.00	AE202001	101
542	0.00	TM202011	101
543	0.00	KK202005	101
544	0.00	TT202015	101
545	0.00	TS202014	101
546	0.00	TF202016	101
547	0.00	AA202002	101
548	0.00	IM202003	101
549	0.00	NA202007	100
550	0.00	KA202004	100
551	0.00	AE202001	100
552	0.00	TM202011	100
553	0.00	KK202005	100
554	0.00	TT202015	100
555	0.00	TS202014	100
556	0.00	TF202016	100
557	0.00	AA202002	100
558	0.00	IM202003	100
559	0.00	NA202007	99
560	0.00	KA202004	99
561	0.00	AE202001	99
562	0.00	TM202011	99
563	0.00	KK202005	99
564	0.00	TT202015	99
565	0.00	TS202014	99
566	0.00	TF202016	99
567	0.00	AA202002	99
568	0.00	IM202003	99
569	0.00	NA202007	98
570	0.00	KA202004	98
571	0.00	AE202001	98
572	0.00	TM202011	98
573	0.00	KK202005	98
574	0.00	TT202015	98
575	0.00	TS202014	98
576	0.00	TF202016	98
577	0.00	AA202002	98
578	0.00	IM202003	98
579	0.00	NA202007	97
580	0.00	KA202004	97
581	0.00	AE202001	97
582	0.00	TM202011	97
583	0.00	KK202005	97
584	0.00	TT202015	97
585	0.00	TS202014	97
586	0.00	TF202016	97
587	0.00	AA202002	97
588	0.00	IM202003	97
589	0.00	NA202007	95
590	0.00	KA202004	95
591	0.00	AE202001	95
592	0.00	TM202011	95
593	0.00	KK202005	95
594	0.00	KL202006	95
595	0.00	TT202015	95
596	0.00	TS202014	95
597	0.00	TF202016	95
598	0.00	AA202002	95
599	0.00	IM202003	95
600	0.00	NA202007	94
601	0.00	KA202004	94
602	0.00	AE202001	94
603	0.00	TM202011	94
604	0.00	KK202005	94
605	0.00	KL202006	94
606	0.00	TT202015	94
607	0.00	TS202014	94
608	0.00	TF202016	94
609	0.00	AA202002	94
610	0.00	IM202003	94
611	0.00	NA202007	93
612	0.00	KA202004	93
613	0.00	AE202001	93
614	0.00	TM202011	93
615	0.00	KK202005	93
616	0.00	KL202006	93
617	0.00	TT202015	93
618	0.00	TS202014	93
619	0.00	TF202016	93
620	0.00	AA202002	93
621	0.00	IM202003	93
622	0.00	NA202007	92
623	0.00	KA202004	92
624	0.00	AE202001	92
625	0.00	TM202011	92
626	0.00	KK202005	92
627	0.00	KL202006	92
628	0.00	TT202015	92
629	0.00	TS202014	92
630	0.00	TF202016	92
631	0.00	AA202002	92
632	0.00	IM202003	92
633	0.00	NA202007	91
634	0.00	KA202004	91
635	0.00	AE202001	91
636	0.00	TM202011	91
637	0.00	KK202005	91
638	0.00	KL202006	91
639	0.00	TT202015	91
640	0.00	TS202014	91
641	0.00	TF202016	91
642	0.00	AA202002	91
643	0.00	IM202003	91
644	0.00	NA202007	90
645	0.00	KA202004	90
646	0.00	AE202001	90
647	0.00	TM202011	90
648	0.00	KK202005	90
649	0.00	KL202006	90
650	0.00	TT202015	90
651	0.00	TS202014	90
652	0.00	TF202016	90
653	0.00	AA202002	90
654	0.00	IM202003	90
655	0.00	NA202007	89
656	0.00	KA202004	89
657	0.00	AE202001	89
658	0.00	TM202011	89
659	0.00	KK202005	89
660	0.00	KL202006	89
661	0.00	TT202015	89
662	0.00	TS202014	89
663	0.00	TF202016	89
664	0.00	AA202002	89
665	0.00	IM202003	89
666	0.00	NA202007	88
667	0.00	KA202004	88
668	0.00	AE202001	88
669	0.00	TM202011	88
670	0.00	KK202005	88
671	0.00	KL202006	88
672	0.00	TT202015	88
673	0.00	TS202014	88
674	0.00	TF202016	88
675	0.00	AA202002	88
676	0.00	IM202003	88
677	0.00	NA202007	87
678	0.00	KA202004	87
679	0.00	AE202001	87
680	0.00	TM202011	87
681	0.00	KK202005	87
682	0.00	KL202006	87
683	0.00	TT202015	87
684	0.00	TS202014	87
685	0.00	TF202016	87
686	0.00	AA202002	87
687	0.00	IM202003	87
688	0.00	NA202007	86
689	0.00	KA202004	86
690	0.00	AE202001	86
691	0.00	TM202011	86
692	0.00	KK202005	86
693	0.00	KL202006	86
694	0.00	TT202015	86
695	0.00	TS202014	86
696	0.00	TF202016	86
697	0.00	AA202002	86
698	0.00	IM202003	86
699	0.00	NA202007	85
700	0.00	KA202004	85
701	0.00	AE202001	85
702	0.00	TM202011	85
703	0.00	KK202005	85
704	0.00	KL202006	85
705	0.00	TT202015	85
706	0.00	TS202014	85
707	0.00	TF202016	85
708	0.00	AA202002	85
709	0.00	IM202003	85
1089	9.50	BF202404	57
1090	9.00	T 202314	57
1091	10.50	NY202309	57
1092	8.50	YM202315	57
1093	8.00	OM202310	57
1094	8.50	AR202305	57
1096	9.00	TK202311	57
1097	11.50	AA202303	57
1098	11.00	BT202401	57
1099	11.50	BY202306	57
1100	0.00	TG202313	57
1102	0.00	TF202403	57
1103	9.50	AO202304	57
1104	12.00	AA202301	57
1105	12.00	AA202302	57
2027	12.38	AA202301	260
2028	13.59	AA202302	260
2029	10.55	AA202303	260
2030	14.75	AO202304	260
2031	13.65	AR202305	260
2032	12.30	BT202401	260
2033	13.28	BF202404	260
2034	14.82	BY202306	260
2035	16.38	DK202314	260
2036	12.61	NY202309	260
2037	0.00	NE202014	260
2038	13.10	OM202310	260
2039	15.17	TK202311	260
2040	10.29	TG202313	260
2041	0.00	TF202403	260
2042	8.89	T 202314	260
2043	11.23	YM202315	260
2044	13.55	AA202301	261
2045	13.23	AA202302	261
2046	11.13	AA202303	261
2047	12.25	AO202304	261
2048	10.90	AR202305	261
2049	13.10	BT202401	261
2050	13.70	BF202404	261
2051	14.58	BY202306	261
2052	11.40	DK202314	261
2053	14.20	NY202309	261
2054	11.85	NE202014	261
2055	12.58	OM202310	261
2056	13.00	TK202311	261
2057	9.63	TG202313	261
2058	11.53	TF202403	261
2059	10.93	T 202314	261
2060	12.75	YM202315	261
2061	17.36	AA202301	262
2062	15.20	AA202302	262
2063	14.70	AA202303	262
2064	11.60	AO202304	262
2065	16.60	AR202305	262
2066	17.90	BT202401	262
2067	16.00	BF202404	262
2068	14.20	BY202306	262
2069	17.00	DK202314	262
2070	15.20	NY202309	262
2071	0.00	NE202014	262
2072	13.90	OM202310	262
2073	9.10	TK202311	262
2074	11.30	TG202313	262
2075	13.40	TF202403	262
2076	14.50	T 202314	262
2077	15.60	YM202315	262
2078	16.10	AA202301	263
2079	17.30	AA202302	263
2080	10.80	AA202303	263
2081	17.30	AO202304	263
2082	13.70	AR202305	263
2083	19.10	BT202401	263
2084	17.30	BF202404	263
2085	16.40	BY202306	263
2086	17.30	DK202314	263
2087	17.60	NY202309	263
2088	16.40	NE202014	263
2089	10.90	OM202310	263
2090	13.30	TK202311	263
2091	10.30	TG202313	263
2092	17.40	TF202403	263
2093	14.90	T 202314	263
2094	18.60	YM202315	263
2095	12.50	AA202301	264
2096	9.75	AA202302	264
2097	11.50	AA202303	264
2098	0.00	AO202304	264
2099	6.50	AR202305	264
2100	17.50	BT202401	264
2101	12.50	BF202404	264
2102	14.50	BY202306	264
2103	17.00	DK202314	264
2104	14.00	NY202309	264
2105	0.00	NE202014	264
2106	11.50	OM202310	264
2107	18.00	TK202311	264
2108	7.50	TG202313	264
2109	15.00	TF202403	264
2110	10.00	T 202314	264
2111	12.50	YM202315	264
2112	16.00	AA202301	265
2113	5.00	AA202302	265
2114	9.50	AA202303	265
2115	14.00	AO202304	265
2116	9.00	AR202305	265
2117	14.50	BT202401	265
2118	12.50	BF202404	265
2119	16.50	BY202306	265
2120	16.50	DK202314	265
2121	15.50	NY202309	265
2122	0.00	NE202014	265
2123	13.00	OM202310	265
2124	9.50	TK202311	265
2125	0.00	TG202313	265
2126	0.00	TF202403	265
2127	14.00	T 202314	265
2128	7.75	YM202315	265
2146	10.00	AA202301	267
2147	10.00	AA202302	267
2148	4.00	AA202303	267
2149	6.00	AO202304	267
2150	8.00	AR202305	267
2151	12.00	BT202401	267
2152	11.00	BF202404	267
2153	15.00	BY202306	267
2154	13.50	DK202314	267
2155	10.00	NY202309	267
2156	9.00	NE202014	267
2157	9.00	OM202310	267
2158	8.00	TK202311	267
2159	7.00	TG202313	267
2160	12.50	TF202403	267
2161	8.00	T 202314	267
2162	14.00	YM202315	267
2163	11.00	AA202301	268
2164	8.56	AA202302	268
2165	8.78	AA202303	268
2166	9.65	AO202304	268
2167	6.90	AR202305	268
2168	12.43	BT202401	268
2169	10.95	BF202404	268
2170	7.95	BY202306	268
2171	13.00	DK202314	268
2172	10.88	NY202309	268
2173	10.10	NE202014	268
2174	9.55	OM202310	268
2175	8.80	TK202311	268
2176	4.63	TG202313	268
2177	8.13	TF202403	268
2178	10.36	T 202314	268
2179	14.40	YM202315	268
2180	8.25	AA202301	269
2181	12.50	AA202302	269
2182	8.50	AA202303	269
2183	9.00	AO202304	269
2184	9.00	AR202305	269
2185	14.00	BT202401	269
2186	9.25	BF202404	269
2187	10.25	BY202306	269
2188	13.00	DK202314	269
2189	7.25	NY202309	269
2190	9.75	NE202014	269
2191	10.25	OM202310	269
2192	12.50	TK202311	269
2193	4.75	TG202313	269
2194	8.75	TF202403	269
2195	9.75	T 202314	269
2196	12.25	YM202315	269
2214	15.75	AA202301	271
2215	16.00	AA202302	271
2216	9.00	AA202303	271
2217	11.75	AO202304	271
2218	17.50	AR202305	271
2219	17.75	BT202401	271
2220	16.00	BF202404	271
2221	12.50	BY202306	271
2222	19.75	DK202314	271
2223	16.75	NY202309	271
2224	16.25	NE202014	271
2225	16.00	OM202310	271
2226	12.25	TK202311	271
2227	11.50	TG202313	271
2228	17.50	TF202403	271
2229	16.50	T 202314	271
2230	16.75	YM202315	271
2231	11.50	AA202301	272
2232	12.00	AA202302	272
2233	12.50	AA202303	272
2234	10.00	AO202304	272
2235	9.25	AR202305	272
2236	17.75	BT202401	272
2237	10.50	BF202404	272
2238	12.00	BY202306	272
2239	12.75	DK202314	272
2240	8.75	NY202309	272
2241	0.00	NE202014	272
2242	12.50	OM202310	272
2243	13.00	TK202311	272
2244	10.75	TG202313	272
2245	0.00	TF202403	272
2246	8.75	T 202314	272
2247	11.00	YM202315	272
2248	9.00	AA202301	273
2249	13.00	AA202302	273
2250	1.00	AA202303	273
2251	3.00	AO202304	273
2252	12.00	AR202305	273
2253	18.00	BT202401	273
2254	14.00	BF202404	273
2255	14.00	BY202306	273
2256	17.00	DK202314	273
2257	14.00	NY202309	273
2258	0.00	NE202014	273
2259	3.00	OM202310	273
2260	13.00	TK202311	273
2261	4.00	TG202313	273
2262	0.00	TF202403	273
2263	7.00	T 202314	273
2264	16.00	YM202315	273
2265	10.00	AA202301	274
2266	6.00	AA202302	274
2267	4.00	AA202303	274
2268	4.00	AO202304	274
2269	8.50	AR202305	274
2270	16.00	BT202401	274
2271	10.00	BF202404	274
2272	13.00	BY202306	274
2273	13.00	DK202314	274
2274	13.00	NY202309	274
2275	0.00	NE202014	274
2276	6.00	OM202310	274
2277	6.00	TK202311	274
2278	6.00	TG202313	274
2279	10.00	TF202403	274
2280	6.00	T 202314	274
2281	15.00	YM202315	274
2282	10.00	AA202301	275
2283	11.66	AA202302	275
2284	2.77	AA202303	275
2285	8.33	AO202304	275
2286	7.22	AR202305	275
2287	8.33	BT202401	275
2288	8.61	BF202404	275
2289	18.23	BY202306	275
2290	15.00	DK202314	275
2291	7.22	NY202309	275
2292	0.00	NE202014	275
2293	8.88	OM202310	275
2294	12.22	TK202311	275
2295	6.11	TG202313	275
2296	0.00	TF202403	275
2297	12.50	T 202314	275
2298	14.44	YM202315	275
2299	17.50	AA202301	276
2300	14.00	AA202302	276
2301	12.50	AA202303	276
2302	15.00	AO202304	276
2303	3.00	AR202305	276
2304	14.00	BT202401	276
2305	15.00	BF202404	276
2306	11.00	BY202306	276
2307	12.50	DK202314	276
2308	14.50	NY202309	276
2309	0.00	NE202014	276
2310	13.50	OM202310	276
2311	8.50	TK202311	276
2312	10.50	TG202313	276
2313	0.00	TF202403	276
2314	11.50	T 202314	276
2315	13.50	YM202315	276
2316	15.50	AA202301	277
2317	12.50	AA202302	277
2318	13.50	AA202303	277
2319	13.50	AO202304	277
2320	11.00	AR202305	277
2321	16.00	BT202401	277
2322	14.50	BF202404	277
2323	17.00	BY202306	277
2324	15.50	DK202314	277
2325	9.50	NY202309	277
2326	0.00	NE202014	277
2327	14.00	OM202310	277
2328	15.50	TK202311	277
2329	12.50	TG202313	277
2330	0.00	TF202403	277
2331	10.50	T 202314	277
2332	15.50	YM202315	277
2333	6.50	AA202301	278
2334	5.50	AA202302	278
2335	10.00	AA202303	278
2336	7.50	AO202304	278
2337	6.50	AR202305	278
2338	11.00	BT202401	278
2339	7.50	BF202404	278
2340	7.50	BY202306	278
2341	5.00	DK202314	278
2342	12.00	NY202309	278
2343	0.00	NE202014	278
2344	10.00	OM202310	278
2345	9.50	TK202311	278
2346	6.00	TG202313	278
2347	0.00	TF202403	278
2348	4.50	T 202314	278
2349	6.00	YM202315	278
2350	12.00	AA202301	279
2351	10.50	AA202302	279
2352	9.00	AA202303	279
2353	12.00	AO202304	279
2354	8.00	AR202305	279
2355	12.50	BT202401	279
2356	6.00	BF202404	279
2357	12.00	BY202306	279
2358	13.00	DK202314	279
2359	7.50	NY202309	279
2360	0.00	NE202014	279
2361	9.00	OM202310	279
2362	9.50	TK202311	279
2363	9.50	TG202313	279
2364	0.00	TF202403	279
2365	3.50	T 202314	279
2366	7.50	YM202315	279
2371	15.00	AR202305	280
2377	16.00	NE202014	280
2381	0.00	TF202403	280
2382	13.50	T 202314	280
2384	10.00	AA202301	281
2385	12.25	AA202302	281
2386	8.00	AA202303	281
2387	7.00	AO202304	281
2388	10.25	AR202305	281
2389	14.50	BT202401	281
2390	5.50	BF202404	281
2391	17.00	BY202306	281
2392	14.50	DK202314	281
2393	7.25	NY202309	281
2394	0.00	NE202014	281
2395	6.50	OM202310	281
2396	11.00	TK202311	281
2397	9.50	TG202313	281
2398	9.75	TF202403	281
2399	10.50	T 202314	281
2400	14.75	YM202315	281
2401	19.50	AA202301	282
2402	17.00	AA202302	282
2403	18.50	AA202303	282
2404	19.50	AO202304	282
2405	16.50	AR202305	282
2406	19.50	BT202401	282
2407	17.50	BF202404	282
2408	18.50	BY202306	282
2409	19.00	DK202314	282
2410	19.50	NY202309	282
2411	0.00	NE202014	282
2412	14.50	OM202310	282
2413	19.50	TK202311	282
2414	18.50	TG202313	282
2415	14.00	TF202403	282
2416	17.50	T 202314	282
2417	16.50	YM202315	282
2418	10.00	AA202301	283
2419	16.00	AA202302	283
2420	9.75	AA202303	283
2421	11.00	AO202304	283
2422	15.00	AR202305	283
2423	15.00	BT202401	283
2424	14.00	BF202404	283
2425	16.00	BY202306	283
2426	18.00	DK202314	283
2427	12.75	NY202309	283
2428	16.75	NE202014	283
2429	11.50	OM202310	283
2430	16.00	TK202311	283
2431	14.00	TG202313	283
2432	0.00	TF202403	283
2433	13.00	T 202314	283
2434	14.00	YM202315	283
2435	14.91	AA202301	284
2436	14.08	AA202302	284
2437	13.76	AA202303	284
2438	15.27	AO202304	284
2439	13.12	AR202305	284
2440	14.57	BT202401	284
2441	14.20	BF202404	284
2442	16.77	BY202306	284
2443	14.86	DK202314	284
2444	12.83	NY202309	284
2445	0.00	NE202014	284
2446	13.87	OM202310	284
2447	13.36	TK202311	284
2448	6.76	TG202313	284
2449	0.00	TF202403	284
2450	13.56	T 202314	284
2451	14.94	YM202315	284
2452	15.50	AA202301	285
2453	16.50	AA202302	285
2454	15.00	AA202303	285
2455	15.50	AO202304	285
2456	12.00	AR202305	285
2457	18.50	BT202401	285
2458	17.50	BF202404	285
2459	12.00	BY202306	285
2460	18.50	DK202314	285
2461	13.00	NY202309	285
2462	0.00	NE202014	285
2463	17.00	OM202310	285
2464	14.50	TK202311	285
2465	13.00	TG202313	285
2466	14.50	TF202403	285
2467	17.00	T 202314	285
2468	14.00	YM202315	285
2469	12.50	AA202301	286
2470	12.75	AA202302	286
2471	11.50	AA202303	286
2472	9.75	AO202304	286
2473	17.50	AR202305	286
2474	12.50	BT202401	286
2475	12.75	BF202404	286
2476	12.00	BY202306	286
2477	8.75	DK202314	286
2478	7.75	NY202309	286
2479	8.25	NE202014	286
2480	8.75	OM202310	286
2481	10.50	TK202311	286
2482	4.50	TG202313	286
2483	0.00	TF202403	286
2484	10.00	T 202314	286
2485	11.24	YM202315	286
2496	11.25	NE202014	287
2500	0.00	TF202403	287
2503	12.00	AA202301	288
2504	7.50	AA202302	288
2505	11.00	AA202303	288
2506	16.00	AO202304	288
2507	11.50	AR202305	288
2508	12.00	BT202401	288
2509	10.00	BF202404	288
2510	16.50	BY202306	288
2511	17.00	DK202314	288
2512	11.00	NY202309	288
2513	11.00	NE202014	288
2514	11.50	OM202310	288
2515	11.00	TK202311	288
2516	10.00	TG202313	288
2517	0.00	TF202403	288
2518	13.00	T 202314	288
2519	10.00	YM202315	288
2520	9.00	AA202301	289
2521	4.50	AA202302	289
2522	5.00	AA202303	289
2523	3.50	AO202304	289
2524	5.50	AR202305	289
2525	13.00	BT202401	289
2526	5.00	BF202404	289
2527	15.50	BY202306	289
2528	18.50	DK202314	289
2529	9.00	NY202309	289
2530	0.00	NE202014	289
2531	3.00	OM202310	289
2532	10.50	TK202311	289
2533	6.75	TG202313	289
2534	0.00	TF202403	289
2535	9.50	T 202314	289
2536	8.00	YM202315	289
2540	5.00	AA202301	290
2541	6.50	AA202302	290
2542	4.00	AA202303	290
2543	6.00	AO202304	290
2544	4.50	AR202305	290
2545	11.50	BT202401	290
2546	6.50	BF202404	290
2547	8.00	BY202306	290
2548	8.00	DK202314	290
2549	8.50	NY202309	290
2550	0.00	NE202014	290
2551	9.00	OM202310	290
2552	7.50	TK202311	290
2553	7.50	TG202313	290
2554	7.00	TF202403	290
2555	7.00	T 202314	290
2556	11.00	YM202315	290
2557	13.25	AA202301	291
2558	13.00	AA202302	291
2559	13.25	AA202303	291
2560	12.75	AO202304	291
2561	12.75	AR202305	291
2562	14.00	BT202401	291
2563	12.75	BF202404	291
2564	12.50	BY202306	291
2565	14.50	DK202314	291
2566	14.00	NY202309	291
2567	13.50	NE202014	291
2568	13.00	OM202310	291
2569	13.00	TK202311	291
2570	14.00	TG202313	291
2571	0.00	TF202403	291
2572	14.75	T 202314	291
2573	14.25	YM202315	291
2614	15.50	AT202405	296
2615	16.00	AM202201	296
2616	12.00	AM202202	296
2617	12.00	BK202204	296
2618	16.00	BF202205	296
2619	16.00	DA202113	296
2620	14.00	DF202117	296
2621	13.50	DR202206	296
2622	15.50	GN202207	296
2623	16.00	GD202208	296
2624	14.50	MY202209	296
2625	14.50	ME202210	296
2626	16.50	OI202211	296
2627	8.50	SS202212	296
2628	15.50	TE202114	296
2629	15.00	TW202213	296
2630	13.50	TT202215	296
2631	14.50	TF202108	296
2632	10.00	YZ202217	296
2633	17.00	AT202405	297
2634	11.50	AM202201	297
2635	13.50	AM202202	297
2636	8.00	BK202204	297
2637	13.50	BF202205	297
2638	9.50	DA202113	297
2639	15.75	DF202117	297
2640	13.50	DR202206	297
2641	11.75	GN202207	297
2642	15.75	GD202208	297
2643	13.75	MY202209	297
2644	12.50	ME202210	297
2645	13.00	OI202211	297
2646	9.00	SS202212	297
2647	16.50	TE202114	297
2648	9.50	TW202213	297
2649	13.00	TT202215	297
2650	8.00	TF202108	297
2651	6.50	YZ202217	297
2671	14.75	AT202405	299
2672	10.75	AM202201	299
2673	13.50	AM202202	299
2674	15.00	BK202204	299
2675	12.50	BF202205	299
2676	12.50	DA202113	299
2677	14.50	DF202117	299
2678	11.50	DR202206	299
2679	10.50	GN202207	299
2680	14.50	GD202208	299
2681	12.75	MY202209	299
2682	14.00	ME202210	299
2683	15.00	OI202211	299
2684	18.00	SS202212	299
2685	16.00	TE202114	299
2686	17.00	TW202213	299
2687	17.00	TT202215	299
2688	12.50	TF202108	299
2689	12.00	YZ202217	299
2690	12.50	AT202405	300
2691	11.50	AM202201	300
2692	9.00	AM202202	300
2693	12.50	BK202204	300
2694	10.00	BF202205	300
2695	11.50	DA202113	300
2696	11.00	DF202117	300
2697	10.50	DR202206	300
2698	9.50	GN202207	300
2699	9.00	GD202208	300
2700	8.50	MY202209	300
2701	9.50	ME202210	300
2702	12.00	OI202211	300
2703	14.50	SS202212	300
2704	12.00	TE202114	300
2705	11.50	TW202213	300
2706	8.50	TT202215	300
2707	12.00	TF202108	300
2708	10.50	YZ202217	300
2709	19.50	AT202405	301
2710	10.00	AM202201	301
2711	10.50	AM202202	301
2712	15.00	BK202204	301
2713	19.00	BF202205	301
2714	12.00	DA202113	301
2715	17.50	DF202117	301
2716	15.00	DR202206	301
2717	20.00	GN202207	301
2718	11.00	GD202208	301
2719	11.00	MY202209	301
2720	14.50	ME202210	301
2721	12.00	OI202211	301
2722	12.00	SS202212	301
2723	14.00	TE202114	301
2724	10.00	TW202213	301
2725	13.50	TT202215	301
2726	13.50	TF202108	301
2727	10.00	YZ202217	301
2728	19.00	AT202405	302
2729	18.00	AM202201	302
2730	17.00	AM202202	302
2731	17.00	BK202204	302
2732	19.00	BF202205	302
2733	17.00	DA202113	302
2734	15.00	DF202117	302
2735	17.00	DR202206	302
2736	18.00	GN202207	302
2737	16.00	GD202208	302
2738	18.00	MY202209	302
2739	18.00	ME202210	302
2740	20.00	OI202211	302
2741	16.00	SS202212	302
2742	19.00	TE202114	302
2743	16.00	TW202213	302
2744	18.00	TT202215	302
2745	18.00	TF202108	302
2746	18.00	YZ202217	302
2747	16.50	AT202405	303
2748	10.00	AM202201	303
2749	11.00	AM202202	303
2750	14.00	BK202204	303
2751	11.50	BF202205	303
2752	10.50	DA202113	303
2753	12.50	DF202117	303
2754	14.50	DR202206	303
2755	10.50	GN202207	303
2756	9.75	GD202208	303
2757	9.50	MY202209	303
2758	13.50	ME202210	303
2759	13.00	OI202211	303
2760	10.50	SS202212	303
2761	14.50	TE202114	303
2762	18.00	TW202213	303
2763	18.00	TT202215	303
2764	8.50	TF202108	303
2765	16.00	YZ202217	303
2766	14.30	AT202405	304
2767	12.80	AM202201	304
2768	13.40	AM202202	304
2769	12.40	BK202204	304
2770	15.20	BF202205	304
2771	11.80	DA202113	304
2772	11.40	DF202117	304
2773	11.70	DR202206	304
2774	15.20	GN202207	304
2775	13.20	GD202208	304
2776	13.70	MY202209	304
2777	16.80	ME202210	304
2778	12.30	OI202211	304
2779	15.30	SS202212	304
2780	13.60	TE202114	304
2781	16.00	TW202213	304
2782	16.20	TT202215	304
2783	15.00	TF202108	304
2784	16.20	YZ202217	304
2785	17.00	AT202405	305
2786	13.00	AM202201	305
2787	7.00	AM202202	305
2788	7.00	BK202204	305
2789	12.00	BF202205	305
2790	15.00	DA202113	305
2791	10.00	DF202117	305
2792	11.00	DR202206	305
2793	2.50	GN202207	305
2794	14.00	GD202208	305
2795	15.00	MY202209	305
2796	11.00	ME202210	305
2797	9.00	OI202211	305
2798	18.00	SS202212	305
2799	18.00	TE202114	305
2800	18.00	TW202213	305
2801	14.00	TT202215	305
2802	7.00	TF202108	305
2803	16.00	YZ202217	305
2804	18.00	AT202405	306
2805	16.00	AM202201	306
2806	19.00	AM202202	306
2807	16.00	BK202204	306
2808	19.00	BF202205	306
2809	19.00	DA202113	306
2810	14.00	DF202117	306
2811	18.00	DR202206	306
2812	19.00	GN202207	306
2813	18.00	GD202208	306
2814	18.00	MY202209	306
2815	13.00	ME202210	306
2816	19.00	OI202211	306
2817	18.00	SS202212	306
2818	16.00	TE202114	306
2819	19.00	TW202213	306
2820	18.00	TT202215	306
2821	13.00	TF202108	306
2822	17.00	YZ202217	306
2823	0.00	AT202405	307
2824	7.00	AM202201	307
2825	11.00	AM202202	307
2826	13.00	BK202204	307
2827	17.00	BF202205	307
2828	11.00	DA202113	307
2829	10.00	DF202117	307
2830	12.00	DR202206	307
2831	17.00	GN202207	307
2832	14.00	GD202208	307
2833	16.00	MY202209	307
2834	9.00	ME202210	307
2835	16.00	OI202211	307
2836	17.00	SS202212	307
2837	16.00	TE202114	307
2838	15.00	TW202213	307
2839	18.00	TT202215	307
2840	13.00	TF202108	307
2841	11.00	YZ202217	307
2842	15.00	AT202405	308
2843	12.25	AM202201	308
2844	12.75	AM202202	308
2845	16.25	BK202204	308
2846	18.00	BF202205	308
2847	17.25	DA202113	308
2848	12.50	DF202117	308
2849	16.00	DR202206	308
2850	17.50	GN202207	308
2851	16.75	GD202208	308
2852	18.25	MY202209	308
2853	15.00	ME202210	308
2854	18.25	OI202211	308
2855	15.75	SS202212	308
2856	8.25	TE202114	308
2857	18.00	TW202213	308
2858	17.75	TT202215	308
2859	13.00	TF202108	308
2860	9.75	YZ202217	308
2861	5.25	AT202405	309
2862	17.50	AM202201	309
2863	13.75	AM202202	309
2864	10.50	BK202204	309
2865	10.50	BF202205	309
2866	8.75	DA202113	309
2867	7.75	DF202117	309
2868	11.00	DR202206	309
2869	11.50	GN202207	309
2870	12.50	GD202208	309
2871	12.75	MY202209	309
2872	13.00	ME202210	309
2873	13.25	OI202211	309
2874	20.00	SS202212	309
2875	10.00	TE202114	309
2876	15.00	TW202213	309
2877	14.00	TT202215	309
2878	11.25	TF202108	309
2879	10.00	YZ202217	309
2899	18.00	AT202405	311
2900	16.00	AM202201	311
2901	18.00	AM202202	311
2902	10.00	BK202204	311
2903	11.00	BF202205	311
2904	15.00	DA202113	311
2905	14.00	DF202117	311
2906	14.00	DR202206	311
2907	7.00	GN202207	311
2908	10.00	GD202208	311
2909	18.00	MY202209	311
2910	8.00	ME202210	311
2911	17.00	OI202211	311
2912	15.00	SS202212	311
2913	16.00	TE202114	311
2914	12.00	TW202213	311
2915	19.00	TT202215	311
2916	16.00	TF202108	311
2917	17.00	YZ202217	311
2918	0.00	AT202405	312
2919	7.00	AM202201	312
2920	6.00	AM202202	312
2921	4.00	BK202204	312
2922	7.00	BF202205	312
2923	4.00	DA202113	312
2924	5.00	DF202117	312
2925	6.00	DR202206	312
2926	10.00	GN202207	312
2927	7.00	GD202208	312
2928	8.00	MY202209	312
2929	5.00	ME202210	312
2930	5.00	OI202211	312
2931	10.00	SS202212	312
2932	8.00	TE202114	312
2933	10.00	TW202213	312
2934	5.00	TT202215	312
2935	6.00	TF202108	312
2936	9.00	YZ202217	312
2937	12.50	AT202405	313
2938	4.00	AM202201	313
2939	8.00	AM202202	313
2940	12.00	BK202204	313
2941	14.00	BF202205	313
2942	2.00	DA202113	313
2943	9.00	DF202117	313
2944	9.00	DR202206	313
2945	7.00	GN202207	313
2946	7.00	GD202208	313
2947	14.75	MY202209	313
2948	6.50	ME202210	313
2949	6.00	OI202211	313
2950	11.00	SS202212	313
2951	6.50	TE202114	313
2952	9.50	TW202213	313
2953	14.25	TT202215	313
2954	9.00	TF202108	313
2955	15.25	YZ202217	313
2956	18.25	AT202405	314
2957	16.75	AM202201	314
2958	18.25	AM202202	314
2959	10.25	BK202204	314
2960	11.50	BF202205	314
2961	15.75	DA202113	314
2962	14.00	DF202117	314
2963	14.75	DR202206	314
2964	7.75	GN202207	314
2965	10.50	GD202208	314
2966	18.75	MY202209	314
2967	8.25	ME202210	314
2968	17.25	OI202211	314
2969	15.50	SS202212	314
2970	16.75	TE202114	314
2971	12.50	TW202213	314
2972	19.00	TT202215	314
2973	16.25	TF202108	314
2974	17.50	YZ202217	314
2975	0.00	AT202405	315
2976	7.50	AM202201	315
2977	6.50	AM202202	315
2978	4.00	BK202204	315
2979	7.00	BF202205	315
2980	4.50	DA202113	315
2981	5.00	DF202117	315
2982	6.75	DR202206	315
2983	10.00	GN202207	315
2984	7.50	GD202208	315
2985	8.00	MY202209	315
2986	5.50	ME202210	315
2987	5.00	OI202211	315
2988	10.00	SS202212	315
2989	8.50	TE202114	315
2990	10.00	TW202213	315
2991	5.50	TT202215	315
2992	6.50	TF202108	315
2993	9.50	YZ202217	315
2994	9.98	AT202405	316
2995	11.49	AM202201	316
2996	9.59	AM202202	316
2997	12.50	BK202204	316
2998	9.87	BF202205	316
2999	9.02	DA202113	316
3000	11.79	DF202117	316
3001	9.32	DR202206	316
3002	9.56	GN202207	316
3003	7.94	GD202208	316
3004	10.99	MY202209	316
3005	12.66	ME202210	316
3006	12.27	OI202211	316
3007	13.27	SS202212	316
3008	11.98	TE202114	316
3009	15.55	TW202213	316
3010	13.02	TT202215	316
3011	13.70	TF202108	316
3012	9.20	YZ202217	316
3013	10.00	AT202405	317
3014	3.00	AM202201	317
3015	6.00	AM202202	317
3016	14.00	BK202204	317
3017	8.00	BF202205	317
3018	1.00	DA202113	317
3019	7.00	DF202117	317
3020	3.00	DR202206	317
3021	1.00	GN202207	317
3022	10.00	GD202208	317
3023	4.00	MY202209	317
3024	13.00	ME202210	317
3025	12.00	OI202211	317
3026	2.00	SS202212	317
3027	8.00	TE202114	317
3028	11.00	TW202213	317
3029	12.00	TT202215	317
3030	4.00	TF202108	317
3031	7.00	YZ202217	317
3032	17.00	AT202405	318
3033	10.00	AM202201	318
3034	12.50	AM202202	318
3035	9.00	BK202204	318
3036	7.00	BF202205	318
3037	5.00	DA202113	318
3038	7.50	DF202117	318
3039	11.50	DR202206	318
3040	4.50	GN202207	318
3041	7.50	GD202208	318
3042	7.00	MY202209	318
3043	9.00	ME202210	318
3044	11.50	OI202211	318
3045	2.50	SS202212	318
3046	8.50	TE202114	318
3047	4.00	TW202213	318
3048	11.00	TT202215	318
3049	8.00	TF202108	318
3050	8.50	YZ202217	318
3051	12.50	AT202405	319
3052	5.50	AM202201	319
3053	18.00	AM202202	319
3054	8.00	BK202204	319
3055	12.00	BF202205	319
3056	16.00	DA202113	319
3057	7.00	DF202117	319
3058	7.00	DR202206	319
3059	6.50	GN202207	319
3060	15.50	GD202208	319
3061	18.00	MY202209	319
3062	10.00	ME202210	319
3063	13.00	OI202211	319
3064	14.50	SS202212	319
3065	13.50	TE202114	319
3066	14.00	TW202213	319
3067	18.00	TT202215	319
3068	4.50	TF202108	319
3069	15.50	YZ202217	319
3070	14.20	AT202405	320
3071	7.75	AM202201	320
3072	13.00	AM202202	320
3073	10.40	BK202204	320
3074	11.35	BF202205	320
3075	6.53	DA202113	320
3076	8.48	DF202117	320
3077	10.90	DR202206	320
3078	9.83	GN202207	320
3079	7.88	GD202208	320
3080	13.50	MY202209	320
3081	10.50	ME202210	320
3082	12.63	OI202211	320
3083	12.40	SS202212	320
3084	11.80	TE202114	320
3085	14.55	TW202213	320
3086	10.53	TT202215	320
3087	7.90	TF202108	320
3088	9.98	YZ202217	320
3089	14.08	AT202405	321
3090	13.15	AM202201	321
3091	16.35	AM202202	321
3092	11.13	BK202204	321
3093	11.33	BF202205	321
3094	11.28	DA202113	321
3095	11.13	DF202117	321
3096	13.68	DR202206	321
3097	13.75	GN202207	321
3098	12.93	GD202208	321
3099	14.85	MY202209	321
3100	15.21	ME202210	321
3101	11.60	OI202211	321
3102	14.20	SS202212	321
3103	13.55	TE202114	321
3104	14.93	TW202213	321
3105	13.15	TT202215	321
3106	9.08	TF202108	321
3107	12.70	YZ202217	321
3108	12.50	AT202405	322
3109	12.50	AM202201	322
3110	11.50	AM202202	322
3111	14.00	BK202204	322
3112	7.00	BF202205	322
3113	11.00	DA202113	322
3114	9.50	DF202117	322
3115	14.00	DR202206	322
3116	10.50	GN202207	322
3117	12.50	GD202208	322
3118	9.50	MY202209	322
3119	9.50	ME202210	322
3120	11.00	OI202211	322
3121	12.50	SS202212	322
3122	15.50	TE202114	322
3123	0.00	TW202213	322
3124	15.50	TT202215	322
3125	2.50	TF202108	322
3126	9.50	YZ202217	322
3127	14.50	AT202405	323
3128	5.50	AM202201	323
3129	3.50	AM202202	323
3130	10.00	BK202204	323
3131	9.00	BF202205	323
3132	6.00	DA202113	323
3133	11.00	DF202117	323
3134	10.00	DR202206	323
3135	9.00	GN202207	323
3136	8.50	GD202208	323
3137	8.50	MY202209	323
3138	8.00	ME202210	323
3139	8.00	OI202211	323
3140	7.00	SS202212	323
3141	10.50	TE202114	323
3142	10.50	TW202213	323
3143	9.50	TT202215	323
3144	9.50	TF202108	323
3145	6.50	YZ202217	323
3146	10.00	AT202405	324
3147	10.00	AM202201	324
3148	12.00	AM202202	324
3149	11.00	BK202204	324
3150	11.00	BF202205	324
3151	11.00	DA202113	324
3152	10.00	DF202117	324
3153	13.00	DR202206	324
3154	11.00	GN202207	324
3155	11.00	GD202208	324
3156	10.00	MY202209	324
3157	12.00	ME202210	324
3158	10.00	OI202211	324
3159	13.00	SS202212	324
3160	10.00	TE202114	324
3161	11.00	TW202213	324
3162	12.00	TT202215	324
3163	0.00	TF202108	324
3164	11.00	YZ202217	324
3165	10.30	AT202405	325
3166	6.80	AM202201	325
3167	8.50	AM202202	325
3168	10.10	BK202204	325
3169	12.50	BF202205	325
3170	9.10	DA202113	325
3171	6.20	DF202117	325
3172	10.40	DR202206	325
3173	8.40	GN202207	325
3174	7.60	GD202208	325
3175	7.70	MY202209	325
3176	8.70	ME202210	325
3177	11.30	OI202211	325
3178	10.60	SS202212	325
3179	8.20	TE202114	325
3180	12.80	TW202213	325
3181	9.40	TT202215	325
3182	6.00	TF202108	325
3183	7.15	YZ202217	325
3184	15.00	AT202405	326
3185	10.00	AM202201	326
3186	9.75	AM202202	326
3187	15.00	BK202204	326
3188	17.00	BF202205	326
3189	13.50	DA202113	326
3190	12.75	DF202117	326
3191	17.50	DR202206	326
3192	16.00	GN202207	326
3193	17.00	GD202208	326
3194	14.00	MY202209	326
3195	18.00	ME202210	326
3196	12.00	OI202211	326
3197	14.00	SS202212	326
3198	14.50	TE202114	326
3199	15.50	TW202213	326
3200	15.00	TT202215	326
3201	12.75	TF202108	326
3202	15.00	YZ202217	326
3203	10.00	AT202405	327
3204	12.00	AM202201	327
3205	13.00	AM202202	327
3206	12.00	BK202204	327
3207	14.00	BF202205	327
3208	12.00	DA202113	327
3209	10.00	DF202117	327
3210	9.00	DR202206	327
3211	12.00	GN202207	327
3212	15.00	GD202208	327
3213	14.00	MY202209	327
3214	11.00	ME202210	327
3215	17.00	OI202211	327
3216	16.00	SS202212	327
3217	11.00	TE202114	327
3218	18.00	TW202213	327
3219	17.00	TT202215	327
3220	9.00	TF202108	327
3221	14.00	YZ202217	327
3222	8.00	AT202405	328
3223	10.00	AM202201	328
3224	9.00	AM202202	328
3225	10.00	BK202204	328
3226	9.00	BF202205	328
3227	8.00	DA202113	328
3228	8.00	DF202117	328
3229	9.00	DR202206	328
3230	9.00	GN202207	328
3231	8.00	GD202208	328
3232	10.00	MY202209	328
3233	12.00	ME202210	328
3234	9.00	OI202211	328
3235	10.00	SS202212	328
3236	9.00	TE202114	328
3237	10.00	TW202213	328
3238	14.00	TT202215	328
3239	8.00	TF202108	328
3240	10.00	YZ202217	328
3241	10.00	AT202405	329
3242	10.00	AM202201	329
3243	14.00	AM202202	329
3244	14.00	BK202204	329
3245	14.00	BF202205	329
3246	8.00	DA202113	329
3247	10.00	DF202117	329
3248	15.00	DR202206	329
3249	12.00	GN202207	329
3250	8.00	GD202208	329
3251	10.00	MY202209	329
3252	16.00	ME202210	329
3253	12.00	OI202211	329
3254	10.00	SS202212	329
3255	8.00	TE202114	329
3256	16.00	TW202213	329
3257	18.00	TT202215	329
3258	8.00	TF202108	329
3259	12.00	YZ202217	329
3260	15.50	AT202405	330
3261	11.25	AM202201	330
3262	12.25	AM202202	330
3263	14.17	BK202204	330
3264	13.00	BF202205	330
3265	12.00	DA202113	330
3266	8.75	DF202117	330
3267	0.00	DR202206	330
3268	15.25	GN202207	330
3269	10.75	GD202208	330
3270	10.08	MY202209	330
3271	12.67	ME202210	330
3272	15.25	OI202211	330
3273	12.25	SS202212	330
3274	10.25	TE202114	330
3275	15.75	TW202213	330
3276	12.25	TT202215	330
3277	8.25	TF202108	330
3278	14.50	YZ202217	330
3279	12.00	AT202405	331
3280	11.50	AM202201	331
3281	12.00	AM202202	331
3282	12.00	BK202204	331
3283	13.00	BF202205	331
3284	13.00	DA202113	331
3285	13.00	DF202117	331
3286	13.00	DR202206	331
3287	12.00	GN202207	331
3288	12.00	GD202208	331
3289	12.00	MY202209	331
3290	12.00	ME202210	331
3291	12.00	OI202211	331
3292	13.00	SS202212	331
3293	13.00	TE202114	331
3294	12.00	TW202213	331
3295	13.00	TT202215	331
3296	12.00	TF202108	331
3297	12.00	YZ202217	331
3298	0.00	AT202405	332
3299	5.00	AM202201	332
3300	7.00	AM202202	332
3301	0.00	BK202204	332
3302	0.00	BF202205	332
3303	0.00	DA202113	332
3304	14.50	DF202117	332
3305	10.50	DR202206	332
3306	0.00	GN202207	332
3307	0.00	GD202208	332
3308	5.00	MY202209	332
3309	0.00	ME202210	332
3310	10.00	OI202211	332
3311	10.00	SS202212	332
3312	14.00	TE202114	332
3313	12.00	TW202213	332
3314	12.00	TT202215	332
3315	13.00	TF202108	332
3316	9.00	YZ202217	332
3317	14.00	AT202405	333
3318	15.00	AM202201	333
3319	12.00	AM202202	333
3320	12.00	BK202204	333
3321	14.00	BF202205	333
3322	0.00	DA202113	333
3323	12.00	DF202117	333
3324	17.00	DR202206	333
3325	15.00	GN202207	333
3326	12.00	GD202208	333
3327	12.00	MY202209	333
3328	12.00	ME202210	333
3329	12.00	OI202211	333
3330	12.00	SS202212	333
3331	14.00	TE202114	333
3332	17.00	TW202213	333
3333	17.00	TT202215	333
3334	17.00	TF202108	333
3335	17.00	YZ202217	333
3336	8.00	AT202405	334
3337	6.00	AM202201	334
3338	6.00	AM202202	334
3339	8.00	BK202204	334
3340	8.00	BF202205	334
3341	8.00	DA202113	334
3342	8.00	DF202117	334
3343	10.00	DR202206	334
3344	8.00	GN202207	334
3345	6.00	GD202208	334
3346	8.00	MY202209	334
3347	8.00	ME202210	334
3348	8.00	OI202211	334
3349	6.00	SS202212	334
3350	8.00	TE202114	334
3351	10.00	TW202213	334
3352	12.00	TT202215	334
3353	10.00	TF202108	334
3354	6.00	YZ202217	334
3355	0.00	PM202015	260
3356	0.00	PM202015	261
3357	0.00	PM202015	262
3358	0.00	PM202015	263
3359	0.00	PM202015	264
3360	0.00	PM202015	265
3361	0.00	PM202015	267
3362	0.00	PM202015	268
3363	0.00	PM202015	269
3364	0.00	PM202015	271
3365	0.00	PM202015	272
3366	0.00	PM202015	273
3367	0.00	PM202015	274
3368	0.00	PM202015	275
3369	18.00	AT202405	349
3370	16.50	AM202201	349
3371	19.50	AM202202	349
3372	16.00	BK202204	349
3373	19.00	BF202205	349
3374	19.50	DA202113	349
3375	14.50	DF202117	349
3376	18.50	DR202206	349
3377	19.00	GN202207	349
3378	18.00	GD202208	349
3379	18.00	MY202209	349
3380	13.00	ME202210	349
3381	19.00	OI202211	349
3382	18.50	SS202212	349
3383	16.00	TE202114	349
3384	19.00	TW202213	349
3385	18.50	TT202215	349
3386	13.50	TF202108	349
3387	17.50	YZ202217	349
3388	0.00	AT202405	350
3389	7.00	AM202201	350
3390	11.00	AM202202	350
3391	13.50	BK202204	350
3392	17.50	BF202205	350
3393	11.50	DA202113	350
3394	10.00	DF202117	350
3395	12.00	DR202206	350
3396	17.50	GN202207	350
3397	14.00	GD202208	350
3398	16.00	MY202209	350
3399	9.00	ME202210	350
3400	16.00	OI202211	350
3401	17.50	SS202212	350
3402	16.00	TE202114	350
3403	15.50	TW202213	350
3404	18.50	TT202215	350
3405	13.00	TF202108	350
3406	11.50	YZ202217	350
3407	0.00	PM202015	276
3408	0.00	PM202015	277
3409	0.00	PM202015	278
3410	0.00	PM202015	279
3411	0.00	PM202015	281
3412	0.00	PM202015	282
3413	0.00	PM202015	283
3414	0.00	PM202015	284
3415	0.00	PM202015	285
3416	0.00	PM202015	286
3417	0.00	PM202015	288
3418	0.00	PM202015	289
3419	0.00	PM202015	290
3420	0.00	PM202015	291
3421	13.00	DK202314	57
3422	12.00	NE202014	57
3423	10.50	PM202015	57
3424	14.00	AB202101	335
3425	17.00	BA201902	335
3426	14.50	EK202118	335
3427	10.50	KD202112	335
3428	16.50	KM202107	335
3429	17.00	LF202102	335
3430	17.00	OT202103	335
3431	12.50	OC202009	335
3432	15.50	SD202110	335
3433	0.00	TA202111	335
3434	12.00	TA202012	335
3435	12.50	ZI202106	335
3436	10.50	AB202101	336
3437	16.00	BA201902	336
3438	17.00	EK202118	336
3439	16.50	KD202112	336
3440	16.50	KM202107	336
3441	14.00	LF202102	336
3442	15.50	OT202103	336
3443	16.50	OC202009	336
3444	15.50	SD202110	336
3445	14.50	TA202111	336
3446	13.50	TA202012	336
3447	14.00	ZI202106	336
3448	14.00	AB202101	337
3449	16.00	BA201902	337
3450	18.00	EK202118	337
3451	17.00	KD202112	337
3452	18.50	KM202107	337
3453	15.50	LF202102	337
3454	20.00	OT202103	337
3455	19.50	OC202009	337
3456	18.00	SD202110	337
3457	15.00	TA202111	337
3458	14.00	TA202012	337
3459	17.50	ZI202106	337
3460	16.25	AB202101	338
3461	14.00	BA201902	338
3462	14.63	EK202118	338
3463	14.78	KD202112	338
3464	15.44	KM202107	338
3465	13.69	LF202102	338
3466	15.50	OT202103	338
3467	14.94	OC202009	338
3468	14.13	SD202110	338
3469	15.63	TA202111	338
3470	14.81	TA202012	338
3471	14.47	ZI202106	338
3472	14.75	AB202101	339
3473	11.50	BA201902	339
3474	13.75	EK202118	339
3475	8.75	KD202112	339
3476	15.00	KM202107	339
3477	7.50	LF202102	339
3478	14.00	OT202103	339
3479	14.50	OC202009	339
3480	13.50	SD202110	339
3481	14.00	TA202111	339
3482	10.00	TA202012	339
3483	12.00	ZI202106	339
3484	13.97	AB202101	340
3485	13.63	BA201902	340
3486	16.11	EK202118	340
3487	13.18	KD202112	340
3488	12.81	KM202107	340
3489	15.28	LF202102	340
3490	17.53	OT202103	340
3491	14.71	OC202009	340
3492	15.39	SD202110	340
3493	14.86	TA202111	340
3494	15.01	TA202012	340
3495	12.81	ZI202106	340
3496	15.00	AB202101	341
3497	11.00	BA201902	341
3498	13.00	EK202118	341
3499	9.00	KD202112	341
3500	8.00	KM202107	341
3501	10.00	LF202102	341
3502	14.00	OT202103	341
3503	11.00	OC202009	341
3504	8.00	SD202110	341
3505	11.00	TA202111	341
3506	9.00	TA202012	341
3507	8.00	ZI202106	341
3508	13.50	AB202101	342
3509	11.75	BA201902	342
3510	13.50	EK202118	342
3511	12.00	KD202112	342
3512	11.50	KM202107	342
3513	7.00	LF202102	342
3514	17.75	OT202103	342
3515	7.50	OC202009	342
3516	5.50	SD202110	342
3517	10.75	TA202111	342
3518	12.50	TA202012	342
3519	7.75	ZI202106	342
3520	15.00	AB202101	345
3521	10.00	BA201902	345
3522	14.00	EK202118	345
3523	7.00	KD202112	345
3524	14.50	KM202107	345
3525	13.00	LF202102	345
3526	18.00	OT202103	345
3527	13.00	OC202009	345
3528	12.00	SD202110	345
3529	16.00	TA202111	345
3530	14.00	TA202012	345
3531	13.00	ZI202106	345
3532	13.33	AB202101	344
3533	12.00	BA201902	344
3534	12.00	EK202118	344
3535	13.33	KD202112	344
3536	13.33	KM202107	344
3537	16.00	LF202102	344
3538	18.67	OT202103	344
3539	13.33	OC202009	344
3540	10.67	SD202110	344
3541	16.00	TA202111	344
3542	10.67	TA202012	344
3543	16.00	ZI202106	344
3544	13.75	AB202101	343
3545	16.00	BA201902	343
3546	16.50	EK202118	343
3547	14.50	KD202112	343
3548	15.00	KM202107	343
3549	15.75	LF202102	343
3550	18.00	OT202103	343
3551	19.00	OC202009	343
3552	14.75	SD202110	343
3553	17.50	TA202111	343
3554	16.50	TA202012	343
3555	17.75	ZI202106	343
3556	12.00	AB202101	346
3557	12.00	BA201902	346
3558	16.00	EK202118	346
3559	16.00	KD202112	346
3560	14.00	KM202107	346
3561	12.00	LF202102	346
3562	12.00	OT202103	346
3563	14.00	OC202009	346
3564	12.00	SD202110	346
3565	14.00	TA202111	346
3566	12.00	TA202012	346
3567	12.00	ZI202106	346
3568	12.00	AB202101	347
3569	12.00	BA201902	347
3570	12.00	EK202118	347
3571	12.00	KD202112	347
3572	12.00	KM202107	347
3573	12.00	LF202102	347
3574	12.00	OT202103	347
3575	12.00	OC202009	347
3576	12.00	SD202110	347
3577	12.00	TA202111	347
3578	12.00	TA202012	347
3579	12.00	ZI202106	347
3580	17.00	AB202101	348
3581	12.00	BA201902	348
3582	17.00	EK202118	348
3583	17.00	KD202112	348
3584	15.00	KM202107	348
3585	14.00	LF202102	348
3586	17.00	OT202103	348
3587	15.00	OC202009	348
3588	12.00	SD202110	348
3589	18.00	TA202111	348
3590	0.00	TA202012	348
3591	14.00	ZI202106	348
3606	0.00	AA202303	352
3607	12.00	NE202014	352
3608	0.00	OM202310	352
3609	0.00	PM202015	352
3610	0.00	TF202403	352
3611	12.00	AA202302	353
3612	11.00	AA202303	353
3613	10.50	BF202404	353
3614	12.00	NE202014	353
3615	10.00	OM202310	353
3616	0.00	PM202015	353
3617	0.00	TF202403	353
3618	12.00	AA202303	354
3619	16.00	NE202014	354
3620	9.00	PM202015	354
3621	0.00	TK202311	354
3622	0.00	TG202313	354
3623	0.00	TF202403	354
3624	10.00	T 202314	354
3625	15.00	NE202014	355
3626	0.00	PM202015	355
3627	0.00	TG202313	355
3628	0.00	TF202403	355
3633	12.00	AA202301	356
3634	13.00	AA202302	356
3635	12.00	AA202303	356
3636	14.50	AO202304	356
3637	12.00	AR202305	356
3638	0.00	BT202401	356
3639	15.00	BF202404	356
3640	0.00	BY202306	356
3641	0.00	DK202314	356
3642	13.50	NY202309	356
3643	14.00	NE202014	356
3644	12.50	OM202310	356
3645	0.00	PM202015	356
3646	12.00	TK202311	356
3647	0.00	TG202313	356
3648	0.00	TF202403	356
3649	13.50	T 202314	356
3650	0.00	YM202315	356
3651	0.00	AA202301	357
3652	0.00	AA202302	357
3653	0.00	AA202303	357
3654	0.00	AO202304	357
3655	0.00	AR202305	357
3656	0.00	BT202401	357
3657	0.00	BF202404	357
3658	0.00	BY202306	357
3659	0.00	DK202314	357
3660	0.00	NY202309	357
3661	8.50	NE202014	357
3662	0.00	OM202310	357
3663	0.00	PM202015	357
3664	0.00	TK202311	357
3665	0.00	TG202313	357
3666	0.00	TF202403	357
3667	0.00	T 202314	357
3668	0.00	YM202315	357
3669	0.00	AA202301	287
3670	0.00	AA202302	287
3671	0.00	AA202303	287
3672	0.00	AO202304	287
3673	0.00	AR202305	287
3674	0.00	BT202401	287
3675	0.00	BF202404	287
3676	0.00	BY202306	287
3677	0.00	DK202314	287
3678	0.00	NY202309	287
3679	0.00	OM202310	287
3680	0.00	PM202015	287
3681	0.00	TK202311	287
3682	0.00	TG202313	287
3683	0.00	T 202314	287
3684	0.00	YM202315	287
3685	0.00	AA202301	280
3686	0.00	AA202302	280
3687	0.00	AA202303	280
3688	0.00	AO202304	280
3689	0.00	BT202401	280
3690	0.00	BF202404	280
3691	0.00	BY202306	280
3692	0.00	DK202314	280
3693	0.00	NY202309	280
3694	0.00	OM202310	280
3695	0.00	PM202015	280
3696	0.00	TK202311	280
3697	0.00	TG202313	280
3698	0.00	YM202315	280
3699	0.00	AA202301	358
3700	13.00	AA202302	358
3701	0.00	AA202303	358
3702	14.00	AO202304	358
3703	13.00	AR202305	358
3704	0.00	BT202401	358
3705	0.00	BF202404	358
3706	0.00	BY202306	358
3707	0.00	DK202314	358
3708	0.00	NY202309	358
3709	13.00	NE202014	358
3710	0.00	OM202310	358
3711	0.00	PM202015	358
3712	0.00	TK202311	358
3713	0.00	TG202313	358
3714	0.00	TF202403	358
3715	0.00	T 202314	358
3716	0.00	YM202315	358
3717	10.00	AA202301	359
3718	11.00	AA202302	359
3719	10.00	AA202303	359
3720	10.00	AO202304	359
3721	10.50	AR202305	359
3722	0.00	BT202401	359
3723	12.00	BF202404	359
3724	13.50	BY202306	359
3725	0.00	DK202314	359
3726	11.00	NY202309	359
3727	15.50	NE202014	359
3728	7.50	OM202310	359
3729	10.00	PM202015	359
3730	12.00	TK202311	359
3731	0.00	TG202313	359
3732	0.00	TF202403	359
3733	6.25	T 202314	359
3734	0.00	YM202315	359
3735	0.00	AA202301	360
3736	13.00	AA202302	360
3737	0.00	AA202303	360
3738	11.00	AO202304	360
3739	14.00	AR202305	360
3740	0.00	BT202401	360
3741	0.00	BF202404	360
3742	0.00	BY202306	360
3743	0.00	DK202314	360
3744	0.00	NY202309	360
3745	11.00	NE202014	360
3746	0.00	OM202310	360
3747	0.00	PM202015	360
3748	0.00	TK202311	360
3749	0.00	TG202313	360
3750	0.00	TF202403	360
3751	11.00	T 202314	360
3752	0.00	YM202315	360
3753	17.00	AA202301	361
3754	16.50	AA202302	361
3755	18.50	AA202303	361
3756	15.00	AO202304	361
3757	17.00	AR202305	361
3758	0.00	BT202401	361
3759	14.50	BF202404	361
3760	18.50	BY202306	361
3761	0.00	DK202314	361
3762	15.50	NY202309	361
3763	17.50	NE202014	361
3764	18.50	OM202310	361
3765	0.00	PM202015	361
3766	18.50	TK202311	361
3767	0.00	TG202313	361
3768	0.00	TF202403	361
3769	0.00	T 202314	361
3770	0.00	YM202315	361
3771	0.00	AA202301	354
3772	0.00	AA202302	354
3773	0.00	AO202304	354
3774	0.00	AR202305	354
3775	0.00	BT202401	354
3776	0.00	BF202404	354
3777	0.00	BY202306	354
3778	0.00	DK202314	354
3779	0.00	NY202309	354
3780	0.00	OM202310	354
3781	0.00	YM202315	354
3782	0.00	AT202405	362
3783	11.00	AM202201	362
3784	10.00	AM202202	362
3785	10.00	BK202204	362
3786	14.00	BF202205	362
3787	10.00	DA202113	362
3788	13.00	DF202117	362
3789	0.00	DR202206	362
3790	10.00	GN202207	362
3791	12.00	GD202208	362
3792	13.00	MY202209	362
3793	11.00	ME202210	362
3794	11.00	OI202211	362
3795	11.00	SS202212	362
3796	0.00	TE202114	362
3797	0.00	TW202213	362
3798	0.00	TT202215	362
3799	0.00	TF202108	362
3800	12.00	YZ202217	362
3801	12.00	AT202405	363
3802	4.00	AM202201	363
3803	10.00	AM202202	363
3804	0.00	BK202204	363
3805	7.00	BF202205	363
3806	4.50	DA202113	363
3807	0.00	DF202117	363
3808	9.00	DR202206	363
3809	6.00	GN202207	363
3810	9.00	GD202208	363
3811	0.00	MY202209	363
3812	0.00	ME202210	363
3813	0.00	OI202211	363
3814	0.00	SS202212	363
3815	0.00	TE202114	363
3816	0.00	TW202213	363
3817	0.00	TT202215	363
3818	0.00	TF202108	363
3819	9.00	YZ202217	363
3820	10.50	AT202405	364
3821	5.00	AM202201	364
3822	4.50	AM202202	364
3823	8.50	BK202204	364
3824	0.00	BF202205	364
3825	10.00	DA202113	364
3826	0.00	DF202117	364
3827	0.00	DR202206	364
3828	7.00	GN202207	364
3829	3.00	GD202208	364
3830	0.00	MY202209	364
3831	7.00	ME202210	364
3832	6.00	OI202211	364
3833	0.00	SS202212	364
3834	0.00	TE202114	364
3835	0.00	TW202213	364
3836	0.00	TT202215	364
3837	2.00	TF202108	364
3838	0.00	YZ202217	364
3858	17.75	AT202405	366
3859	12.00	AM202201	366
3860	16.25	AM202202	366
3861	13.00	BK202204	366
3862	9.50	BF202205	366
3863	7.00	DA202113	366
3864	0.00	DF202117	366
3865	17.50	DR202206	366
3866	7.50	GN202207	366
3867	14.50	GD202208	366
3868	7.50	MY202209	366
3869	16.00	ME202210	366
3870	8.00	OI202211	366
3871	17.00	SS202212	366
3872	0.00	TE202114	366
3873	0.00	TW202213	366
3874	0.00	TT202215	366
3875	6.00	TF202108	366
3876	5.00	YZ202217	366
3877	0.00	AT202405	367
3878	7.60	AM202201	367
3879	0.00	AM202202	367
3880	0.00	BK202204	367
3881	0.00	BF202205	367
3882	10.20	DA202113	367
3883	11.00	DF202117	367
3884	0.00	DR202206	367
3885	0.00	GN202207	367
3886	9.90	GD202208	367
3887	12.60	MY202209	367
3888	0.00	ME202210	367
3889	0.00	OI202211	367
3890	0.00	SS202212	367
3891	0.00	TE202114	367
3892	0.00	TW202213	367
3893	0.00	TT202215	367
3894	8.10	TF202108	367
3895	0.00	YZ202217	367
3896	0.00	AT202405	368
3897	0.00	AM202201	368
3898	18.00	AM202202	368
3899	0.00	BK202204	368
3900	0.00	BF202205	368
3901	0.00	DA202113	368
3902	0.00	DF202117	368
3903	0.00	DR202206	368
3904	0.00	GN202207	368
3905	15.50	GD202208	368
3906	17.50	MY202209	368
3907	0.00	ME202210	368
3908	0.00	OI202211	368
3909	0.00	SS202212	368
3910	0.00	TE202114	368
3911	0.00	TW202213	368
3912	0.00	TT202215	368
3913	0.00	TF202108	368
3914	0.00	YZ202217	368
3915	0.00	AT202405	369
3916	12.50	AM202201	369
3917	0.00	AM202202	369
3918	0.00	BK202204	369
3919	15.50	BF202205	369
3920	9.50	DA202113	369
3921	14.00	DF202117	369
3922	13.50	DR202206	369
3923	9.50	GN202207	369
3924	0.00	GD202208	369
3925	16.50	MY202209	369
3926	0.00	ME202210	369
3927	0.00	OI202211	369
3928	10.00	SS202212	369
3929	14.50	TE202114	369
3930	0.00	TW202213	369
3931	0.00	TT202215	369
3932	13.00	TF202108	369
3933	12.50	YZ202217	369
3934	0.00	AT202405	370
3935	6.00	AM202201	370
3936	0.00	AM202202	370
3937	0.00	BK202204	370
3938	0.00	BF202205	370
3939	14.00	DA202113	370
3940	9.00	DF202117	370
3941	0.00	DR202206	370
3942	11.00	GN202207	370
3943	15.00	GD202208	370
3944	10.00	MY202209	370
3945	0.00	ME202210	370
3946	0.00	OI202211	370
3947	13.00	SS202212	370
3948	9.00	TE202114	370
3949	0.00	TW202213	370
3950	0.00	TT202215	370
3951	9.00	TF202108	370
3952	0.00	YZ202217	370
3953	0.00	AT202405	371
3954	9.20	AM202201	371
3955	0.00	AM202202	371
3956	11.30	BK202204	371
3957	12.70	BF202205	371
3958	7.70	DA202113	371
3959	9.80	DF202117	371
3960	0.00	DR202206	371
3961	10.30	GN202207	371
3962	10.00	GD202208	371
3963	0.00	MY202209	371
3964	12.00	ME202210	371
3965	11.96	OI202211	371
3966	0.00	SS202212	371
3967	0.00	TE202114	371
3968	0.00	TW202213	371
3969	0.00	TT202215	371
3970	10.90	TF202108	371
3971	8.00	YZ202217	371
3972	0.00	AT202405	372
3973	13.00	AM202201	372
3974	15.00	AM202202	372
3975	0.00	BK202204	372
3976	0.00	BF202205	372
3977	13.00	DA202113	372
3978	0.00	DF202117	372
3979	0.00	DR202206	372
3980	0.00	GN202207	372
3981	13.00	GD202208	372
3982	0.00	MY202209	372
3983	0.00	ME202210	372
3984	0.00	OI202211	372
3985	0.00	SS202212	372
3986	0.00	TE202114	372
3987	0.00	TW202213	372
3988	0.00	TT202215	372
3989	14.00	TF202108	372
3990	0.00	YZ202217	372
3991	0.00	AA202301	373
3992	0.00	AA202302	373
3993	12.00	AA202303	373
3994	0.00	AO202304	373
3995	0.00	AR202305	373
3996	0.00	BT202401	373
3997	0.00	BF202404	373
3998	0.00	BY202306	373
3999	0.00	DK202314	373
4000	0.00	NY202309	373
4001	16.00	NE202014	373
4002	0.00	OM202310	373
4003	0.00	PM202015	373
4004	0.00	TK202311	373
4005	0.00	TG202313	373
4006	0.00	TF202403	373
4007	10.00	T 202314	373
4008	0.00	YM202315	373
4009	0.00	AT202405	374
4010	14.00	AM202201	374
4011	12.50	AM202202	374
4012	0.00	BK202204	374
4013	0.00	BF202205	374
4014	16.00	DA202113	374
4015	17.50	DF202117	374
4016	0.00	DR202206	374
4017	0.00	GN202207	374
4018	0.00	GD202208	374
4019	12.50	MY202209	374
4020	0.00	ME202210	374
4021	12.50	OI202211	374
4022	0.00	SS202212	374
4023	0.00	TE202114	374
4024	0.00	TW202213	374
4025	0.00	TT202215	374
4026	17.00	TF202108	374
4027	12.25	YZ202217	374
4028	16.00	AA202301	375
4029	13.75	AA202302	375
4030	11.50	AA202303	375
4031	13.50	AO202304	375
4032	14.75	AR202305	375
4033	13.50	BT202401	375
4034	12.25	BF202404	375
4035	14.50	BY202306	375
4036	14.50	DK202314	375
4037	13.75	NY202309	375
4038	14.00	NE202014	375
4039	11.25	OM202310	375
4040	11.75	TK202311	375
4041	0.00	TG202313	375
4042	0.00	TF202403	375
4043	9.25	T 202314	375
4044	17.00	YM202315	375
4045	18.00	AA202301	376
4046	12.00	AA202302	376
4047	7.00	AA202303	376
4048	11.00	AO202304	376
4049	15.50	AR202305	376
4050	12.50	BT202401	376
4051	12.00	BF202404	376
4052	18.00	BY202306	376
4053	10.50	DK202314	376
4054	14.00	NY202309	376
4055	12.50	NE202014	376
4056	12.00	OM202310	376
4057	14.50	TK202311	376
4058	0.00	TG202313	376
4059	0.00	TF202403	376
4060	9.00	T 202314	376
4061	17.00	YM202315	376
4062	13.00	AA202301	377
4063	9.50	AA202302	377
4064	8.00	AA202303	377
4065	0.00	AO202304	377
4066	9.50	AR202305	377
4067	9.50	BT202401	377
4068	8.50	BF202404	377
4069	9.50	BY202306	377
4070	9.50	DK202314	377
4071	9.50	NY202309	377
4072	9.50	NE202014	377
4073	8.50	OM202310	377
4074	7.50	TK202311	377
4075	0.00	TG202313	377
4076	0.00	TF202403	377
4077	8.50	T 202314	377
4078	14.50	YM202315	377
4079	12.00	AA202301	378
4080	9.00	AA202302	378
4081	13.00	AA202303	378
4082	11.50	AO202304	378
4083	12.00	AR202305	378
4084	12.00	BT202401	378
4085	12.00	BF202404	378
4086	9.00	BY202306	378
4087	11.00	DK202314	378
4088	10.00	NY202309	378
4089	15.00	NE202014	378
4090	13.00	OM202310	378
4091	10.00	TK202311	378
4092	0.00	TG202313	378
4093	0.00	TF202403	378
4094	12.00	T 202314	378
4095	11.50	YM202315	378
4096	6.00	AA202301	379
4097	10.00	AA202302	379
4098	6.00	AA202303	379
4099	12.50	AO202304	379
4100	5.00	AR202305	379
4101	15.00	BT202401	379
4102	0.00	BF202404	379
4103	10.50	BY202306	379
4104	15.50	DK202314	379
4105	10.00	NY202309	379
4106	4.50	NE202014	379
4107	8.00	OM202310	379
4108	9.00	TK202311	379
4109	0.00	TG202313	379
4110	0.00	TF202403	379
4111	11.00	T 202314	379
4112	9.00	YM202315	379
4113	8.50	AA202301	380
4114	8.00	AA202302	380
4115	8.25	AA202303	380
4116	0.00	AO202304	380
4117	9.00	AR202305	380
4118	9.00	BT202401	380
4119	10.50	BF202404	380
4120	10.50	BY202306	380
4121	11.50	DK202314	380
4122	0.00	NY202309	380
4123	13.50	NE202014	380
4124	8.50	OM202310	380
4125	10.00	TK202311	380
4126	0.00	TG202313	380
4127	0.00	TF202403	380
4128	8.00	T 202314	380
4129	0.00	YM202315	380
4130	0.00	AB202101	381
4131	0.00	BA201902	381
4132	0.00	EK202118	381
4133	9.50	KD202112	381
4134	0.00	KM202107	381
4135	7.50	LF202102	381
4136	0.00	OT202103	381
4137	0.00	OC202009	381
4138	0.00	SD202110	381
4139	0.00	TA202111	381
4140	0.00	TA202012	381
4141	0.00	ZI202106	381
4142	0.00	AB202101	382
4143	6.00	BA201902	382
4144	0.00	EK202118	382
4145	12.00	KD202112	382
4146	0.00	KM202107	382
4147	0.00	LF202102	382
4148	0.00	OT202103	382
4149	0.00	OC202009	382
4150	12.00	SD202110	382
4151	0.00	TA202111	382
4152	0.00	TA202012	382
4153	0.00	ZI202106	382
4154	9.50	AA202301	383
4155	15.00	AA202302	383
4156	11.00	AA202303	383
4157	5.00	AO202304	383
4158	11.00	AR202305	383
4159	5.00	BT202401	383
4160	7.00	BF202404	383
4161	20.00	BY202306	383
4162	10.00	DK202314	383
4163	15.50	NY202309	383
4164	11.50	NE202014	383
4165	5.50	OM202310	383
4166	12.00	TK202311	383
4167	0.00	TG202313	383
4168	0.00	TF202403	383
4169	9.50	T 202314	383
4170	10.00	YM202315	383
4171	13.00	AA202301	384
4172	20.00	AA202302	384
4173	13.50	AA202303	384
4174	19.00	AO202304	384
4175	10.50	AR202305	384
4176	16.00	BT202401	384
4177	18.50	BF202404	384
4178	11.00	BY202306	384
4179	20.00	DK202314	384
4180	1.00	NY202309	384
4181	5.00	NE202014	384
4182	0.50	OM202310	384
4183	14.00	TK202311	384
4184	0.00	TG202313	384
4185	0.00	TF202403	384
4186	19.50	T 202314	384
4187	20.00	YM202315	384
4188	8.00	AA202301	385
4189	14.00	AA202302	385
4190	8.00	AA202303	385
4191	0.00	AO202304	385
4192	14.00	AR202305	385
4193	11.50	BT202401	385
4194	7.00	BF202404	385
4195	18.00	BY202306	385
4196	14.00	DK202314	385
4197	13.00	NY202309	385
4198	11.00	NE202014	385
4199	15.00	OM202310	385
4200	10.50	TK202311	385
4201	0.00	TG202313	385
4202	0.00	TF202403	385
4203	11.50	T 202314	385
4204	16.00	YM202315	385
4205	13.00	AT202405	386
4206	8.00	AM202201	386
4207	13.00	AM202202	386
4208	13.00	BK202204	386
4209	9.00	BF202205	386
4210	9.00	DA202113	386
4211	9.00	DF202117	386
4212	13.00	DR202206	386
4213	14.00	GN202207	386
4214	13.00	GD202208	386
4215	14.00	MY202209	386
4216	13.00	ME202210	386
4217	13.00	OI202211	386
4218	13.00	SS202212	386
4219	8.00	TE202114	386
4220	13.00	TW202213	386
4221	13.00	TT202215	386
4222	9.00	TF202108	386
4223	12.00	YZ202217	386
4224	12.00	AA202301	387
4225	11.00	AA202302	387
4226	8.00	AA202303	387
4227	8.00	AO202304	387
4228	12.00	AR202305	387
4229	11.00	BT202401	387
4230	13.00	BF202404	387
4231	10.00	BY202306	387
4232	15.00	DK202314	387
4233	10.00	NY202309	387
4234	14.00	NE202014	387
4235	6.00	OM202310	387
4236	10.00	TK202311	387
4237	0.00	TG202313	387
4238	0.00	TF202403	387
4239	5.00	T 202314	387
4240	11.00	YM202315	387
4241	7.00	AA202301	388
4242	12.50	AA202302	388
4243	11.00	AA202303	388
4244	7.50	AO202304	388
4245	11.50	AR202305	388
4246	12.00	BT202401	388
4247	9.50	BF202404	388
4248	14.00	BY202306	388
4249	17.50	DK202314	388
4250	11.00	NY202309	388
4251	15.50	NE202014	388
4252	12.50	OM202310	388
4253	13.00	TK202311	388
4254	0.00	TG202313	388
4255	0.00	TF202403	388
4256	10.00	T 202314	388
4257	13.00	YM202315	388
4258	12.00	AA202301	389
4259	10.00	AA202302	389
4260	9.00	AA202303	389
4261	12.00	AO202304	389
4262	11.00	AR202305	389
4263	16.00	BT202401	389
4264	12.00	BF202404	389
4265	13.00	BY202306	389
4266	16.00	DK202314	389
4267	16.00	NY202309	389
4268	16.00	NE202014	389
4269	10.00	OM202310	389
4270	11.00	TK202311	389
4271	0.00	TG202313	389
4272	0.00	TF202403	389
4273	11.00	T 202314	389
4274	12.00	YM202315	389
4275	10.00	AA202301	390
4276	13.00	AA202302	390
4277	11.00	AA202303	390
4278	0.00	AO202304	390
4279	16.00	AR202305	390
4280	12.00	BT202401	390
4281	10.00	BF202404	390
4282	13.00	BY202306	390
4283	16.00	DK202314	390
4284	13.00	NY202309	390
4285	17.00	NE202014	390
4286	14.00	OM202310	390
4287	11.00	TK202311	390
4288	0.00	TG202313	390
4289	0.00	TF202403	390
4290	12.00	T 202314	390
4291	14.00	YM202315	390
4292	10.00	AA202301	391
4293	12.50	AA202302	391
4294	8.00	AA202303	391
4295	15.50	AO202304	391
4296	11.00	AR202305	391
4297	15.00	BT202401	391
4298	12.50	BF202404	391
4299	14.00	BY202306	391
4300	17.00	DK202314	391
4301	12.50	NY202309	391
4302	14.00	NE202014	391
4303	13.00	OM202310	391
4304	11.00	TK202311	391
4305	0.00	TG202313	391
4306	0.00	TF202403	391
4307	15.50	T 202314	391
4308	15.00	YM202315	391
4309	17.50	AA202301	392
4310	9.50	AA202302	392
4311	11.50	AA202303	392
4312	16.50	AO202304	392
4313	14.50	AR202305	392
4314	15.00	BT202401	392
4315	17.50	BF202404	392
4316	13.50	BY202306	392
4317	14.50	DK202314	392
4318	15.50	NY202309	392
4319	16.50	NE202014	392
4320	3.50	OM202310	392
4321	11.50	TK202311	392
4322	0.00	TG202313	392
4323	0.00	TF202403	392
4324	7.50	T 202314	392
4325	13.50	YM202315	392
4326	15.75	AA202301	393
4327	14.75	AA202302	393
4328	13.75	AA202303	393
4329	0.00	AO202304	393
4330	7.50	AR202305	393
4331	16.00	BT202401	393
4332	9.50	BF202404	393
4333	16.75	BY202306	393
4334	16.25	DK202314	393
4335	15.50	NY202309	393
4336	15.75	NE202014	393
4337	13.00	OM202310	393
4338	6.00	TK202311	393
4339	0.00	TG202313	393
4340	0.00	TF202403	393
4341	3.75	T 202314	393
4342	15.50	YM202315	393
4343	10.00	AA202301	394
4344	10.00	AA202302	394
4345	9.00	AA202303	394
4346	11.50	AO202304	394
4347	9.00	AR202305	394
4348	16.00	BT202401	394
4349	9.50	BF202404	394
4350	14.50	BY202306	394
4351	13.50	DK202314	394
4352	14.00	NY202309	394
4353	10.00	NE202014	394
4354	9.50	OM202310	394
4355	10.50	TK202311	394
4356	0.00	TG202313	394
4357	0.00	TF202403	394
4358	15.00	T 202314	394
4359	15.00	YM202315	394
4360	16.00	AA202301	395
4361	15.00	AA202302	395
4362	14.50	AA202303	395
4363	0.00	AO202304	395
4364	16.00	AR202305	395
4365	13.50	BT202401	395
4366	14.50	BF202404	395
4367	15.50	BY202306	395
4368	13.00	DK202314	395
4369	14.50	NY202309	395
4370	17.00	NE202014	395
4371	14.00	OM202310	395
4372	16.00	TK202311	395
4373	0.00	TG202313	395
4374	0.00	TF202403	395
4375	13.00	T 202314	395
4376	16.00	YM202315	395
4377	14.00	AT202405	396
4378	10.00	AM202201	396
4379	12.00	AM202202	396
4380	10.00	BK202204	396
4381	10.00	BF202205	396
4382	10.00	DA202113	396
4383	9.00	DF202117	396
4384	12.00	DR202206	396
4385	10.00	GN202207	396
4386	10.00	GD202208	396
4387	12.00	MY202209	396
4388	14.00	ME202210	396
4389	12.00	OI202211	396
4390	12.00	SS202212	396
4391	12.00	TE202114	396
4392	12.00	TW202213	396
4393	12.00	TT202215	396
4394	9.00	TF202108	396
4395	12.00	YZ202217	396
4396	10.50	AT202405	397
4397	9.00	AM202201	397
4398	12.00	AM202202	397
4399	11.50	BK202204	397
4400	11.00	BF202205	397
4401	10.00	DA202113	397
4402	8.30	DF202117	397
4403	14.50	DR202206	397
4404	7.50	GN202207	397
4405	15.00	GD202208	397
4406	15.00	MY202209	397
4407	7.50	ME202210	397
4408	10.50	OI202211	397
4409	5.00	SS202212	397
4410	12.00	TE202114	397
4411	16.50	TW202213	397
4412	13.50	TT202215	397
4413	8.00	TF202108	397
4414	9.50	YZ202217	397
4415	8.00	AT202405	398
4416	6.00	AM202201	398
4417	6.00	AM202202	398
4418	8.50	BK202204	398
4419	10.50	BF202205	398
4420	10.00	DA202113	398
4421	12.00	DF202117	398
4422	9.50	DR202206	398
4423	0.00	GN202207	398
4424	7.50	GD202208	398
4425	10.50	MY202209	398
4426	11.50	ME202210	398
4427	10.00	OI202211	398
4428	4.00	SS202212	398
4429	13.50	TE202114	398
4430	16.00	TW202213	398
4431	11.50	TT202215	398
4432	12.50	TF202108	398
4433	12.50	YZ202217	398
4434	14.00	AT202405	399
4435	6.50	AM202201	399
4436	2.50	AM202202	399
4437	12.00	BK202204	399
4438	7.50	BF202205	399
4439	4.00	DA202113	399
4440	0.00	DF202117	399
4441	0.00	DR202206	399
4442	5.50	GN202207	399
4443	12.00	GD202208	399
4444	7.50	MY202209	399
4445	2.50	ME202210	399
4446	4.50	OI202211	399
4447	0.00	SS202212	399
4448	10.00	TE202114	399
4449	13.00	TW202213	399
4450	0.00	TT202215	399
4451	0.00	TF202108	399
4452	0.00	YZ202217	399
4453	13.50	AT202405	400
4454	10.50	AM202201	400
4455	9.00	AM202202	400
4456	12.50	BK202204	400
4457	13.00	BF202205	400
4458	9.50	DA202113	400
4459	12.00	DF202117	400
4460	18.00	DR202206	400
4461	14.48	GN202207	400
4462	16.50	GD202208	400
4463	11.50	MY202209	400
4464	16.50	ME202210	400
4465	10.50	OI202211	400
4466	16.00	SS202212	400
4467	15.00	TE202114	400
4468	17.75	TW202213	400
4469	13.00	TT202215	400
4470	8.00	TF202108	400
4471	13.00	YZ202217	400
4472	8.50	AT202405	401
4473	7.50	AM202201	401
4474	7.00	AM202202	401
4475	8.00	BK202204	401
4476	12.00	BF202205	401
4477	12.50	DA202113	401
4478	10.50	DF202117	401
4479	9.50	DR202206	401
4480	13.00	GN202207	401
4481	9.00	GD202208	401
4482	10.50	MY202209	401
4483	8.50	ME202210	401
4484	11.50	OI202211	401
4485	12.00	SS202212	401
4486	8.50	TE202114	401
4487	11.00	TW202213	401
4488	9.50	TT202215	401
4489	7.00	TF202108	401
4490	12.00	YZ202217	401
4491	20.00	AT202405	402
4492	14.00	AM202201	402
4493	16.00	AM202202	402
4494	10.00	BK202204	402
4495	16.00	BF202205	402
4496	10.00	DA202113	402
4497	12.00	DF202117	402
4498	18.00	DR202206	402
4499	12.00	GN202207	402
4500	8.00	GD202208	402
4501	0.00	MY202209	402
4502	18.00	ME202210	402
4503	8.00	OI202211	402
4504	16.00	SS202212	402
4505	18.00	TE202114	402
4506	16.00	TW202213	402
4507	12.00	TT202215	402
4508	12.00	TF202108	402
4509	12.00	YZ202217	402
4510	19.00	AT202405	403
4511	13.00	AM202201	403
4512	9.00	AM202202	403
4513	12.00	BK202204	403
4514	13.00	BF202205	403
4515	15.00	DA202113	403
4516	17.00	DF202117	403
4517	14.00	DR202206	403
4518	10.00	GN202207	403
4519	16.00	GD202208	403
4520	11.00	MY202209	403
4521	11.00	ME202210	403
4522	16.00	OI202211	403
4523	14.00	SS202212	403
4524	15.00	TE202114	403
4525	11.00	TW202213	403
4526	18.00	TT202215	403
4527	13.50	TF202108	403
4528	2.00	YZ202217	403
4529	11.00	AT202405	404
4530	9.00	AM202201	404
4531	11.50	AM202202	404
4532	10.50	BK202204	404
4533	9.50	BF202205	404
4534	13.50	DA202113	404
4535	9.50	DF202117	404
4536	11.00	DR202206	404
4537	7.50	GN202207	404
4538	9.00	GD202208	404
4539	9.00	MY202209	404
4540	10.00	ME202210	404
4541	9.00	OI202211	404
4542	10.00	SS202212	404
4543	9.00	TE202114	404
4544	12.00	TW202213	404
4545	5.50	TT202215	404
4546	12.50	TF202108	404
4547	9.00	YZ202217	404
4548	16.00	AT202405	405
4549	16.00	AM202201	405
4550	18.00	AM202202	405
4551	17.00	BK202204	405
4552	14.00	BF202205	405
4553	13.00	DA202113	405
4554	13.00	DF202117	405
4555	14.00	DR202206	405
4556	14.00	GN202207	405
4557	14.00	GD202208	405
4558	14.00	MY202209	405
4559	9.00	ME202210	405
4560	17.00	OI202211	405
4561	17.00	SS202212	405
4562	12.00	TE202114	405
4563	17.00	TW202213	405
4564	17.00	TT202215	405
4565	13.00	TF202108	405
4566	14.00	YZ202217	405
4567	11.50	AA202301	406
4568	8.00	AA202302	406
4569	4.50	AA202303	406
4570	0.00	AO202304	406
4571	11.00	AR202305	406
4572	14.00	BT202401	406
4573	14.00	BF202404	406
4574	15.00	BY202306	406
4575	11.00	DK202314	406
4576	13.00	NY202309	406
4577	13.50	NE202014	406
4578	7.00	OM202310	406
4579	12.50	TK202311	406
4580	0.00	TG202313	406
4581	0.00	TF202403	406
4582	11.50	T 202314	406
4583	14.50	YM202315	406
4584	14.50	AA202301	407
4585	12.75	AA202302	407
4586	12.75	AA202303	407
4587	0.00	AO202304	407
4588	11.75	AR202305	407
4589	14.00	BT202401	407
4590	14.00	BF202404	407
4591	11.50	BY202306	407
4592	16.00	DK202314	407
4593	14.00	NY202309	407
4594	20.00	NE202014	407
4595	14.00	OM202310	407
4596	10.00	TK202311	407
4597	0.00	TG202313	407
4598	0.00	TF202403	407
4599	11.50	T 202314	407
4600	14.50	YM202315	407
4601	11.38	AA202301	408
4602	11.75	AA202302	408
4603	9.50	AA202303	408
4604	8.75	AO202304	408
4605	10.00	AR202305	408
4606	13.88	BT202401	408
4607	8.75	BF202404	408
4608	14.00	BY202306	408
4609	13.50	DK202314	408
4610	10.50	NY202309	408
4611	12.63	NE202014	408
4612	8.50	OM202310	408
4613	10.88	TK202311	408
4614	0.00	TG202313	408
4615	0.00	TF202403	408
4616	8.63	T 202314	408
4617	12.75	YM202315	408
4618	13.00	AT202405	409
4619	14.50	AM202201	409
4620	13.00	AM202202	409
4621	16.50	BK202204	409
4622	13.50	BF202205	409
4623	16.00	DA202113	409
4624	16.50	DF202117	409
4625	13.50	DR202206	409
4626	13.00	GN202207	409
4627	13.00	GD202208	409
4628	14.50	MY202209	409
4629	13.50	ME202210	409
4630	11.50	OI202211	409
4631	16.00	SS202212	409
4632	18.00	TE202114	409
4633	15.00	TW202213	409
4634	0.00	TT202215	409
4635	16.50	TF202108	409
4636	16.00	YZ202217	409
4637	11.75	AA202301	410
4638	12.50	AA202302	410
4639	11.50	AA202303	410
4640	0.00	AO202304	410
4641	12.00	AR202305	410
4642	18.75	BT202401	410
4643	12.00	BF202404	410
4644	15.25	BY202306	410
4645	16.00	DK202314	410
4646	0.00	NY202309	410
4647	10.50	NE202014	410
4648	9.00	OM202310	410
4649	9.50	TK202311	410
4650	0.00	TG202313	410
4651	0.00	TF202403	410
4652	4.00	T 202314	410
4653	0.00	YM202315	410
4654	9.75	AA202301	411
4655	8.75	AA202302	411
4656	6.25	AA202303	411
4657	5.50	AO202304	411
4658	12.75	AR202305	411
4659	16.75	BT202401	411
4660	5.00	BF202404	411
4661	5.50	BY202306	411
4662	16.75	DK202314	411
4663	16.50	NY202309	411
4664	11.75	NE202014	411
4665	4.25	OM202310	411
4666	4.00	TK202311	411
4667	0.00	TG202313	411
4668	0.00	TF202403	411
4669	13.50	T 202314	411
4670	14.25	YM202315	411
4671	10.00	AT202405	412
4672	8.00	AM202201	412
4673	10.00	AM202202	412
4674	10.00	BK202204	412
4675	8.00	BF202205	412
4676	10.00	DA202113	412
4677	10.00	DF202117	412
4678	10.00	DR202206	412
4679	10.00	GN202207	412
4680	12.00	GD202208	412
4681	10.00	MY202209	412
4682	8.00	ME202210	412
4683	8.00	OI202211	412
4684	12.00	SS202212	412
4685	7.00	TE202114	412
4686	10.00	TW202213	412
4687	11.00	TT202215	412
4688	8.00	TF202108	412
4689	8.00	YZ202217	412
4690	12.00	AT202405	413
4691	9.50	AM202201	413
4692	12.50	AM202202	413
4693	12.50	BK202204	413
4694	14.00	BF202205	413
4695	12.00	DA202113	413
4696	12.00	DF202117	413
4697	13.00	DR202206	413
4698	16.50	GN202207	413
4699	18.00	GD202208	413
4700	13.00	MY202209	413
4701	12.00	ME202210	413
4702	12.00	OI202211	413
4703	18.00	SS202212	413
4704	12.00	TE202114	413
4705	18.00	TW202213	413
4706	16.00	TT202215	413
4707	12.00	TF202108	413
4708	13.00	YZ202217	413
4709	15.65	AT202405	414
4710	9.25	AM202201	414
4711	10.10	AM202202	414
4712	12.40	BK202204	414
4713	11.20	BF202205	414
4714	7.95	DA202113	414
4715	10.70	DF202117	414
4716	15.30	DR202206	414
4717	13.60	GN202207	414
4718	13.70	GD202208	414
4719	8.00	MY202209	414
4720	15.25	ME202210	414
4721	10.15	OI202211	414
4722	10.90	SS202212	414
4723	10.00	TE202114	414
4724	16.35	TW202213	414
4725	16.05	TT202215	414
4726	6.55	TF202108	414
4727	14.00	YZ202217	414
4728	20.00	AB202101	415
4729	17.00	BA201902	415
4730	15.00	EK202118	415
4731	13.00	KD202112	415
4732	18.00	KM202107	415
4733	14.00	LF202102	415
4734	16.00	OT202103	415
4735	19.00	OC202009	415
4736	15.00	SD202110	415
4737	17.00	TA202111	415
4738	16.00	TA202012	415
4739	13.00	ZI202106	415
4740	14.00	AT202405	416
4741	17.00	AM202201	416
4742	12.00	AM202202	416
4743	12.00	BK202204	416
4744	14.00	BF202205	416
4745	17.00	DA202113	416
4746	13.00	DF202117	416
4747	13.00	DR202206	416
4748	12.00	GN202207	416
4749	12.00	GD202208	416
4750	14.00	MY202209	416
4751	12.00	ME202210	416
4752	14.00	OI202211	416
4753	17.00	SS202212	416
4754	12.00	TE202114	416
4755	17.00	TW202213	416
4756	12.00	TT202215	416
4757	13.00	TF202108	416
4758	12.00	YZ202217	416
4759	5.00	AT202405	417
4760	3.00	AM202201	417
4761	10.00	AM202202	417
4762	9.00	BK202204	417
4763	10.00	BF202205	417
4764	11.00	DA202113	417
4765	13.00	DF202117	417
4766	13.00	DR202206	417
4767	7.00	GN202207	417
4768	7.00	GD202208	417
4769	10.00	MY202209	417
4770	15.00	ME202210	417
4771	15.00	OI202211	417
4772	7.00	SS202212	417
4773	14.00	TE202114	417
4774	12.50	TW202213	417
4775	14.50	TT202215	417
4776	8.00	TF202108	417
4777	11.00	YZ202217	417
4778	14.00	AB202101	418
4779	16.00	BA201902	418
4780	16.00	EK202118	418
4781	18.00	KD202112	418
4782	18.00	KM202107	418
4783	17.00	LF202102	418
4784	17.00	OT202103	418
4785	17.00	OC202009	418
4786	18.00	SD202110	418
4787	17.00	TA202111	418
4788	17.00	TA202012	418
4789	16.00	ZI202106	418
4790	12.00	AB202101	419
4791	9.00	BA201902	419
4792	12.00	EK202118	419
4793	10.00	KD202112	419
4794	12.00	KM202107	419
4795	13.00	LF202102	419
4796	12.00	OT202103	419
4797	8.00	OC202009	419
4798	15.00	SD202110	419
4799	7.00	TA202111	419
4800	13.00	TA202012	419
4801	14.00	ZI202106	419
4802	16.20	AT202405	420
4803	13.25	AM202201	420
4804	14.05	AM202202	420
4805	14.20	BK202204	420
4806	15.20	BF202205	420
4807	14.55	DA202113	420
4808	11.00	DF202117	420
4809	12.50	DR202206	420
4810	13.80	GN202207	420
4811	14.75	GD202208	420
4812	13.95	MY202209	420
4813	13.80	ME202210	420
4814	15.00	OI202211	420
4815	14.70	SS202212	420
4816	15.20	TE202114	420
4817	12.40	TW202213	420
4818	13.00	TT202215	420
4819	13.70	TF202108	420
4820	12.40	YZ202217	420
4821	17.50	AT202405	421
4822	10.50	AM202201	421
4823	19.00	AM202202	421
4824	10.00	BK202204	421
4825	17.00	BF202205	421
4826	10.75	DA202113	421
4827	11.50	DF202117	421
4828	11.75	DR202206	421
4829	12.75	GN202207	421
4830	15.50	GD202208	421
4831	16.00	MY202209	421
4832	17.00	ME202210	421
4833	16.00	OI202211	421
4834	9.00	SS202212	421
4835	13.00	TE202114	421
4836	11.00	TW202213	421
4837	14.25	TT202215	421
4838	12.25	TF202108	421
4839	9.50	YZ202217	421
4840	13.25	AA202301	422
4841	9.00	AA202302	422
4842	9.50	AA202303	422
4843	0.00	AO202304	422
4844	12.25	AR202305	422
4845	14.00	BT202401	422
4846	16.25	BF202404	422
4847	13.50	BY202306	422
4848	15.00	DK202314	422
4849	14.75	NY202309	422
4850	6.25	NE202014	422
4851	14.00	OM202310	422
4852	12.50	TK202311	422
4853	0.00	TG202313	422
4854	0.00	TF202403	422
4855	11.00	T 202314	422
4856	13.50	YM202315	422
4857	12.75	AT202405	423
4858	9.77	AM202201	423
4859	9.95	AM202202	423
4860	9.95	BK202204	423
4861	10.40	BF202205	423
4862	6.90	DA202113	423
4863	11.90	DF202117	423
4864	7.25	DR202206	423
4865	10.78	GN202207	423
4866	7.82	GD202208	423
4867	9.65	MY202209	423
4868	8.48	ME202210	423
4869	7.22	OI202211	423
4870	10.28	SS202212	423
4871	11.85	TE202114	423
4872	8.90	TW202213	423
4873	12.70	TT202215	423
4874	15.35	TF202108	423
4875	9.32	YZ202217	423
4895	14.00	AT202405	425
4896	9.00	AM202201	425
4897	12.00	AM202202	425
4898	11.00	BK202204	425
4899	14.00	BF202205	425
4900	12.50	DA202113	425
4901	17.00	DF202117	425
4902	13.50	DR202206	425
4903	14.00	GN202207	425
4904	12.50	GD202208	425
4905	12.50	MY202209	425
4906	9.00	ME202210	425
4907	14.50	OI202211	425
4908	10.50	SS202212	425
4909	16.00	TE202114	425
4910	11.50	TW202213	425
4911	11.50	TT202215	425
4912	12.00	TF202108	425
4913	11.00	YZ202217	425
4914	17.76	AT202405	426
4915	9.32	AM202201	426
4916	12.66	AM202202	426
4917	14.44	BK202204	426
4918	14.28	BF202205	426
4919	10.44	DA202113	426
4920	11.44	DF202117	426
4921	14.14	DR202206	426
4922	13.88	GN202207	426
4923	6.20	GD202208	426
4924	13.12	MY202209	426
4925	14.56	ME202210	426
4926	13.76	OI202211	426
4927	15.62	SS202212	426
4928	17.04	TE202114	426
4929	15.24	TW202213	426
4930	15.68	TT202215	426
4931	13.82	TF202108	426
4932	13.48	YZ202217	426
4933	13.50	AT202405	427
4934	11.50	AM202201	427
4935	13.00	AM202202	427
4936	11.75	BK202204	427
4937	10.00	BF202205	427
4938	12.50	DA202113	427
4939	17.00	DF202117	427
4940	14.50	DR202206	427
4941	13.50	GN202207	427
4942	0.00	GD202208	427
4943	11.00	MY202209	427
4944	14.00	ME202210	427
4945	15.50	OI202211	427
4946	14.00	SS202212	427
4947	18.00	TE202114	427
4948	12.75	TW202213	427
4949	13.50	TT202215	427
4950	14.00	TF202108	427
4951	10.00	YZ202217	427
4952	16.44	AT202405	428
4953	13.08	AM202201	428
4954	12.99	AM202202	428
4955	14.06	BK202204	428
4956	14.08	BF202205	428
4957	13.64	DA202113	428
4958	14.14	DF202117	428
4959	14.58	DR202206	428
4960	10.60	GN202207	428
4961	13.02	GD202208	428
4962	13.22	MY202209	428
4963	12.63	ME202210	428
4964	13.26	OI202211	428
4965	13.16	SS202212	428
4966	14.52	TE202114	428
4967	16.74	TW202213	428
4968	13.07	TT202215	428
4969	14.02	TF202108	428
4970	11.74	YZ202217	428
4971	12.74	AT202405	429
4972	15.74	AM202201	429
4973	12.59	AM202202	429
4974	14.91	BK202204	429
4975	12.59	BF202205	429
4976	13.39	DA202113	429
4977	15.31	DF202117	429
4978	16.07	DR202206	429
4979	12.25	GN202207	429
4980	6.55	GD202208	429
4981	14.24	MY202209	429
4982	17.18	ME202210	429
4983	14.16	OI202211	429
4984	14.75	SS202212	429
4985	17.43	TE202114	429
4986	18.23	TW202213	429
4987	16.90	TT202215	429
4988	11.08	TF202108	429
4989	10.00	YZ202217	429
4990	7.00	AA202301	430
4991	9.00	AA202302	430
4992	5.00	AA202303	430
4993	10.00	AO202304	430
4994	9.00	AR202305	430
4995	15.50	BT202401	430
4996	8.50	BF202404	430
4997	14.00	BY202306	430
4998	7.00	DK202314	430
4999	3.50	NY202309	430
5000	8.00	NE202014	430
5001	10.50	OM202310	430
5002	9.00	TK202311	430
5003	0.00	TG202313	430
5004	0.00	TF202403	430
5005	2.50	T 202314	430
5006	0.50	YM202315	430
5007	3.50	AA202301	431
5008	4.50	AA202302	431
5009	4.00	AA202303	431
5010	0.00	AO202304	431
5011	6.00	AR202305	431
5012	12.00	BT202401	431
5013	4.50	BF202404	431
5014	8.50	BY202306	431
5015	9.00	DK202314	431
5016	2.50	NY202309	431
5017	4.50	NE202014	431
5018	2.00	OM202310	431
5019	7.00	TK202311	431
5020	0.00	TG202313	431
5021	0.00	TF202403	431
5022	1.50	T 202314	431
5023	3.50	YM202315	431
5024	14.00	AA202301	432
5025	13.50	AA202302	432
5026	12.50	AA202303	432
5027	0.00	AO202304	432
5028	15.50	AR202305	432
5029	13.50	BT202401	432
5030	12.50	BF202404	432
5031	14.50	BY202306	432
5032	14.50	DK202314	432
5033	12.50	NY202309	432
5034	14.00	NE202014	432
5035	12.50	OM202310	432
5036	14.00	TK202311	432
5037	0.00	TG202313	432
5038	0.00	TF202403	432
5039	13.50	T 202314	432
5040	12.00	YM202315	432
5041	13.50	AA202301	433
5042	7.50	AA202302	433
5043	13.50	AA202303	433
5044	0.00	AO202304	433
5045	12.00	AR202305	433
5046	13.00	BT202401	433
5047	12.00	BF202404	433
5048	11.50	BY202306	433
5049	14.00	DK202314	433
5050	11.50	NY202309	433
5051	14.50	NE202014	433
5052	8.50	OM202310	433
5053	10.50	TK202311	433
5054	0.00	TG202313	433
5055	0.00	TF202403	433
5056	11.50	T 202314	433
5057	13.00	YM202315	433
5058	0.00	AT202405	434
5059	13.00	AM202201	434
5060	14.50	AM202202	434
5061	12.00	BK202204	434
5062	19.00	BF202205	434
5063	13.00	DA202113	434
5064	14.50	DF202117	434
5065	15.00	DR202206	434
5066	13.50	GN202207	434
5067	15.00	GD202208	434
5068	11.50	MY202209	434
5069	13.00	ME202210	434
5070	14.00	OI202211	434
5071	16.50	SS202212	434
5072	15.00	TE202114	434
5073	15.50	TW202213	434
5074	15.00	TT202215	434
5075	6.00	TF202108	434
5076	10.50	YZ202217	434
5077	0.00	AT202405	435
5078	6.00	AM202201	435
5079	4.00	AM202202	435
5080	8.00	BK202204	435
5081	6.00	BF202205	435
5082	8.50	DA202113	435
5083	9.00	DF202117	435
5084	9.00	DR202206	435
5085	7.50	GN202207	435
5086	15.00	GD202208	435
5087	7.50	MY202209	435
5088	6.00	ME202210	435
5089	9.50	OI202211	435
5090	10.00	SS202212	435
5091	8.50	TE202114	435
5092	16.00	TW202213	435
5093	9.00	TT202215	435
5094	12.50	TF202108	435
5095	10.00	YZ202217	435
5096	16.00	AT202405	436
5097	16.00	AM202201	436
5098	14.00	AM202202	436
5099	16.00	BK202204	436
5100	14.00	BF202205	436
5101	16.00	DA202113	436
5102	15.00	DF202117	436
5103	15.00	DR202206	436
5104	14.00	GN202207	436
5105	16.00	GD202208	436
5106	15.00	MY202209	436
5107	15.00	ME202210	436
5108	14.00	OI202211	436
5109	15.00	SS202212	436
5110	15.00	TE202114	436
5111	16.00	TW202213	436
5112	14.00	TT202215	436
5113	14.00	TF202108	436
5114	16.00	YZ202217	436
5115	0.00	AT202405	437
5116	7.00	AM202201	437
5117	11.00	AM202202	437
5118	13.50	BK202204	437
5119	17.50	BF202205	437
5120	11.50	DA202113	437
5121	10.00	DF202117	437
5122	12.00	DR202206	437
5123	17.50	GN202207	437
5124	14.00	GD202208	437
5125	16.00	MY202209	437
5126	9.00	ME202210	437
5127	16.00	OI202211	437
5128	17.50	SS202212	437
5129	16.00	TE202114	437
5130	15.50	TW202213	437
5131	18.50	TT202215	437
5132	13.00	TF202108	437
5133	11.50	YZ202217	437
5134	11.00	AA202301	438
5135	11.00	AA202302	438
5136	11.00	AA202303	438
5137	0.00	AO202304	438
5138	15.00	AR202305	438
5139	15.00	BT202401	438
5140	13.00	BF202404	438
5141	13.00	BY202306	438
5142	13.00	DK202314	438
5143	11.00	NY202309	438
5144	13.00	NE202014	438
5145	9.00	OM202310	438
5146	11.00	TK202311	438
5147	0.00	TG202313	438
5148	0.00	TF202403	438
5149	11.00	T 202314	438
5150	11.00	YM202315	438
5168	0.00	AA202301	440
5169	11.75	AA202302	440
5170	12.00	AA202303	440
5171	0.00	AO202304	440
5172	0.00	AR202305	440
5173	12.00	BT202401	440
5174	12.00	BF202404	440
5175	0.00	BY202306	440
5176	11.00	DK202314	440
5177	9.63	NY202309	440
5178	12.00	NE202014	440
5179	0.00	OM202310	440
5180	12.00	TK202311	440
5181	0.00	TG202313	440
5182	0.00	TF202403	440
5183	8.50	T 202314	440
5184	0.00	YM202315	440
5185	0.00	AA202301	441
5186	0.00	AA202302	441
5187	0.00	AA202303	441
5188	0.00	AO202304	441
5189	0.00	AR202305	441
5190	0.00	BT202401	441
5191	0.00	BF202404	441
5192	0.00	BY202306	441
5193	0.00	DK202314	441
5194	0.00	NY202309	441
5195	0.00	NE202014	441
5196	0.00	OM202310	441
5197	0.00	TK202311	441
5198	0.00	TG202313	441
5199	0.00	TF202403	441
5200	12.00	T 202314	441
5201	0.00	YM202315	441
5202	0.00	AA202301	442
5203	0.00	AA202302	442
5204	0.00	AA202303	442
5205	0.00	AO202304	442
5206	0.00	AR202305	442
5207	0.00	BT202401	442
5208	0.00	BF202404	442
5209	0.00	BY202306	442
5210	0.00	DK202314	442
5211	0.00	NY202309	442
5212	0.00	NE202014	442
5213	0.00	OM202310	442
5214	0.00	TK202311	442
5215	0.00	TG202313	442
5216	0.00	TF202403	442
5217	0.00	T 202314	442
5218	13.50	YM202315	442
5219	0.00	AA202301	443
5220	5.00	AA202302	443
5221	10.00	AA202303	443
5222	0.00	AO202304	443
5223	0.00	AR202305	443
5224	0.00	BT202401	443
5225	0.00	BF202404	443
5226	0.00	BY202306	443
5227	0.00	DK202314	443
5228	0.00	NY202309	443
5229	0.00	NE202014	443
5230	0.00	OM202310	443
5231	0.00	TK202311	443
5232	0.00	TG202313	443
5233	0.00	TF202403	443
5234	0.00	T 202314	443
5235	0.00	YM202315	443
5236	0.00	AA202301	444
5237	12.00	AA202302	444
5238	12.00	AA202303	444
5239	0.00	AO202304	444
5240	12.00	AR202305	444
5241	0.00	BT202401	444
5242	0.00	BF202404	444
5243	0.00	BY202306	444
5244	0.00	DK202314	444
5245	0.00	NY202309	444
5246	0.00	NE202014	444
5247	0.00	OM202310	444
5248	12.00	TK202311	444
5249	0.00	TG202313	444
5250	0.00	TF202403	444
5251	12.00	T 202314	444
5252	0.00	YM202315	444
5253	12.50	AT202405	445
5254	4.00	AM202201	445
5255	7.50	AM202202	445
5256	7.00	BK202204	445
5257	0.00	BF202205	445
5258	0.00	DA202113	445
5259	0.00	DF202117	445
5260	0.00	DR202206	445
5261	0.00	GN202207	445
5262	9.00	GD202208	445
5263	0.00	MY202209	445
5264	0.00	ME202210	445
5265	0.00	OI202211	445
5266	0.00	SS202212	445
5267	0.00	TE202114	445
5268	0.00	TW202213	445
5269	0.00	TT202215	445
5270	10.00	TF202108	445
5271	0.00	YZ202217	445
5272	0.00	AT202405	446
5273	6.50	AM202201	446
5274	0.00	AM202202	446
5275	0.00	BK202204	446
5276	0.00	BF202205	446
5277	0.00	DA202113	446
5278	0.00	DF202117	446
5279	0.00	DR202206	446
5280	0.00	GN202207	446
5281	0.00	GD202208	446
5282	0.00	MY202209	446
5283	0.00	ME202210	446
5284	0.00	OI202211	446
5285	0.00	SS202212	446
5286	0.00	TE202114	446
5287	0.00	TW202213	446
5288	0.00	TT202215	446
5289	0.00	TF202108	446
5290	0.00	YZ202217	446
5291	0.00	AT202405	447
5292	0.00	AM202201	447
5293	0.00	AM202202	447
5294	12.75	BK202204	447
5295	11.75	BF202205	447
5296	0.00	DA202113	447
5297	0.00	DF202117	447
5298	0.00	DR202206	447
5299	0.00	GN202207	447
5300	13.75	GD202208	447
5301	15.50	MY202209	447
5302	0.00	ME202210	447
5303	0.00	OI202211	447
5304	0.00	SS202212	447
5305	0.00	TE202114	447
5306	0.00	TW202213	447
5307	0.00	TT202215	447
5308	0.00	TF202108	447
5309	10.75	YZ202217	447
5310	0.00	AT202405	448
5311	0.00	AM202201	448
5312	0.00	AM202202	448
5313	0.00	BK202204	448
5314	0.00	BF202205	448
5315	0.00	DA202113	448
5316	0.00	DF202117	448
5317	0.00	DR202206	448
5318	0.00	GN202207	448
5319	11.50	GD202208	448
5320	12.25	MY202209	448
5321	12.00	ME202210	448
5322	0.00	OI202211	448
5323	0.00	SS202212	448
5324	0.00	TE202114	448
5325	0.00	TW202213	448
5326	0.00	TT202215	448
5327	0.00	TF202108	448
5328	0.00	YZ202217	448
5329	0.00	AT202405	449
5330	0.00	AM202201	449
5331	0.00	AM202202	449
5332	0.00	BK202204	449
5333	0.00	BF202205	449
5334	0.00	DA202113	449
5335	0.00	DF202117	449
5336	0.00	DR202206	449
5337	10.00	GN202207	449
5338	0.00	GD202208	449
5339	0.00	MY202209	449
5340	0.00	ME202210	449
5341	0.00	OI202211	449
5342	0.00	SS202212	449
5343	0.00	TE202114	449
5344	0.00	TW202213	449
5345	10.00	TT202215	449
5346	0.00	TF202108	449
5347	0.00	YZ202217	449
5348	15.00	AA202301	450
5349	12.00	AA202302	450
5350	13.00	AA202303	450
5351	0.00	AO202304	450
5352	14.50	AR202305	450
5353	15.00	BT202401	450
5354	15.00	BF202404	450
5355	15.50	BY202306	450
5356	0.00	DK202314	450
5357	12.50	NY202309	450
5358	15.50	NE202014	450
5359	0.00	OM202310	450
5360	13.00	TK202311	450
5361	0.00	TG202313	450
5362	0.00	TF202403	450
5363	12.00	T 202314	450
5364	15.00	YM202315	450
5365	0.00	AT202405	451
5366	12.00	AM202201	451
5367	0.00	AM202202	451
5368	12.00	BK202204	451
5369	12.00	BF202205	451
5370	12.00	DA202113	451
5371	12.00	DF202117	451
5372	0.00	DR202206	451
5373	12.00	GN202207	451
5374	12.00	GD202208	451
5375	0.00	MY202209	451
5376	0.00	ME202210	451
5377	0.00	OI202211	451
5378	0.00	SS202212	451
5379	12.00	TE202114	451
5380	0.00	TW202213	451
5381	0.00	TT202215	451
5382	12.00	TF202108	451
5383	0.00	YZ202217	451
5384	0.00	AA202301	452
5385	0.00	AA202302	452
5386	10.00	AA202303	452
5387	0.00	AO202304	452
5388	0.00	AR202305	452
5389	0.00	BT202401	452
5390	0.00	BF202404	452
5391	0.00	BY202306	452
5392	0.00	DK202314	452
5393	0.00	NY202309	452
5394	0.00	NE202014	452
5395	0.00	OM202310	452
5396	6.25	TK202311	452
5397	0.00	TG202313	452
5398	0.00	TF202403	452
5399	0.00	T 202314	452
5400	10.25	YM202315	452
5401	0.00	AT202405	453
5402	12.00	AM202201	453
5403	13.00	AM202202	453
5404	12.00	BK202204	453
5405	15.00	BF202205	453
5406	8.00	DA202113	453
5407	0.00	DF202117	453
5408	12.00	DR202206	453
5409	0.00	GN202207	453
5410	10.00	GD202208	453
5411	13.00	MY202209	453
5412	17.00	ME202210	453
5413	12.00	OI202211	453
5414	0.00	SS202212	453
5415	0.00	TE202114	453
5416	17.00	TW202213	453
5417	0.00	TT202215	453
5418	0.00	TF202108	453
5419	12.00	YZ202217	453
5420	0.00	AT202405	454
5421	7.40	AM202201	454
5422	13.75	AM202202	454
5423	0.00	BK202204	454
5424	14.70	BF202205	454
5425	7.16	DA202113	454
5426	8.11	DF202117	454
5427	10.21	DR202206	454
5428	10.64	GN202207	454
5429	0.00	GD202208	454
5430	17.61	MY202209	454
5431	13.94	ME202210	454
5432	18.38	OI202211	454
5433	12.00	SS202212	454
5434	12.93	TE202114	454
5435	0.00	TW202213	454
5436	13.65	TT202215	454
5437	8.30	TF202108	454
5438	12.74	YZ202217	454
5439	0.00	AT202405	455
5440	0.00	AM202201	455
5441	12.00	AM202202	455
5442	0.00	BK202204	455
5443	0.00	BF202205	455
5444	0.00	DA202113	455
5445	0.00	DF202117	455
5446	0.00	DR202206	455
5447	0.00	GN202207	455
5448	0.00	GD202208	455
5449	0.00	MY202209	455
5450	0.00	ME202210	455
5451	0.00	OI202211	455
5452	0.00	SS202212	455
5453	0.00	TE202114	455
5454	0.00	TW202213	455
5455	0.00	TT202215	455
5456	0.00	TF202108	455
5457	12.00	YZ202217	455
5458	0.00	AA202301	456
5459	0.00	AA202302	456
5460	0.00	AA202303	456
5461	0.00	AO202304	456
5462	0.00	AR202305	456
5463	0.00	BT202401	456
5464	0.00	BF202404	456
5465	0.00	BY202306	456
5466	0.00	DK202314	456
5467	12.00	NY202309	456
5468	0.00	NE202014	456
5469	0.00	OM202310	456
5470	12.00	TK202311	456
5471	0.00	TG202313	456
5472	0.00	TF202403	456
5473	0.00	T 202314	456
5474	13.00	YM202315	456
5475	16.00	AA202301	457
5476	12.00	AA202302	457
5477	0.00	AA202303	457
5478	0.00	AO202304	457
5479	0.00	AR202305	457
5480	16.00	BT202401	457
5481	12.00	BF202404	457
5482	14.00	BY202306	457
5483	13.00	DK202314	457
5484	0.00	NY202309	457
5485	12.00	NE202014	457
5486	0.00	OM202310	457
5487	12.00	TK202311	457
5488	0.00	TG202313	457
5489	0.00	TF202403	457
5490	0.00	T 202314	457
5491	13.00	YM202315	457
5511	12.00	AT202405	459
5512	8.00	AM202201	459
5513	12.00	AM202202	459
5514	16.00	BK202204	459
5515	14.00	BF202205	459
5516	8.00	DA202113	459
5517	13.00	DF202117	459
5518	15.00	DR202206	459
5519	10.00	GN202207	459
5520	14.00	GD202208	459
5521	12.00	MY202209	459
5522	15.00	ME202210	459
5523	13.00	OI202211	459
5524	14.00	SS202212	459
5525	12.00	TE202114	459
5526	16.00	TW202213	459
5527	14.00	TT202215	459
5528	13.00	TF202108	459
5529	12.00	YZ202217	459
5530	7.40	AB202101	460
5531	7.80	BA201902	460
5532	16.20	EK202118	460
5533	12.60	KD202112	460
5534	16.00	KM202107	460
5535	6.60	LF202102	460
5536	16.60	OT202103	460
5537	13.20	OC202009	460
5538	0.00	SD202110	460
5539	13.20	TA202111	460
5540	11.60	TA202012	460
5541	6.60	ZI202106	460
5542	13.00	AM202201	461
5543	13.00	AM202202	461
5544	13.00	BT202401	461
5545	15.00	BK202204	461
5546	17.00	BF202205	461
5547	15.00	DA202113	461
5548	14.00	DR202206	461
5549	17.00	GN202207	461
5550	15.00	GD202208	461
5551	18.00	MY202209	461
5552	18.50	ME202210	461
5553	15.50	OI202211	461
5554	14.00	SS202212	461
5555	16.00	TW202213	461
5556	14.00	TM202214	461
5557	18.00	TT202215	461
5558	16.00	YA202216	461
5559	15.00	YZ202217	461
5560	16.25	AM202201	462
5561	13.83	AM202202	462
5562	15.08	BT202401	462
5563	13.50	BK202204	462
5564	15.58	BF202205	462
5565	12.83	DA202113	462
5566	12.50	DR202206	462
5567	15.42	GN202207	462
5568	13.67	GD202208	462
5569	18.58	MY202209	462
5570	16.92	ME202210	462
5571	19.08	OI202211	462
5572	13.33	SS202212	462
5573	9.88	TW202213	462
5574	8.38	TM202214	462
5575	10.25	TT202215	462
5576	10.38	YA202216	462
5577	9.50	YZ202217	462
5578	11.00	AM202201	463
5579	11.13	AM202202	463
5580	11.88	BT202401	463
5581	12.00	BK202204	463
5582	9.25	BF202205	463
5583	12.88	DA202113	463
5584	10.00	DR202206	463
5585	9.88	GN202207	463
5586	10.88	GD202208	463
5587	12.13	MY202209	463
5588	10.25	ME202210	463
5589	11.38	OI202211	463
5590	9.38	SS202212	463
5591	9.88	TW202213	463
5592	8.38	TM202214	463
5593	10.25	TT202215	463
5594	10.38	YA202216	463
5595	9.50	YZ202217	463
5596	16.00	AM202201	464
5597	13.00	AM202202	464
5598	17.00	BT202401	464
5599	15.00	BK202204	464
5600	15.00	BF202205	464
5601	15.00	DA202113	464
5602	14.00	DR202206	464
5603	16.00	GN202207	464
5604	15.00	GD202208	464
5605	13.00	MY202209	464
5606	16.00	ME202210	464
5607	15.00	OI202211	464
5608	15.00	SS202212	464
5609	16.00	TW202213	464
5610	12.00	TM202214	464
5611	16.00	TT202215	464
5612	18.00	YA202216	464
5613	14.00	YZ202217	464
5614	10.42	AM202201	465
5615	13.00	AM202202	465
5616	14.92	BT202401	465
5617	12.42	BK202204	465
5618	13.08	BF202205	465
5619	14.92	DA202113	465
5620	13.17	DR202206	465
5621	13.58	GN202207	465
5622	16.00	GD202208	465
5623	12.42	MY202209	465
5624	13.67	ME202210	465
5625	12.83	OI202211	465
5626	13.08	SS202212	465
5627	13.08	TW202213	465
5628	5.50	TM202214	465
5629	13.42	TT202215	465
5630	6.50	YA202216	465
5631	11.25	YZ202217	465
5632	10.00	AM202201	466
5633	13.67	AM202202	466
5634	13.50	BT202401	466
5635	11.67	BK202204	466
5636	14.50	BF202205	466
5637	14.67	DA202113	466
5638	12.33	DR202206	466
5639	13.00	GN202207	466
5640	15.50	GD202208	466
5641	14.83	MY202209	466
5642	10.50	ME202210	466
5643	12.00	OI202211	466
5644	14.33	SS202212	466
5645	11.33	TW202213	466
5646	11.50	TM202214	466
5647	14.67	TT202215	466
5648	7.50	YA202216	466
5649	12.25	YZ202217	466
5650	12.58	AM202201	467
5651	9.92	AM202202	467
5652	15.83	BT202401	467
5653	14.08	BK202204	467
5654	12.67	BF202205	467
5655	17.17	DA202113	467
5656	12.75	DR202206	467
5657	13.50	GN202207	467
5658	16.50	GD202208	467
5659	14.00	MY202209	467
5660	16.67	ME202210	467
5661	10.58	OI202211	467
5662	10.83	SS202212	467
5663	11.33	TW202213	467
5664	13.67	TM202214	467
5665	15.92	TT202215	467
5666	12.67	YA202216	467
5667	14.00	YZ202217	467
5668	8.67	AM202201	468
5669	10.00	AM202202	468
5670	8.67	BT202401	468
5671	10.92	BK202204	468
5672	12.17	BF202205	468
5673	17.33	DA202113	468
5674	14.33	DR202206	468
5675	10.17	GN202207	468
5676	14.08	GD202208	468
5677	14.25	MY202209	468
5678	14.25	ME202210	468
5679	7.67	OI202211	468
5680	10.58	SS202212	468
5681	14.58	TW202213	468
5682	6.33	TM202214	468
5683	18.67	TT202215	468
5684	11.17	YA202216	468
5685	9.25	YZ202217	468
5686	10.00	AM202201	469
5687	11.00	AM202202	469
5688	12.13	BT202401	469
5689	15.50	BK202204	469
5690	17.00	BF202205	469
5691	15.63	DA202113	469
5692	15.94	DR202206	469
5693	16.38	GN202207	469
5694	11.06	GD202208	469
5695	15.63	MY202209	469
5696	13.13	ME202210	469
5697	13.19	OI202211	469
5698	12.69	SS202212	469
5699	13.38	TW202213	469
5700	9.00	TM202214	469
5701	17.88	TT202215	469
5702	10.13	YA202216	469
5703	10.50	YZ202217	469
5704	14.88	AM202201	470
5705	12.88	AM202202	470
5706	15.00	BT202401	470
5707	12.50	BK202204	470
5708	15.38	BF202205	470
5709	15.25	DA202113	470
5710	16.00	DR202206	470
5711	12.25	GN202207	470
5712	12.50	GD202208	470
5713	16.00	MY202209	470
5714	10.88	ME202210	470
5715	14.75	OI202211	470
5716	18.25	SS202212	470
5717	16.00	TW202213	470
5718	13.00	TM202214	470
5719	14.88	TT202215	470
5720	10.63	YA202216	470
5721	13.00	YZ202217	470
5722	13.75	AM202201	471
5723	12.50	AM202202	471
5724	13.75	BT202401	471
5725	14.50	BK202204	471
5726	15.25	BF202205	471
5727	14.50	DA202113	471
5728	15.25	DR202206	471
5729	9.75	GN202207	471
5730	11.00	GD202208	471
5731	14.25	MY202209	471
5732	11.75	ME202210	471
5733	15.50	OI202211	471
5734	17.75	SS202212	471
5735	14.00	TW202213	471
5736	12.75	TM202214	471
5737	18.25	TT202215	471
5738	6.75	YA202216	471
5739	14.75	YZ202217	471
5740	8.75	AM202201	472
5741	10.20	AM202202	472
5742	10.13	BT202401	472
5743	8.23	BK202204	472
5744	10.93	BF202205	472
5745	11.23	DA202113	472
5746	13.95	DR202206	472
5747	12.23	GN202207	472
5748	11.08	GD202208	472
5749	11.00	MY202209	472
5750	11.33	ME202210	472
5751	9.95	OI202211	472
5752	14.13	SS202212	472
5753	14.90	TW202213	472
5754	4.38	TM202214	472
5755	13.80	TT202215	472
5756	8.58	YA202216	472
5757	9.60	YZ202217	472
5758	10.23	AM202201	473
5759	12.13	AM202202	473
5760	11.36	BT202401	473
5761	13.13	BK202204	473
5762	14.82	BF202205	473
5763	12.40	DA202113	473
5764	14.20	DR202206	473
5765	13.74	GN202207	473
5766	11.35	GD202208	473
5767	12.68	MY202209	473
5768	11.63	ME202210	473
5769	12.36	OI202211	473
5770	12.62	SS202212	473
5771	13.42	TW202213	473
5772	9.50	TM202214	473
5773	14.11	TT202215	473
5774	7.50	YA202216	473
5775	9.45	YZ202217	473
5776	11.61	AM202201	474
5777	12.33	AM202202	474
5778	10.03	BT202401	474
5779	13.56	BK202204	474
5780	14.93	BF202205	474
5781	14.10	DA202113	474
5782	13.04	DR202206	474
5783	12.88	GN202207	474
5784	11.31	GD202208	474
5785	12.14	MY202209	474
5786	13.58	ME202210	474
5787	10.00	OI202211	474
5788	13.82	SS202212	474
5789	13.68	TW202213	474
5790	8.00	TM202214	474
5791	13.26	TT202215	474
5792	5.57	YA202216	474
5793	14.31	YZ202217	474
5794	10.50	AM202201	475
5795	11.58	AM202202	475
5796	10.00	BT202401	475
5797	12.71	BK202204	475
5798	11.00	BF202205	475
5799	15.08	DA202113	475
5800	11.46	DR202206	475
5801	10.54	GN202207	475
5802	10.00	GD202208	475
5803	13.79	MY202209	475
5804	14.10	ME202210	475
5805	10.67	OI202211	475
5806	12.08	SS202212	475
5807	13.88	TW202213	475
5808	8.21	TM202214	475
5809	13.79	TT202215	475
5810	2.00	YA202216	475
5811	10.00	YZ202217	475
5812	10.00	AM202201	476
5813	13.00	AM202202	476
5814	12.00	BT202401	476
5815	16.75	BK202204	476
5816	12.00	BF202205	476
5817	13.00	DA202113	476
5818	10.75	DR202206	476
5819	8.75	GN202207	476
5820	14.75	GD202208	476
5821	15.50	MY202209	476
5822	11.00	ME202210	476
5823	16.75	OI202211	476
5824	7.75	SS202212	476
5825	10.75	TW202213	476
5826	7.00	TM202214	476
5827	11.00	TT202215	476
5828	10.00	YA202216	476
5829	14.50	YZ202217	476
5830	12.75	AM202201	477
5831	12.50	AM202202	477
5832	17.00	BT202401	477
5833	16.50	BK202204	477
5834	14.50	BF202205	477
5835	7.50	DA202113	477
5836	15.00	DR202206	477
5837	11.00	GN202207	477
5838	14.50	GD202208	477
5839	17.00	MY202209	477
5840	15.50	ME202210	477
5841	17.00	OI202211	477
5842	14.50	SS202212	477
5843	16.50	TW202213	477
5844	10.00	TM202214	477
5845	15.25	TT202215	477
5846	10.00	YA202216	477
5847	14.50	YZ202217	477
5848	16.13	AM202201	478
5849	9.38	AM202202	478
5850	17.50	BT202401	478
5851	10.00	BK202204	478
5852	14.25	BF202205	478
5853	15.63	DA202113	478
5854	13.00	DR202206	478
5855	14.75	GN202207	478
5856	16.25	GD202208	478
5857	14.13	MY202209	478
5858	14.50	ME202210	478
5859	17.75	OI202211	478
5860	15.75	SS202212	478
5861	14.63	TW202213	478
5862	4.75	TM202214	478
5863	13.00	TT202215	478
5864	13.00	YA202216	478
5865	13.75	YZ202217	478
5866	4.50	AM202201	479
5867	6.33	AM202202	479
5868	10.50	BT202401	479
5869	8.00	BK202204	479
5870	7.00	BF202205	479
5871	8.17	DA202113	479
5872	7.50	DR202206	479
5873	4.67	GN202207	479
5874	12.17	GD202208	479
5875	7.33	MY202209	479
5876	9.50	ME202210	479
5877	9.50	OI202211	479
5878	10.50	SS202212	479
5879	9.83	TW202213	479
5880	4.00	TM202214	479
5881	7.83	TT202215	479
5882	5.00	YA202216	479
5883	10.83	YZ202217	479
5884	8.25	AM202201	480
5885	8.83	AM202202	480
5886	6.58	BT202401	480
5887	8.00	BK202204	480
5888	9.75	BF202205	480
5889	8.92	DA202113	480
5890	6.83	DR202206	480
5891	5.67	GN202207	480
5892	7.00	GD202208	480
5893	9.75	MY202209	480
5894	8.08	ME202210	480
5895	9.83	OI202211	480
5896	17.17	SS202212	480
5897	8.83	TW202213	480
5898	8.33	TM202214	480
5899	13.33	TT202215	480
5900	2.00	YA202216	480
5901	9.83	YZ202217	480
5902	11.00	AM202201	481
5903	12.33	AM202202	481
5904	15.33	BT202401	481
5905	15.00	BK202204	481
5906	17.00	BF202205	481
5907	14.33	DA202113	481
5908	15.33	DR202206	481
5909	12.67	GN202207	481
5910	14.00	GD202208	481
5911	13.33	MY202209	481
5912	13.83	ME202210	481
5913	11.00	OI202211	481
5914	18.33	SS202212	481
5915	15.00	TW202213	481
5916	9.67	TM202214	481
5917	14.33	TT202215	481
5918	13.33	YA202216	481
5919	18.67	YZ202217	481
5920	10.00	AM202201	482
5921	11.00	AM202202	482
5922	10.00	BT202401	482
5923	11.50	BK202204	482
5924	8.50	BF202205	482
5925	8.00	DA202113	482
5926	12.00	DR202206	482
5927	10.50	GN202207	482
5928	6.00	GD202208	482
5929	10.00	MY202209	482
5930	10.00	ME202210	482
5931	10.00	OI202211	482
5932	11.00	SS202212	482
5933	10.50	TW202213	482
5934	10.00	TM202214	482
5935	17.00	TT202215	482
5936	10.00	YA202216	482
5937	10.00	YZ202217	482
5938	13.38	AM202201	483
5939	10.50	AM202202	483
5940	10.75	BT202401	483
5941	11.75	BK202204	483
5942	12.25	BF202205	483
5943	10.38	DA202113	483
5944	12.38	DR202206	483
5945	10.25	GN202207	483
5946	0.10	GD202208	483
5947	12.25	MY202209	483
5948	11.25	ME202210	483
5949	10.88	OI202211	483
5950	14.00	SS202212	483
5951	14.50	TW202213	483
5952	3.00	TM202214	483
5953	15.50	TT202215	483
5954	4.00	YA202216	483
5955	13.38	YZ202217	483
5956	10.00	AM202201	484
5957	10.00	AM202202	484
5958	9.83	BT202401	484
5959	10.00	BK202204	484
5960	10.92	BF202205	484
5961	10.00	DA202113	484
5962	10.67	DR202206	484
5963	10.00	GN202207	484
5964	13.25	GD202208	484
5965	12.50	MY202209	484
5966	12.25	ME202210	484
5967	11.08	OI202211	484
5968	10.58	SS202212	484
5969	11.75	TW202213	484
5970	1.00	TM202214	484
5971	12.67	TT202215	484
5972	2.13	YA202216	484
5973	10.00	YZ202217	484
5974	16.00	AM202201	485
5975	16.00	AM202202	485
5976	16.00	BT202401	485
5977	16.00	BK202204	485
5978	16.00	BF202205	485
5979	16.00	DA202113	485
5980	16.00	DR202206	485
5981	16.00	GN202207	485
5982	16.00	GD202208	485
5983	16.00	MY202209	485
5984	16.00	ME202210	485
5985	16.00	OI202211	485
5986	16.00	SS202212	485
5987	16.00	TW202213	485
5988	6.00	TM202214	485
5989	16.00	TT202215	485
5990	6.00	YA202216	485
5991	16.00	YZ202217	485
5992	15.00	AM202201	486
5993	15.00	AM202202	486
5994	15.00	BT202401	486
5995	15.00	BK202204	486
5996	15.00	BF202205	486
5997	15.00	DA202113	486
5998	15.00	DR202206	486
5999	15.00	GN202207	486
6000	15.00	GD202208	486
6001	15.00	MY202209	486
6002	15.00	ME202210	486
6003	15.00	OI202211	486
6004	15.00	SS202212	486
6005	15.00	TW202213	486
6006	6.00	TM202214	486
6007	15.00	TT202215	486
6008	6.00	YA202216	486
6009	15.00	YZ202217	486
6010	10.00	AM202201	487
6011	17.00	AM202202	487
6012	12.50	BT202401	487
6013	15.00	BK202204	487
6014	19.00	BF202205	487
6015	10.00	DA202113	487
6016	17.00	DR202206	487
6017	15.00	GN202207	487
6018	12.00	GD202208	487
6019	17.00	MY202209	487
6020	17.00	ME202210	487
6021	17.50	OI202211	487
6022	16.00	SS202212	487
6023	18.00	TW202213	487
6024	1.00	TM202214	487
6025	10.50	TT202215	487
6026	1.00	YA202216	487
6027	13.00	YZ202217	487
6028	10.00	AM202201	488
6029	12.00	AM202202	488
6030	11.63	BT202401	488
6031	13.06	BK202204	488
6032	12.38	BF202205	488
6033	14.00	DA202113	488
6034	14.38	DR202206	488
6035	10.19	GN202207	488
6036	10.00	GD202208	488
6037	12.75	MY202209	488
6038	13.92	ME202210	488
6039	12.31	OI202211	488
6040	13.81	SS202212	488
6041	14.00	TW202213	488
6042	8.00	TM202214	488
6043	15.81	TT202215	488
6044	8.50	YA202216	488
6045	10.00	YZ202217	488
6046	12.67	AT202405	489
6047	14.00	AB202101	489
6048	10.33	BF202404	489
6049	11.50	DA202113	489
6050	11.17	DF202117	489
6051	17.33	EK202118	489
6052	9.50	KD202112	489
6053	15.83	KM202107	489
6054	9.50	LF202102	489
6055	0.83	NE202014	489
6056	16.33	OT202103	489
6057	15.17	OC202009	489
6058	10.00	PM202015	489
6059	15.50	SE202114	489
6061	13.33	SD202110	489
6062	15.83	TE202114	489
6063	14.00	TA202111	489
6064	14.83	TS202117	489
6065	13.33	TA202012	489
6066	11.00	TF202403	489
6067	13.17	TF202108	489
6068	13.83	YM202115	489
6069	9.67	ZI202106	489
6070	9.50	AT202405	490
6071	12.00	AB202101	490
6072	11.00	BF202404	490
6073	12.50	DA202113	490
6074	10.00	DF202117	490
6075	14.00	EK202118	490
6076	14.00	KD202112	490
6077	15.50	KM202107	490
6078	15.50	LF202102	490
6079	1.00	NE202014	490
6080	17.00	OT202103	490
6081	10.00	OC202009	490
6082	11.00	PM202015	490
6083	12.50	SE202114	490
6085	9.50	SD202110	490
6086	14.00	TE202114	490
6087	7.00	TA202111	490
6088	15.00	TS202117	490
6089	15.50	TA202012	490
6090	10.00	TF202403	490
6091	14.00	TF202108	490
6092	14.00	YM202115	490
6093	11.50	ZI202106	490
6094	10.13	AT202405	491
6095	14.00	AB202101	491
6096	10.00	BF202404	491
6097	7.88	DA202113	491
6098	10.00	DF202117	491
6099	12.63	EK202118	491
6100	14.00	KD202112	491
6101	3.00	KM202107	491
6102	14.25	LF202102	491
6103	15.63	NE202014	491
6104	10.00	OT202103	491
6105	9.88	OC202009	491
6106	11.75	PM202015	491
6107	12.25	SE202114	491
6109	11.75	SD202110	491
6110	12.25	TE202114	491
6111	12.38	TA202111	491
6112	8.00	TS202117	491
6113	13.88	TA202012	491
6114	10.00	TF202403	491
6115	7.25	TF202108	491
6116	10.00	YM202115	491
6117	11.50	ZI202106	491
6118	10.00	AT202405	492
6119	14.50	AB202101	492
6120	11.50	BF202404	492
6121	14.00	DA202113	492
6122	10.50	DF202117	492
6123	10.75	EK202118	492
6124	11.75	KD202112	492
6125	11.00	KM202107	492
6126	11.00	LF202102	492
6127	14.00	NE202014	492
6128	8.00	OT202103	492
6129	11.00	OC202009	492
6130	10.00	PM202015	492
6131	10.00	SE202114	492
6133	12.00	SD202110	492
6134	12.25	TE202114	492
6135	13.00	TA202111	492
6136	11.00	TS202117	492
6137	10.50	TA202012	492
6138	12.00	TF202403	492
6139	10.25	TF202108	492
6140	11.25	YM202115	492
6141	10.00	ZI202106	492
6142	13.50	AT202405	493
6143	18.33	AB202101	493
6144	9.50	BF202404	493
6145	15.33	DA202113	493
6146	12.83	DF202117	493
6147	15.00	EK202118	493
6148	12.17	KD202112	493
6149	15.17	KM202107	493
6150	14.50	LF202102	493
6151	9.75	NE202014	493
6152	18.00	OT202103	493
6153	15.17	OC202009	493
6154	8.17	PM202015	493
6155	18.83	SE202114	493
6157	15.67	SD202110	493
6158	15.50	TE202114	493
6159	11.33	TA202111	493
6160	14.50	TS202117	493
6161	10.33	TA202012	493
6162	11.33	TF202403	493
6163	9.17	TF202108	493
6164	12.17	YM202115	493
6165	10.00	ZI202106	493
6166	13.50	AT202405	494
6167	16.50	AB202101	494
6168	12.00	BF202404	494
6169	10.00	DA202113	494
6170	9.50	DF202117	494
6171	13.50	EK202118	494
6172	14.00	KD202112	494
6173	13.50	KM202107	494
6174	12.00	LF202102	494
6175	0.00	NE202014	494
6176	15.00	OT202103	494
6177	12.50	OC202009	494
6178	17.50	PM202015	494
6179	17.00	SE202114	494
6181	13.50	SD202110	494
6182	18.00	TE202114	494
6183	14.00	TA202111	494
6184	14.50	TS202117	494
6185	15.50	TA202012	494
6186	14.00	TF202403	494
6187	14.00	TF202108	494
6188	16.00	YM202115	494
6189	14.50	ZI202106	494
6190	11.34	AT202405	495
6191	19.00	AB202101	495
6192	14.50	BF202404	495
6193	13.50	DA202113	495
6194	10.00	DF202117	495
6195	16.00	EK202118	495
6196	11.33	KD202112	495
6197	13.25	KM202107	495
6198	16.63	LF202102	495
6199	0.00	NE202014	495
6200	7.83	OT202103	495
6201	16.50	OC202009	495
6202	13.25	PM202015	495
6203	7.50	SE202114	495
6205	11.88	SD202110	495
6206	15.38	TE202114	495
6207	12.38	TA202111	495
6208	13.13	TS202117	495
6209	10.00	TA202012	495
6210	15.50	TF202403	495
6211	14.88	TF202108	495
6212	16.25	YM202115	495
6213	10.00	ZI202106	495
6214	13.48	AT202405	496
6215	17.43	AB202101	496
6216	12.98	BF202404	496
6217	15.69	DA202113	496
6218	13.43	DF202117	496
6219	16.16	EK202118	496
6220	16.37	KD202112	496
6221	15.77	KM202107	496
6222	14.74	LF202102	496
6223	1.00	NE202014	496
6224	16.64	OT202103	496
6225	17.97	OC202009	496
6226	10.00	PM202015	496
6227	16.61	SE202114	496
6229	15.60	SD202110	496
6230	14.16	TE202114	496
6231	16.11	TA202111	496
6232	13.92	TS202117	496
6233	11.92	TA202012	496
6234	13.02	TF202403	496
6235	15.80	TF202108	496
6236	16.96	YM202115	496
6237	16.17	ZI202106	496
6238	14.40	AT202405	497
6239	17.40	AB202101	497
6240	12.50	BF202404	497
6241	14.20	DA202113	497
6242	10.10	DF202117	497
6243	17.20	EK202118	497
6244	13.60	KD202112	497
6245	15.60	KM202107	497
6246	17.20	LF202102	497
6247	12.40	NE202014	497
6248	17.30	OT202103	497
6249	16.90	OC202009	497
6250	11.60	PM202015	497
6251	12.30	SE202114	497
6253	15.80	SD202110	497
6254	13.40	TE202114	497
6255	17.00	TA202111	497
6256	11.90	TS202117	497
6257	15.70	TA202012	497
6258	10.20	TF202403	497
6259	12.40	TF202108	497
6260	14.70	YM202115	497
6261	14.30	ZI202106	497
6262	13.00	AT202405	498
6263	16.00	AB202101	498
6264	16.00	BF202404	498
6265	12.50	DA202113	498
6266	16.00	DF202117	498
6267	15.50	EK202118	498
6268	15.00	KD202112	498
6269	17.50	KM202107	498
6270	14.50	LF202102	498
6271	16.50	NE202014	498
6272	16.50	OT202103	498
6273	17.50	OC202009	498
6274	11.00	PM202015	498
6275	16.00	SE202114	498
6277	18.60	SD202110	498
6278	14.50	TE202114	498
6279	16.00	TA202111	498
6280	14.00	TS202117	498
6281	15.00	TA202012	498
6282	13.00	TF202403	498
6283	14.00	TF202108	498
6284	15.00	YM202115	498
6285	13.00	ZI202106	498
6286	17.00	AT202405	499
6287	11.30	AB202101	499
6288	14.00	BF202404	499
6289	17.00	DA202113	499
6290	16.00	DF202117	499
6291	11.20	EK202118	499
6292	8.30	KD202112	499
6293	11.90	KM202107	499
6294	11.30	LF202102	499
6295	10.30	NE202014	499
6296	12.20	OT202103	499
6297	10.30	OC202009	499
6298	15.00	PM202015	499
6299	9.80	SE202114	499
6301	9.50	SD202110	499
6302	9.50	TE202114	499
6303	10.20	TA202111	499
6304	8.40	TS202117	499
6305	11.00	TA202012	499
6306	17.00	TF202403	499
6307	14.00	TF202108	499
6308	9.30	YM202115	499
6309	11.20	ZI202106	499
6310	15.50	AT202405	500
6311	17.25	AB202101	500
6312	11.88	BF202404	500
6313	11.50	DA202113	500
6314	11.25	DF202117	500
6315	14.50	EK202118	500
6316	14.00	KD202112	500
6317	15.00	KM202107	500
6318	15.00	LF202102	500
6319	1.00	NE202014	500
6320	17.75	OT202103	500
6321	13.00	OC202009	500
6322	10.00	PM202015	500
6323	14.63	SE202114	500
6325	15.25	SD202110	500
6326	15.25	TE202114	500
6327	13.75	TA202111	500
6328	10.00	TS202117	500
6329	13.75	TA202012	500
6330	10.00	TF202403	500
6331	7.00	TF202108	500
6332	11.50	YM202115	500
6333	18.00	ZI202106	500
6334	15.96	AT202405	501
6335	19.00	AB202101	501
6336	14.00	BF202404	501
6337	14.00	DA202113	501
6338	13.63	DF202117	501
6339	18.75	EK202118	501
6340	16.64	KD202112	501
6341	18.15	KM202107	501
6342	18.59	LF202102	501
6343	19.00	NE202014	501
6344	15.97	OT202103	501
6345	17.75	OC202009	501
6346	10.97	PM202015	501
6347	18.84	SE202114	501
6349	17.41	SD202110	501
6350	15.29	TE202114	501
6351	10.09	TA202111	501
6352	10.00	TS202117	501
6353	18.75	TA202012	501
6354	9.98	TF202403	501
6355	14.47	TF202108	501
6356	13.21	YM202115	501
6357	17.21	ZI202106	501
6358	11.00	AT202405	502
6359	17.00	AB202101	502
6360	14.00	BF202404	502
6361	11.00	DA202113	502
6362	10.00	DF202117	502
6363	18.00	EK202118	502
6364	11.00	KD202112	502
6365	14.00	KM202107	502
6366	16.00	LF202102	502
6367	13.00	NE202014	502
6368	17.00	OT202103	502
6369	11.00	OC202009	502
6370	10.00	PM202015	502
6371	14.00	SE202114	502
6373	9.00	SD202110	502
6374	12.00	TE202114	502
6375	10.00	TA202111	502
6376	10.00	TS202117	502
6377	11.50	TA202012	502
6378	9.50	TF202403	502
6379	8.00	TF202108	502
6380	9.00	YM202115	502
6381	11.00	ZI202106	502
6382	12.00	AT202405	503
6383	13.00	AB202101	503
6384	11.00	BF202404	503
6385	12.00	DA202113	503
6386	12.00	DF202117	503
6387	14.50	EK202118	503
6388	14.00	KD202112	503
6389	15.00	KM202107	503
6390	12.50	LF202102	503
6391	14.00	NE202014	503
6392	12.00	OT202103	503
6393	15.00	OC202009	503
6394	13.00	PM202015	503
6395	11.50	SE202114	503
6397	14.00	SD202110	503
6398	10.00	TE202114	503
6399	12.50	TA202111	503
6400	11.00	TS202117	503
6401	12.00	TA202012	503
6402	15.00	TF202403	503
6403	10.50	TF202108	503
6404	14.00	YM202115	503
6405	12.00	ZI202106	503
6406	16.88	AT202405	504
6407	16.25	AB202101	504
6408	14.88	BF202404	504
6409	14.00	DA202113	504
6410	13.75	DF202117	504
6411	17.25	EK202118	504
6412	17.75	KD202112	504
6413	14.25	KM202107	504
6414	16.63	LF202102	504
6415	10.25	NE202014	504
6416	18.00	OT202103	504
6417	13.38	OC202009	504
6418	13.13	PM202015	504
6419	16.00	SE202114	504
6421	14.38	SD202110	504
6422	15.50	TE202114	504
6423	15.38	TA202111	504
6424	9.63	TS202117	504
6425	16.88	TA202012	504
6426	13.88	TF202403	504
6427	12.63	TF202108	504
6428	13.75	YM202115	504
6429	16.75	ZI202106	504
6430	10.00	AT202405	505
6431	20.00	AB202101	505
6432	10.00	BF202404	505
6433	8.00	DA202113	505
6434	8.00	DF202117	505
6435	20.00	EK202118	505
6436	10.00	KD202112	505
6437	14.38	KM202107	505
6438	16.88	LF202102	505
6439	13.00	NE202014	505
6440	14.25	OT202103	505
6441	15.25	OC202009	505
6442	8.00	PM202015	505
6443	10.00	SE202114	505
6445	10.25	SD202110	505
6446	10.13	TE202114	505
6447	13.50	TA202111	505
6448	10.00	TS202117	505
6449	13.25	TA202012	505
6450	10.00	TF202403	505
6451	10.00	TF202108	505
6452	10.00	YM202115	505
6453	8.50	ZI202106	505
6454	13.20	AT202405	506
6455	17.80	AB202101	506
6456	7.20	BF202404	506
6457	9.30	DA202113	506
6458	13.00	DF202117	506
6459	16.20	EK202118	506
6460	14.80	KD202112	506
6461	17.50	KM202107	506
6462	15.00	LF202102	506
6463	9.80	NE202014	506
6464	18.40	OT202103	506
6465	13.30	OC202009	506
6466	10.20	PM202015	506
6467	15.70	SE202114	506
6469	17.80	SD202110	506
6470	14.00	TE202114	506
6471	15.80	TA202111	506
6472	11.20	TS202117	506
6473	11.20	TA202012	506
6474	12.30	TF202403	506
6475	9.20	TF202108	506
6476	10.70	YM202115	506
6477	14.80	ZI202106	506
6478	12.00	AT202405	507
6479	17.00	AB202101	507
6480	12.00	BF202404	507
6481	13.00	DA202113	507
6482	12.00	DF202117	507
6483	15.00	EK202118	507
6484	15.00	KD202112	507
6485	15.00	KM202107	507
6486	16.00	LF202102	507
6487	15.00	NE202014	507
6488	14.00	OT202103	507
6489	15.00	OC202009	507
6490	12.00	PM202015	507
6491	12.00	SE202114	507
6493	14.00	SD202110	507
6494	15.00	TE202114	507
6495	15.00	TA202111	507
6496	13.00	TS202117	507
6497	14.00	TA202012	507
6498	12.00	TF202403	507
6499	12.00	TF202108	507
6500	12.00	YM202115	507
6501	14.00	ZI202106	507
6502	10.00	AT202405	508
6503	13.00	AB202101	508
6504	12.00	BF202404	508
6505	11.00	DA202113	508
6506	11.00	DF202117	508
6507	14.00	EK202118	508
6508	14.00	KD202112	508
6509	13.00	KM202107	508
6510	14.00	LF202102	508
6511	0.00	NE202014	508
6512	11.00	OT202103	508
6513	14.00	OC202009	508
6514	10.00	PM202015	508
6515	10.00	SE202114	508
6517	14.00	SD202110	508
6518	15.00	TE202114	508
6519	14.00	TA202111	508
6520	12.00	TS202117	508
6521	13.00	TA202012	508
6522	12.00	TF202403	508
6523	10.00	TF202108	508
6524	12.00	YM202115	508
6525	13.00	ZI202106	508
6526	12.10	AT202405	509
6527	17.40	AB202101	509
6528	7.20	BF202404	509
6529	3.87	DA202113	509
6530	9.60	DF202117	509
6531	15.20	EK202118	509
6532	13.40	KD202112	509
6533	14.80	KM202107	509
6534	17.30	LF202102	509
6535	17.30	NE202014	509
6536	14.50	OT202103	509
6537	15.70	OC202009	509
6538	14.50	PM202015	509
6539	13.80	SE202114	509
6541	14.70	SD202110	509
6542	12.80	TE202114	509
6543	11.90	TA202111	509
6544	10.80	TS202117	509
6545	15.90	TA202012	509
6546	17.50	TF202403	509
6547	7.70	TF202108	509
6548	7.40	YM202115	509
6549	13.00	ZI202106	509
6550	10.40	AT202405	510
6551	17.50	AB202101	510
6552	7.20	BF202404	510
6553	10.50	DA202113	510
6554	9.90	DF202117	510
6555	17.60	EK202118	510
6556	15.30	KD202112	510
6557	17.60	KM202107	510
6558	15.10	LF202102	510
6559	14.40	NE202014	510
6560	17.90	OT202103	510
6561	17.40	OC202009	510
6562	10.30	PM202015	510
6563	11.40	SE202114	510
6565	16.60	SD202110	510
6566	14.80	TE202114	510
6567	12.40	TA202111	510
6568	9.10	TS202117	510
6569	16.60	TA202012	510
6570	11.80	TF202403	510
6571	9.40	TF202108	510
6572	10.80	YM202115	510
6573	15.20	ZI202106	510
6574	11.00	AT202405	511
6575	9.30	AB202101	511
6576	11.00	BF202404	511
6577	13.30	DA202113	511
6578	9.70	DF202117	511
6579	12.00	EK202118	511
6580	14.00	KD202112	511
6581	12.00	KM202107	511
6582	12.70	LF202102	511
6583	10.00	NE202014	511
6584	11.30	OT202103	511
6585	9.30	OC202009	511
6586	11.00	PM202015	511
6587	12.70	SE202114	511
6588	10.00	SD202110	511
6589	9.30	TE202114	511
6590	11.30	TA202111	511
6591	14.00	TS202117	511
6592	10.00	TA202012	511
6593	11.30	TF202403	511
6594	9.30	TF202108	511
6595	11.30	YM202115	511
6596	8.70	ZI202106	511
6597	15.80	AT202405	512
6598	17.20	AB202101	512
6599	12.20	BF202404	512
6600	15.20	DA202113	512
6601	13.50	DF202117	512
6602	15.80	EK202118	512
6603	15.20	KD202112	512
6604	16.30	KM202107	512
6605	16.00	LF202102	512
6606	11.80	NE202014	512
6607	16.50	OT202103	512
6608	17.70	OC202009	512
6609	16.30	PM202015	512
6610	16.00	SE202114	512
6611	16.30	SD202110	512
6612	13.00	TE202114	512
6613	14.50	TA202111	512
6614	17.00	TS202117	512
6615	15.80	TA202012	512
6616	16.30	TF202403	512
6617	13.50	TF202108	512
6618	14.30	YM202115	512
6619	14.70	ZI202106	512
6620	15.00	AT202405	513
6621	13.70	AB202101	513
6622	14.00	BF202404	513
6623	13.00	DA202113	513
6624	13.30	DF202117	513
6625	15.30	EK202118	513
6626	14.50	KD202112	513
6627	12.00	KM202107	513
6628	15.70	LF202102	513
6629	14.70	NE202014	513
6630	13.50	OT202103	513
6631	14.70	OC202009	513
6632	12.30	PM202015	513
6633	14.00	SE202114	513
6634	11.70	SD202110	513
6635	15.20	TE202114	513
6636	13.70	TA202111	513
6637	13.30	TS202117	513
6638	15.30	TA202012	513
6639	15.30	TF202403	513
6640	16.50	TF202108	513
6641	15.00	YM202115	513
6642	15.30	ZI202106	513
6643	12.00	AT202405	514
6644	20.00	AB202101	514
6645	10.00	BF202404	514
6646	8.00	DA202113	514
6647	15.00	DF202117	514
6648	14.00	EK202118	514
6649	18.50	KD202112	514
6650	11.80	KM202107	514
6651	17.80	LF202102	514
6652	13.50	NE202014	514
6653	12.40	OT202103	514
6654	18.50	OC202009	514
6655	9.00	PM202015	514
6656	13.30	SE202114	514
6657	10.50	SD202110	514
6658	9.30	TE202114	514
6659	16.50	TA202111	514
6660	6.90	TS202117	514
6661	17.60	TA202012	514
6662	9.90	TF202403	514
6663	9.10	TF202108	514
6664	11.50	YM202115	514
6665	11.00	ZI202106	514
6666	11.60	AT202405	515
6667	14.30	AB202101	515
6668	8.00	BF202404	515
6669	7.30	DA202113	515
6670	9.80	DF202117	515
6671	13.60	EK202118	515
6672	15.30	KD202112	515
6673	17.30	KM202107	515
6674	12.00	LF202102	515
6675	6.66	NE202014	515
6676	16.80	OT202103	515
6677	11.90	OC202009	515
6678	6.41	PM202015	515
6679	14.70	SE202114	515
6680	13.00	SD202110	515
6681	14.30	TE202114	515
6682	14.50	TA202111	515
6683	11.90	TS202117	515
6684	10.80	TA202012	515
6685	8.30	TF202403	515
6686	11.80	TF202108	515
6687	7.40	YM202115	515
6688	17.30	ZI202106	515
6689	10.00	AT202405	516
6690	15.20	AB202101	516
6691	13.60	BF202404	516
6692	13.50	DA202113	516
6693	13.90	DF202117	516
6694	16.50	EK202118	516
6695	15.40	KD202112	516
6696	17.80	KM202107	516
6697	18.50	LF202102	516
6698	17.90	NE202014	516
6699	16.60	OT202103	516
6700	16.40	OC202009	516
6701	15.30	PM202015	516
6702	14.30	SE202114	516
6703	15.90	SD202110	516
6704	16.50	TE202114	516
6705	17.10	TA202111	516
6706	14.20	TS202117	516
6707	15.80	TA202012	516
6708	16.70	TF202403	516
6709	18.40	TF202108	516
6710	13.00	YM202115	516
6711	12.30	ZI202106	516
6712	12.50	AT202405	517
6713	17.00	AB202101	517
6714	16.00	BF202404	517
6715	19.00	DA202113	517
6716	11.60	DF202117	517
6717	17.30	EK202118	517
6718	20.00	KD202112	517
6719	17.40	KM202107	517
6720	18.80	LF202102	517
6721	18.20	NE202014	517
6722	17.60	OT202103	517
6723	14.70	OC202009	517
6724	11.90	PM202015	517
6725	13.40	SE202114	517
6726	13.60	SD202110	517
6727	14.80	TE202114	517
6728	16.60	TA202111	517
6729	20.00	TS202117	517
6730	13.90	TA202012	517
6731	16.60	TF202403	517
6732	16.40	TF202108	517
6733	13.00	YM202115	517
6734	13.60	ZI202106	517
6735	11.00	AT202405	518
6736	12.50	AB202101	518
6737	12.25	BF202404	518
6738	11.00	DA202113	518
6739	13.00	DF202117	518
6740	15.33	EK202118	518
6741	15.25	KD202112	518
6742	16.58	KM202107	518
6743	14.83	LF202102	518
6744	15.50	NE202014	518
6745	15.50	OT202103	518
6746	18.25	OC202009	518
6747	13.83	PM202015	518
6748	12.33	SE202114	518
6749	13.83	SD202110	518
6750	13.41	TE202114	518
6751	13.16	TA202111	518
6752	16.00	TS202117	518
6753	15.50	TA202012	518
6754	18.33	TF202403	518
6755	12.91	TF202108	518
6756	16.16	YM202115	518
6757	14.16	ZI202106	518
6758	12.90	AT202405	519
6759	14.50	AB202101	519
6760	12.30	BF202404	519
6761	10.80	DA202113	519
6762	12.50	DF202117	519
6763	15.50	EK202118	519
6764	17.30	KD202112	519
6765	18.40	KM202107	519
6766	17.80	LF202102	519
6767	13.30	NE202014	519
6768	16.10	OT202103	519
6769	15.10	OC202009	519
6770	12.00	PM202015	519
6771	18.00	SE202114	519
6772	14.50	SD202110	519
6773	14.70	TE202114	519
6774	14.90	TA202111	519
6775	13.30	TS202117	519
6776	17.70	TA202012	519
6777	13.60	TF202403	519
6778	14.30	TF202108	519
6779	10.80	YM202115	519
6780	11.30	ZI202106	519
6781	12.90	AT202405	520
6782	14.30	AB202101	520
6783	9.60	BF202404	520
6784	10.80	DA202113	520
6785	12.00	DF202117	520
6786	16.50	EK202118	520
6787	12.90	KD202112	520
6788	17.60	KM202107	520
6789	16.80	LF202102	520
6790	10.50	NE202014	520
6791	17.80	OT202103	520
6792	13.50	OC202009	520
6793	10.40	PM202015	520
6794	13.00	SE202114	520
6795	12.30	SD202110	520
6796	12.80	TE202114	520
6797	12.50	TA202111	520
6798	12.40	TS202117	520
6799	17.70	TA202012	520
6800	12.50	TF202403	520
6801	11.50	TF202108	520
6802	10.40	YM202115	520
6803	16.90	ZI202106	520
6804	12.30	AT202405	521
6805	17.30	AB202101	521
6806	10.00	BF202404	521
6807	15.30	DA202113	521
6808	12.70	DF202117	521
6809	14.70	EK202118	521
6810	16.00	KD202112	521
6811	17.00	KM202107	521
6812	14.00	LF202102	521
6813	16.00	NE202014	521
6814	14.30	OT202103	521
6815	16.70	OC202009	521
6816	16.00	PM202015	521
6817	16.00	SE202114	521
6818	12.00	SD202110	521
6819	13.30	TE202114	521
6820	12.00	TA202111	521
6821	8.00	TS202117	521
6822	17.70	TA202012	521
6823	14.70	TF202403	521
6824	14.00	TF202108	521
6825	14.00	YM202115	521
6826	13.00	ZI202106	521
6827	0.00	OC202009	85
6828	0.00	TA202012	85
6829	14.00	TW201907	85
6830	0.00	KL202006	522
6831	0.00	OC202009	522
6832	0.00	TA202012	522
6833	12.75	TW201907	522
6834	0.00	KL202006	523
6835	0.00	OC202009	523
6836	0.00	TA202012	523
6837	14.50	TW201907	523
6838	0.00	KL202006	524
6839	0.00	OC202009	524
6840	0.00	TA202012	524
6841	15.00	TW201907	524
6842	0.00	KL202006	525
6843	0.00	OC202009	525
6844	0.00	TA202012	525
6845	14.50	TW201907	525
6846	0.00	OC202009	89
6847	0.00	TA202012	89
6848	15.00	TW201907	89
6849	0.00	OC202009	90
6850	0.00	TA202012	90
6851	14.00	TW201907	90
6852	0.00	OC202009	91
6853	0.00	TA202012	91
6854	13.50	TW201907	91
6855	0.00	KL202006	526
6856	0.00	OC202009	526
6857	0.00	TA202012	526
6858	12.00	TW201907	526
6859	0.00	KL202006	527
6860	0.00	OC202009	527
6861	0.00	TA202012	527
6862	13.08	TW201907	527
6863	0.00	KL202006	528
6864	0.00	OC202009	528
6865	0.00	TA202012	528
6866	14.00	TW201907	528
6867	0.00	OC202009	111
6868	0.00	TA202012	111
6869	0.00	TW201907	111
6870	0.00	KL202006	529
6871	0.00	OC202009	529
6872	0.00	TA202012	529
6873	12.00	TW201907	529
6874	0.00	KL202006	530
6875	0.00	OC202009	530
6876	0.00	TA202012	530
6877	13.50	TW201907	530
6878	0.00	KL202006	531
6879	0.00	OC202009	531
6880	0.00	TA202012	531
6881	15.00	TW201907	531
6882	0.00	KL202006	532
6883	0.00	OC202009	532
6884	0.00	TA202012	532
6885	15.50	TW201907	532
6886	0.00	KL202006	533
6887	0.00	OC202009	533
6888	0.00	TA202012	533
6889	13.40	TW201907	533
6890	0.00	KL202006	534
6891	0.00	OC202009	534
6892	0.00	TA202012	534
6893	13.81	TW201907	534
6894	0.00	KL202006	535
6895	0.00	OC202009	535
6896	0.00	TA202012	535
6897	13.50	TW201907	535
6898	0.00	KL202006	536
6899	0.00	OC202009	536
6900	0.00	TA202012	536
6901	12.50	TW201907	536
6902	0.00	KL202006	537
6903	0.00	OC202009	537
6904	0.00	TA202012	537
6905	14.50	TW201907	537
6906	0.00	KL202006	538
6907	0.00	OC202009	538
6908	0.00	TA202012	538
6909	12.33	TW201907	538
6910	0.00	KL202006	539
6911	0.00	OC202009	539
6912	0.00	TA202012	539
6913	14.00	TW201907	539
6914	0.00	KL202006	540
6915	0.00	OC202009	540
6916	0.00	TA202012	540
6917	14.33	TW201907	540
6918	16.00	TW201907	123
6919	15.00	TW201907	124
6920	16.50	TW201907	125
6921	12.80	TW201907	126
6922	20.00	TW201907	127
6923	14.00	TW201907	128
6924	17.00	TW201907	129
6925	13.50	TW201907	130
6926	15.00	TW201907	131
6927	14.00	TW201907	132
6928	18.00	TW201907	133
6929	14.50	TW201907	134
6930	15.00	TW201907	135
6931	9.30	TW201907	136
6932	12.00	TW201907	137
6933	19.00	TW201907	138
6934	13.50	TW201907	171
6935	14.50	TW201907	204
6936	17.20	TW201907	237
6937	12.00	TW201907	238
6938	16.67	TW201907	541
6939	14.00	TW201907	542
6940	17.38	TW201907	543
6941	12.95	TW201907	544
6942	16.00	TW201907	545
6943	16.00	TW201907	546
6944	17.10	TW201907	547
6945	15.50	TW201907	548
6946	16.00	TW201907	549
6947	16.50	TW201907	550
6948	17.00	TW201907	551
6949	15.50	TW201907	552
6950	15.25	TW201907	553
6951	17.68	TW201907	554
6952	16.70	TW201907	97
6953	19.00	TW201907	99
6954	14.75	TW201907	555
6955	14.82	TW201907	556
6956	19.00	TW201907	557
6957	17.65	TW201907	558
6958	16.00	TW201907	110
6959	15.25	TW201907	105
6960	15.00	TW201907	107
6961	17.25	TW201907	103
6962	18.50	TW201907	253
6963	0.00	BA201902	522
6972	10.50	BA201902	567
6973	10.00	BA201902	568
6965	13.25	BA201902	560
6966	13.33	BA201902	561
6967	14.00	BA201902	562
6968	14.33	BA201902	563
6969	11.67	BA201902	564
6970	15.92	BA201902	565
6974	15.21	BA201902	569
6975	11.81	BA201902	570
6976	17.83	BA201902	571
6977	10.00	BA201902	572
6978	15.50	BA201902	573
6979	9.00	BA201902	574
6980	17.75	BA201902	575
6981	14.25	BA201902	576
6983	14.63	BA201902	578
6984	6.25	BA201902	579
6985	15.75	BA201902	580
6986	10.00	BA201902	581
6987	16.00	BA201902	582
6989	10.00	BA201902	584
6990	14.00	BA201902	585
6993	0.00	TA202012	585
6991	14.50	BA201902	586
6992	8.00	BA201902	587
6994	0.00	TA202012	587
6988	10.00	BA201902	583
7009	14.00	AA202405	589
7011	13.00	AG202407	589
7012	12.00	AB202416	589
7013	9.75	AI202406	589
7014	12.00	AD202418	589
7015	17.75	DG202409	589
7016	13.50	KG202410	589
7017	14.75	MK202411	589
7018	9.00	OE202414	589
7019	11.00	SK202412	589
7020	10.00	TR202415	589
6996	11.50	AA202405	588
6997	10.00	AA202417	588
6998	5.50	AG202407	588
7000	6.00	AI202406	588
7001	7.25	AD202418	588
7002	10.50	DG202409	588
7003	11.00	KG202410	588
7004	5.00	MK202411	588
7005	2.00	OE202414	588
7006	1.00	SK202412	588
7007	4.00	TR202415	588
7008	8.00	AF202408	589
7023	5.00	AA202302	590
7024	7.00	AA202303	590
7025	7.00	AR202305	590
7026	10.00	BT202401	590
7027	11.00	BF202404	590
7029	7.00	DK202314	590
7030	10.00	DA202113	590
7031	8.00	GN202207	590
7032	15.00	GD202208	590
7033	11.00	NY202309	590
7034	8.00	NE202014	590
7035	8.00	TK202311	590
7036	12.00	YZ202217	590
7037	8.00	YM202315	590
7038	15.00	AA202301	591
7040	14.00	AA202302	591
7041	16.00	AA202303	591
7042	14.00	AR202305	591
7043	17.00	BT202401	591
7045	15.00	BY202306	591
7046	18.00	DK202314	591
7047	16.00	DA202113	591
6995	9.00	AF202408	588
7021	9.00	AA202301	590
6971	13.00	BA201902	566
7106	14.50	TA202111	566
7107	0.00	TA202012	566
7108	16.50	TA202111	567
7109	0.00	TA202012	567
7110	10.00	TA202111	568
7111	0.00	TA202012	568
6964	14.75	BA201902	559
7112	16.38	TA202111	559
7113	0.00	TA202012	559
7114	11.25	TA202111	560
7115	0.00	TA202012	560
7116	13.00	TA202111	561
7117	0.00	TA202012	561
7118	15.50	TA202111	562
7119	0.00	TA202012	562
7120	13.67	TA202111	563
7121	0.00	TA202012	563
7122	14.00	TA202111	564
7123	0.00	TA202012	564
7124	15.83	TA202111	565
7125	0.00	TA202012	565
7126	14.76	TA202111	569
7127	0.00	TA202012	569
7128	11.06	TA202111	570
7129	0.00	TA202012	570
7130	15.33	TA202111	571
7131	0.00	TA202012	571
7132	8.75	TA202111	572
7133	0.00	TA202012	572
7134	16.42	TA202111	573
7135	0.00	TA202012	573
7136	9.50	TA202111	574
7137	0.00	TA202012	574
7138	9.67	TA202111	575
7139	0.00	TA202012	575
7140	11.25	TA202111	576
7141	0.00	TA202012	576
6982	18.00	BA201902	577
7142	14.50	TA202111	577
7143	0.00	TA202012	577
7144	15.50	TA202111	578
7145	0.00	TA202012	578
7146	14.86	TA202111	579
7147	0.00	TA202012	579
7148	13.63	TA202111	580
7149	0.00	TA202012	580
7150	14.00	TA202111	581
7151	0.00	TA202012	581
7152	10.00	TA202111	582
7153	0.00	TA202012	582
7154	10.00	TA202111	584
7155	0.00	TA202012	584
7156	10.00	TA202111	585
7157	10.00	TA202111	586
7158	0.00	TA202012	586
7159	15.00	TA202111	587
7160	14.00	TA202111	583
7161	0.00	TA202012	583
7077	9.00	BT202401	593
7078	8.75	BF202404	593
7079	10.00	BY202306	593
7080	15.50	DK202314	593
7081	10.00	DA202113	593
7082	15.00	GN202207	593
7083	11.82	GD202208	593
7084	12.25	NY202309	593
7085	7.50	NE202014	593
7086	11.50	TK202311	593
7087	7.00	YZ202217	593
7088	11.25	YM202315	593
7092	16.00	AA202303	594
7055	13.00	AA202301	592
7057	11.00	AA202302	592
7058	16.00	AA202303	592
7059	15.00	AR202305	592
7060	15.00	BT202401	592
7061	15.50	BF202404	592
7063	12.00	DK202314	592
7064	16.50	DA202113	592
7065	18.00	GN202207	592
7066	18.00	GD202208	592
7067	17.00	NY202309	592
7068	15.50	NE202014	592
7069	16.50	TK202311	592
7070	12.00	YZ202217	592
7071	15.50	YM202315	592
7049	15.00	GD202208	591
7050	14.00	NY202309	591
7051	14.00	NE202014	591
7052	11.00	TK202311	591
7054	10.00	YM202315	591
7074	11.50	AA202302	593
7093	16.00	AR202305	594
7094	14.00	BT202401	594
7095	16.00	BF202404	594
7096	19.00	BY202306	594
7097	14.00	DK202314	594
7098	16.00	DA202113	594
7099	14.25	GN202207	594
7100	15.50	GD202208	594
7101	18.00	NY202309	594
7102	14.00	NE202014	594
7104	14.00	YZ202217	594
7105	14.00	YM202315	594
7072	7.25	AA202301	593
7089	14.00	AA202301	594
7091	16.00	AA202302	594
7048	11.00	GN202207	591
7075	9.00	AA202303	593
7076	12.50	AR202305	593
7188	11.00	AF202408	597
7189	17.00	AA202405	597
7190	17.00	AA202417	597
7191	10.00	AG202407	597
7192	12.00	AB202416	597
7193	15.00	AI202406	597
7194	15.00	AD202418	597
7195	14.00	DG202409	597
7196	14.00	KG202410	597
7197	17.00	MK202411	597
7198	10.00	OE202414	597
7199	13.00	SK202412	597
7200	16.00	TR202415	597
7201	16.00	AF202408	598
7202	17.00	AA202405	598
7203	18.00	AA202417	598
7204	16.00	AG202407	598
7205	17.00	AB202416	598
7206	17.00	AI202406	598
7207	17.00	AD202418	598
7208	18.00	DG202409	598
7209	18.00	KG202410	598
7210	18.00	MK202411	598
7211	16.00	OE202414	598
7212	16.00	SK202412	598
7213	18.00	TR202415	598
7294	8.74	AF202408	604
7295	12.62	AA202405	604
7296	14.62	AA202417	604
7297	13.08	AG202407	604
7298	10.96	AB202416	604
7299	7.84	AI202406	604
7300	8.62	AD202418	604
7301	16.00	DG202409	604
7302	14.02	KG202410	604
7303	16.60	MK202411	604
7304	5.56	OE202414	604
7305	7.70	SK202412	604
7306	7.60	TR202415	604
7307	12.80	AF202408	605
7308	11.00	AA202405	605
7309	11.78	AA202417	605
7310	15.36	AG202407	605
7311	11.36	AB202416	605
7312	6.68	AI202406	605
7313	15.68	AD202418	605
7264	12.00	AA202303	602
7266	13.50	BT202401	602
7267	10.50	BF202404	602
7268	16.00	BY202306	602
7269	13.50	DK202314	602
7270	11.50	DA202113	602
7271	11.50	GN202207	602
7272	11.82	GD202208	602
7273	8.00	NY202309	602
7274	9.75	NE202014	602
7275	9.00	TK202311	602
7276	15.00	YZ202217	602
7277	11.50	YM202315	602
7233	9.00	AR202305	600
7234	18.00	BT202401	600
7235	13.00	BF202404	600
7236	15.00	BY202306	600
7237	20.00	DK202314	600
7238	13.00	DA202113	600
7239	15.00	GN202207	600
7240	14.50	GD202208	600
7241	15.00	NY202309	600
7242	17.00	NE202014	600
7243	18.00	TK202311	600
7244	18.00	YZ202217	600
7245	14.00	YM202315	600
7215	10.00	AA202302	599
7248	6.50	AA202303	601
7249	8.50	AR202305	601
7250	8.00	BT202401	601
7251	6.50	BF202404	601
7252	10.00	BY202306	601
7253	13.00	DK202314	601
7254	6.50	DA202113	601
7255	13.00	GN202207	601
7256	14.50	GD202208	601
7257	7.50	NY202309	601
7258	9.00	NE202014	601
7259	13.00	TK202311	601
7260	12.00	YZ202217	601
7261	8.50	YM202315	601
7230	12.00	AA202301	600
7246	13.00	AA202301	601
7216	11.00	AA202303	599
7217	10.75	AR202305	599
7218	13.42	BT202401	599
7219	11.00	BF202404	599
7220	13.00	BY202306	599
7221	12.67	DK202314	599
7222	16.00	DA202113	599
7223	8.83	GN202207	599
7224	13.24	GD202208	599
7225	11.50	NY202309	599
7226	11.42	NE202014	599
7227	12.83	TK202311	599
7228	9.50	YZ202217	599
7278	16.75	AA202301	603
7279	13.75	AA202302	603
7280	13.75	AA202303	603
7281	17.25	AR202305	603
7282	16.50	BT202401	603
7283	14.25	BF202404	603
7284	17.00	BY202306	603
7285	15.50	DK202314	603
7286	16.00	DA202113	603
7287	14.25	GN202207	603
7288	13.24	GD202208	603
7289	14.50	NY202309	603
7290	15.25	NE202014	603
7291	15.50	TK202311	603
7293	17.00	YM202315	603
7263	10.50	AA202302	602
7231	18.00	AA202302	600
7314	15.38	DG202409	605
7315	12.68	KG202410	605
7316	19.52	MK202411	605
7317	10.10	OE202414	605
7318	11.80	SK202412	605
7319	13.36	TR202415	605
7320	12.80	AF202408	606
7321	18.50	AA202405	606
7322	14.30	AA202417	606
7323	12.70	AG202407	606
7324	8.60	AB202416	606
7325	12.20	AI202406	606
7326	14.80	AD202418	606
7327	13.55	DG202409	606
7328	14.30	KG202410	606
7329	16.40	MK202411	606
7330	9.50	OE202414	606
7331	11.75	SK202412	606
7332	10.45	TR202415	606
7333	8.40	AF202408	607
7334	12.50	AA202405	607
7335	14.90	AA202417	607
7336	13.90	AG202407	607
7337	12.50	AB202416	607
7338	8.30	AI202406	607
7339	11.00	AD202418	607
7340	16.40	DG202409	607
7341	16.50	KG202410	607
7342	17.60	MK202411	607
7343	9.50	OE202414	607
7344	10.40	SK202412	607
7345	12.90	TR202415	607
7346	11.50	AF202408	608
7347	15.50	AA202405	608
7348	15.50	AA202417	608
7349	11.00	AG202407	608
7350	9.50	AB202416	608
7351	12.00	AI202406	608
7352	11.00	AD202418	608
7353	10.00	DG202409	608
7354	14.00	KG202410	608
7355	13.50	MK202411	608
7356	10.50	OE202414	608
7357	12.50	SK202412	608
7358	11.00	TR202415	608
7359	13.00	AF202408	609
7360	11.00	AA202405	609
7361	11.50	AA202417	609
7362	15.00	AG202407	609
7363	11.00	AB202416	609
7364	15.00	AI202406	609
7365	13.00	AD202418	609
7366	13.50	DG202409	609
7367	13.50	KG202410	609
7368	9.00	MK202411	609
7369	11.50	OE202414	609
7370	10.00	SK202412	609
7371	10.00	TR202415	609
7372	7.00	AF202408	610
7373	8.50	AA202405	610
7374	8.00	AA202417	610
7375	7.50	AG202407	610
7376	7.00	AB202416	610
7377	11.00	AI202406	610
7378	8.00	AD202418	610
7379	9.00	DG202409	610
7380	8.50	KG202410	610
7381	13.50	MK202411	610
7382	6.00	OE202414	610
7383	8.00	SK202412	610
7384	6.50	TR202415	610
7385	12.00	AF202408	611
7386	16.00	AA202405	611
7387	12.00	AA202417	611
7388	13.00	AG202407	611
7389	13.00	AB202416	611
7390	16.00	AI202406	611
7391	12.00	AD202418	611
7392	16.00	DG202409	611
7393	13.00	KG202410	611
7394	12.00	MK202411	611
7395	12.00	OE202414	611
7396	13.00	SK202412	611
7397	16.00	TR202415	611
7402	7.50	BF202205	612
7403	10.50	DF202117	612
7404	11.00	DR202206	612
7405	15.50	LF202102	612
7406	3.00	MY202209	612
7407	17.50	ME202210	612
7408	15.00	OI202211	612
7409	10.50	SS202212	612
7410	16.75	SD202110	612
7411	10.00	TE202114	612
7412	6.50	TW202213	612
7413	7.50	TT202215	612
7414	7.50	TF202108	612
7415	13.00	AT202405	613
7417	15.00	BK202204	613
7418	16.25	BA201902	613
7419	13.00	BF202205	613
7420	15.00	DF202117	613
7421	13.00	DR202206	613
7422	15.50	LF202102	613
7423	13.00	MY202209	613
7424	15.00	ME202210	613
7425	16.00	OI202211	613
7426	16.00	SS202212	613
7427	16.75	SD202110	613
7428	16.00	TE202114	613
7429	15.00	TW202213	613
7430	13.00	TT202215	613
7432	14.00	AT202405	614
7433	6.50	AM202202	614
7434	11.00	BK202204	614
7435	16.25	BA201902	614
7436	11.50	BF202205	614
7437	5.00	DF202117	614
7438	9.00	DR202206	614
7439	15.50	LF202102	614
7440	14.50	MY202209	614
7441	9.50	ME202210	614
7442	13.50	OI202211	614
7443	15.00	SS202212	614
7444	16.75	SD202110	614
7445	13.50	TE202114	614
7447	12.50	TT202215	614
7448	8.50	TF202108	614
7449	8.50	AT202405	615
7399	16.00	AM202202	612
7400	6.50	BK202204	612
7530	13.60	AA202301	620
7531	10.70	AA202302	620
7532	12.10	AA202303	620
7533	11.80	AR202305	620
7534	14.00	BT202401	620
7535	10.00	BF202404	620
7536	12.00	BY202306	620
7537	12.00	DK202314	620
7538	12.20	DA202113	620
7539	12.00	GN202207	620
7540	11.60	GD202208	620
7541	3.80	NY202309	620
7542	12.20	NE202014	620
7543	11.00	TK202311	620
7544	10.80	YZ202217	620
7545	13.30	YM202315	620
7550	9.86	BT202401	621
7551	5.19	BF202404	621
7552	8.91	BY202306	621
7553	9.17	DK202314	621
7554	10.90	DA202113	621
7555	12.90	GN202207	621
7556	13.50	GD202208	621
7557	5.42	NY202309	621
7558	7.25	NE202014	621
7559	9.40	TK202311	621
7560	7.16	YZ202217	621
7561	15.64	YM202315	621
7452	16.25	BA201902	615
7563	7.48	AM202202	622
7547	6.28	AA202302	621
7548	4.24	AA202303	621
7469	0.00	AR202305	616
7470	18.50	BT202401	616
7471	0.00	BF202404	616
7472	7.50	BY202306	616
7473	9.00	DK202314	616
7474	19.00	DA202113	616
7475	14.12	GN202207	616
7476	15.00	GD202208	616
7477	6.50	NY202309	616
7478	11.50	NE202014	616
7479	13.50	TK202311	616
7480	9.50	YZ202217	616
7481	11.50	YM202315	616
7482	4.00	AA202301	617
7484	0.00	AA202303	617
7485	1.50	AR202305	617
7486	0.00	BT202401	617
7487	0.00	BF202404	617
7488	2.50	BY202306	617
7489	0.50	DK202314	617
7490	12.00	DA202113	617
7491	14.12	GN202207	617
7492	15.00	GD202208	617
7493	0.00	NY202309	617
7494	3.50	NE202014	617
7495	0.50	TK202311	617
7496	9.50	YZ202217	617
7497	0.00	YM202315	617
7549	7.22	AR202305	621
7499	12.00	AA202302	618
7500	12.00	AA202303	618
7501	14.00	AR202305	618
7502	14.00	BT202401	618
7503	14.00	BF202404	618
7504	14.00	BY202306	618
7505	15.00	DK202314	618
7506	15.00	DA202113	618
7507	14.12	GN202207	618
7508	15.00	GD202208	618
7509	12.00	NY202309	618
7510	14.00	NE202014	618
7511	12.00	TK202311	618
7512	15.00	YZ202217	618
7514	15.50	AA202301	619
7515	15.00	AA202302	619
7516	13.50	AA202303	619
7517	13.00	AR202305	619
7518	15.50	BT202401	619
7519	12.00	BF202404	619
7520	13.50	BY202306	619
7521	15.50	DK202314	619
7522	13.50	DA202113	619
7523	14.12	GN202207	619
7524	15.00	GD202208	619
7525	13.00	NY202309	619
7526	14.00	NE202014	619
7527	13.00	TK202311	619
7529	14.00	YM202315	619
7467	7.00	AA202302	616
7564	6.96	BK202204	622
7565	9.48	BA201902	622
7566	10.76	BF202205	622
7567	16.32	DF202117	622
7568	9.64	DR202206	622
7569	5.72	LF202102	622
7570	6.84	MY202209	622
7571	15.56	ME202210	622
7572	14.64	OI202211	622
7573	8.04	SS202212	622
7574	6.64	SD202110	622
7576	11.40	TW202213	622
7577	9.12	TT202215	622
7578	8.24	TF202108	622
7546	13.46	AA202301	621
7579	12.00	AT202405	623
7580	6.00	AM202202	623
7581	4.00	BK202204	623
7582	13.00	BA201902	623
7583	4.00	BF202205	623
7584	14.00	DF202117	623
7562	12.56	AT202405	622
7453	11.50	BF202205	615
7454	3.50	DF202117	615
7456	15.50	LF202102	615
7457	8.00	MY202209	615
7458	7.50	ME202210	615
7459	7.00	OI202211	615
7460	15.00	SS202212	615
7461	16.75	SD202110	615
7462	8.50	TE202114	615
7463	11.50	TW202213	615
7464	10.00	TT202215	615
7465	6.00	TF202108	615
7450	15.00	AM202202	615
7451	10.50	BK202204	615
7596	12.00	AF202408	624
7597	14.00	AA202405	624
7598	13.00	AA202417	624
7599	13.50	AG202407	624
7600	13.00	AB202416	624
7601	12.50	AI202406	624
7602	11.50	AD202418	624
7603	15.00	DG202409	624
7604	13.00	KG202410	624
7605	14.00	MK202411	624
7606	12.75	OE202414	624
7607	12.00	SK202412	624
7608	12.50	TR202415	624
7625	16.00	AT202405	626
7626	14.75	AM202202	626
7627	8.00	BK202204	626
7628	12.00	BA201902	626
7629	16.50	BF202205	626
7630	16.25	DF202117	626
7631	14.25	DR202206	626
7632	10.00	LF202102	626
7633	15.25	MY202209	626
7634	9.00	ME202210	626
7635	15.00	OI202211	626
7636	14.50	SS202212	626
7637	12.50	SD202110	626
7638	15.50	TE202114	626
7639	17.00	TW202213	626
7640	17.00	TT202215	626
7641	10.00	TF202108	626
7659	12.50	AA202301	628
7660	15.50	AA202302	628
7661	16.50	AA202303	628
7662	13.00	AR202305	628
7663	15.50	BT202401	628
7664	15.50	BF202404	628
7665	16.00	BY202306	628
7666	17.50	DK202314	628
7667	11.50	DA202113	628
7668	16.50	GN202207	628
7669	14.50	GD202208	628
7670	18.50	NY202309	628
7671	13.00	NE202014	628
7672	16.50	TK202311	628
7673	16.00	YZ202217	628
7674	15.50	YM202315	628
7062	17.00	BY202306	592
7675	8.00	AF202408	629
7676	10.50	AA202405	629
7677	12.25	AA202417	629
7678	7.00	AG202407	629
7679	10.00	AB202416	629
7680	9.00	AI202406	629
7681	11.00	AD202418	629
7682	8.75	DG202409	629
7683	11.00	KG202410	629
7684	12.00	MK202411	629
7685	7.50	OE202414	629
7686	8.50	SK202412	629
7687	11.75	TR202415	629
7643	13.50	AM202202	627
7644	8.50	BK202204	627
7646	12.50	BF202205	627
7647	8.50	DF202117	627
7648	13.00	DR202206	627
7649	16.00	LF202102	627
7650	13.50	MY202209	627
7651	10.00	ME202210	627
7652	15.00	OI202211	627
7653	17.00	SS202212	627
7654	19.00	SD202110	627
7655	7.50	TE202114	627
7656	7.50	TW202213	627
7657	10.00	TT202215	627
7658	5.50	TF202108	627
7611	11.00	AA202303	625
7612	9.00	AR202305	625
7613	11.00	BT202401	625
7614	10.00	BF202404	625
7615	0.00	BY202306	625
7616	0.00	DK202314	625
7617	10.00	DA202113	625
7618	12.25	GN202207	625
7619	11.82	GD202208	625
7620	11.00	NY202309	625
7621	12.50	NE202014	625
7622	11.25	TK202311	625
7623	13.00	YZ202217	625
7624	13.00	YM202315	625
7688	10.50	AA202301	630
7586	10.00	LF202102	623
7587	8.00	MY202209	623
7588	11.00	ME202210	623
7589	15.00	OI202211	623
7590	6.00	SS202212	623
7591	3.00	SD202110	623
7592	10.00	TE202114	623
7593	15.00	TW202213	623
7594	9.50	TT202215	623
7595	13.00	TF202108	623
7010	15.50	AA202417	589
7704	9.00	AA202301	631
7705	13.25	AA202302	631
7706	8.50	AA202303	631
7708	18.50	BT202401	631
7709	12.50	BF202404	631
7710	12.75	BY202306	631
7711	12.00	DK202314	631
7712	18.00	DA202113	631
7713	13.75	GN202207	631
7714	10.00	GD202208	631
7715	10.75	NY202309	631
7716	17.50	NE202014	631
7717	5.00	TK202311	631
7718	10.00	YZ202217	631
7609	12.00	AA202301	625
7689	6.13	AA202302	630
7690	5.63	AA202303	630
7692	8.04	BT202401	630
7693	5.63	BF202404	630
7694	3.30	BY202306	630
7695	9.17	DK202314	630
7696	4.75	DA202113	630
7697	4.04	GN202207	630
7698	10.00	GD202208	630
7699	3.38	NY202309	630
7700	8.54	NE202014	630
7701	8.42	TK202311	630
7702	3.91	YZ202217	630
7703	4.83	YM202315	630
7753	14.19	AT202405	634
7754	14.59	AM202202	634
7755	13.88	BK202204	634
7756	14.19	BA201902	634
7757	14.84	BF202205	634
7758	13.09	DF202117	634
7759	15.16	DR202206	634
7760	14.44	LF202102	634
7761	13.19	MY202209	634
7762	14.97	ME202210	634
7763	14.13	OI202211	634
7764	14.63	SS202212	634
7765	14.78	SD202110	634
7766	12.97	TE202114	634
7767	16.38	TW202213	634
7768	16.66	TT202215	634
7769	12.63	TF202108	634
7804	11.00	AA202301	637
7805	11.00	AA202302	637
7806	11.00	AA202303	637
7807	12.00	AR202305	637
7808	11.00	BT202401	637
7809	12.00	BF202404	637
7810	11.00	BY202306	637
7811	12.00	DK202314	637
7812	11.00	DA202113	637
7813	13.00	GN202207	637
7814	12.00	GD202208	637
7815	11.00	NY202309	637
7816	11.00	NE202014	637
7817	12.00	TK202311	637
7818	11.00	YZ202217	637
7819	11.00	YM202315	637
7822	11.00	AA202303	638
7824	11.00	BT202401	638
7825	11.00	BF202404	638
7826	11.00	BY202306	638
7827	17.00	DK202314	638
7828	11.00	DA202113	638
7829	12.00	GN202207	638
7830	15.00	GD202208	638
7831	10.00	NY202309	638
7832	11.00	NE202014	638
7833	12.00	TK202311	638
7834	12.00	YZ202217	638
7835	12.00	YM202315	638
7771	11.00	AM202202	635
7836	14.00	AA202301	639
7837	10.00	AA202302	639
7839	10.00	AR202305	639
7840	10.00	BT202401	639
7841	11.00	BF202404	639
7842	10.00	BY202306	639
7843	14.00	DK202314	639
7844	12.00	DA202113	639
7845	11.00	GN202207	639
7846	12.00	GD202208	639
7847	11.00	NY202309	639
7848	10.00	NE202014	639
7849	11.00	TK202311	639
7850	11.00	YZ202217	639
7851	10.00	YM202315	639
7852	15.00	AA202301	640
7854	8.00	AA202303	640
7821	10.00	AA202302	638
7772	9.25	BK202204	635
7773	8.00	BA201902	635
7774	8.00	BF202205	635
7775	12.00	DF202117	635
7776	8.50	DR202206	635
7777	10.00	LF202102	635
7778	9.00	MY202209	635
7779	15.50	ME202210	635
7780	12.00	OI202211	635
7781	12.50	SS202212	635
7782	12.50	SD202110	635
7784	11.50	TW202213	635
7785	13.75	TT202215	635
7786	7.50	TF202108	635
7736	18.00	AT202405	633
7737	16.00	AM202202	633
7738	13.00	BK202204	633
7739	14.50	BA201902	633
7740	14.50	BF202205	633
7741	11.50	DF202117	633
7742	12.00	DR202206	633
7743	16.00	LF202102	633
7744	9.00	MY202209	633
7745	16.50	ME202210	633
7746	12.00	OI202211	633
7748	18.00	SD202110	633
7749	13.00	TE202114	633
7750	14.00	TW202213	633
7751	16.00	TT202215	633
7752	14.50	TF202108	633
7719	18.00	YM202315	631
7770	14.00	AT202405	635
7720	9.70	AA202301	632
7721	12.40	AA202302	632
7722	9.40	AA202303	632
7723	11.50	AR202305	632
7724	11.70	BT202401	632
7725	10.60	BF202404	632
7726	12.95	BY202306	632
7727	13.00	DK202314	632
7729	11.80	GN202207	632
7730	10.00	GD202208	632
7731	9.80	NY202309	632
7732	11.80	NE202014	632
7733	8.80	TK202311	632
7734	11.40	YZ202217	632
7735	12.80	YM202315	632
7787	10.10	AT202405	636
7788	6.30	AM202202	636
7789	5.35	BK202204	636
7790	12.00	BA201902	636
7791	7.80	BF202205	636
7792	11.25	DF202117	636
7793	11.05	DR202206	636
7795	7.30	MY202209	636
7796	15.55	ME202210	636
7797	10.10	OI202211	636
7798	8.45	SS202212	636
7799	11.95	SD202110	636
7800	8.65	TE202114	636
7801	8.40	TW202213	636
7802	11.00	TT202215	636
7803	9.40	TF202108	636
7868	10.04	AF202408	641
7869	11.92	AA202405	641
7870	14.37	AA202417	641
7871	15.17	AG202407	641
7872	9.01	AB202416	641
7873	7.12	AI202406	641
7874	13.45	AD202418	641
7875	10.12	DG202409	641
7876	12.44	KG202410	641
7877	14.54	MK202411	641
7878	11.81	OE202414	641
7879	11.78	SK202412	641
7880	9.28	TR202415	641
7915	0.00	AA202303	644
7916	17.00	AR202305	644
7917	0.00	BT202401	644
7918	5.00	BF202404	644
7919	12.00	BY202306	644
7920	20.00	DK202314	644
7921	0.00	DA202113	644
7922	19.50	GN202207	644
7923	10.00	GD202208	644
7924	0.00	NY202309	644
7925	0.00	NE202014	644
7926	0.00	TK202311	644
7927	12.50	YZ202217	644
7928	0.00	YM202315	644
6999	4.50	AB202416	588
7855	8.00	AR202305	640
7947	6.25	AA202303	646
7948	3.00	AR202305	646
7949	2.50	BT202401	646
7950	6.50	BF202404	646
7951	12.50	BY202306	646
7952	13.75	DK202314	646
7953	10.00	DA202113	646
7954	6.00	GN202207	646
7955	11.82	GD202208	646
7956	6.00	NY202309	646
7957	5.00	NE202014	646
7958	6.00	TK202311	646
7959	10.75	YZ202217	646
7960	8.50	YM202315	646
7262	12.50	AA202301	602
7945	6.75	AA202301	646
7961	8.50	AF202408	647
7962	11.50	AA202405	647
7963	10.25	AA202417	647
7964	11.50	AG202407	647
7965	11.00	AB202416	647
7966	11.50	AI202406	647
7967	7.50	AD202418	647
7968	10.50	DG202409	647
7969	13.75	KG202410	647
7970	13.25	MK202411	647
7971	10.00	OE202414	647
7972	1.50	SK202412	647
7973	10.75	TR202415	647
7974	18.00	AA202301	648
7975	19.00	AA202302	648
7976	18.00	AA202303	648
7977	16.00	AR202305	648
7978	16.00	BT202401	648
7979	15.00	BF202404	648
7980	16.00	BY202306	648
7981	17.00	DK202314	648
7982	15.00	DA202113	648
7983	17.00	GN202207	648
7931	0.00	AA202303	645
7932	12.00	AR202305	645
7933	0.00	BT202401	645
7934	12.00	BF202404	645
7935	0.00	BY202306	645
7936	10.00	DK202314	645
7937	12.00	DA202113	645
7938	7.00	GN202207	645
7939	14.50	GD202208	645
7940	0.00	NY202309	645
7941	0.00	NE202014	645
7942	10.00	TK202311	645
7943	0.00	YZ202217	645
7944	0.00	YM202315	645
7913	0.00	AA202301	644
7930	4.00	AA202302	645
7882	8.00	AA202302	642
7883	8.00	AA202303	642
7884	8.00	AR202305	642
7885	16.00	BT202401	642
7886	8.00	BF202404	642
7887	18.00	BY202306	642
7888	15.00	DK202314	642
7889	2.00	DA202113	642
7890	9.00	GN202207	642
7891	18.00	GD202208	642
7892	0.00	NY202309	642
7893	12.00	NE202014	642
7894	12.00	TK202311	642
7895	12.50	YZ202217	642
7897	14.00	AA202301	643
7898	0.00	AA202302	643
7899	0.00	AA202303	643
7900	15.00	AR202305	643
7901	4.00	BT202401	643
7902	2.00	BF202404	643
7903	20.00	BY202306	643
7904	20.00	DK202314	643
7905	12.00	DA202113	643
7906	19.00	GN202207	643
7907	15.00	GD202208	643
7908	5.00	NY202309	643
7909	17.00	NE202014	643
7910	0.00	TK202311	643
7912	14.00	YM202315	643
7914	18.00	AA202302	644
7856	10.00	BT202401	640
7857	8.00	BF202404	640
7858	8.00	BY202306	640
7859	10.00	DK202314	640
7860	15.00	DA202113	640
7861	15.00	GN202207	640
7862	12.00	GD202208	640
7863	7.00	NY202309	640
7864	10.00	NE202014	640
7865	8.00	TK202311	640
7866	12.00	YZ202217	640
7867	8.00	YM202315	640
7946	9.75	AA202302	646
7265	11.00	AR202305	602
7984	14.00	GD202208	648
7985	15.00	NY202309	648
7986	17.00	NE202014	648
7987	18.00	TK202311	648
7988	18.00	YZ202217	648
7989	17.00	YM202315	648
7990	12.00	AT202405	649
7991	14.00	AM202202	649
7992	9.00	BK202204	649
7993	2.50	BA201902	649
7994	12.00	BF202205	649
7995	12.00	DF202117	649
7996	15.00	DR202206	649
7997	13.50	LF202102	649
7998	17.00	MY202209	649
7999	6.50	ME202210	649
8000	8.50	OI202211	649
8001	11.00	SS202212	649
8002	16.00	SD202110	649
8003	16.00	TE202114	649
8004	20.00	TW202213	649
8005	16.00	TT202215	649
8006	12.00	TF202108	649
7498	15.00	AA202301	618
7513	14.00	YM202315	618
7528	10.00	YZ202217	619
7881	2.00	AA202301	642
7896	16.00	YM202315	642
7911	12.50	YZ202217	643
7838	10.00	AA202303	639
7853	8.00	AA202302	640
7028	11.00	BY202306	590
7044	12.00	BF202404	591
7053	12.00	YZ202217	591
7820	16.00	AA202301	638
7823	11.00	AR202305	638
7466	0.00	AA202301	616
7468	9.50	AA202303	616
7483	0.00	AA202302	617
7103	18.00	TK202311	594
8024	14.50	AA202301	651
7929	0.00	AA202301	645
7247	11.00	AA202302	601
7232	12.00	AA202303	600
8007	9.00	AT202405	650
8008	8.00	AM202202	650
8009	8.00	BK202204	650
8010	14.00	BA201902	650
8011	6.00	BF202205	650
8012	6.50	DF202117	650
8013	9.00	DR202206	650
8014	10.00	LF202102	650
8015	5.00	MY202209	650
8016	7.50	ME202210	650
8017	8.00	OI202211	650
8018	10.00	SS202212	650
8019	15.50	SD202110	650
8020	5.00	TE202114	650
8021	10.00	TW202213	650
8022	14.50	TT202215	650
8023	4.50	TF202108	650
7642	16.00	AT202405	627
7645	15.50	BA201902	627
7214	13.67	AA202301	599
7229	14.50	YM202315	599
7292	15.50	YZ202217	603
7585	7.00	DR202206	623
8025	15.50	AA202302	651
8045	12.00	BF202404	652
8046	10.00	BY202306	652
8047	4.00	DK202314	652
8040	4.00	AA202301	652
8041	13.00	AA202302	652
8042	4.00	AA202303	652
8026	16.50	AA202303	651
8027	16.50	AR202305	651
8028	15.00	BT202401	651
8029	16.50	BF202404	651
8030	17.50	BY202306	651
8031	14.50	DK202314	651
8032	14.50	DA202113	651
8033	14.25	GN202207	651
8034	15.50	GD202208	651
8035	17.50	NY202309	651
8036	15.00	NE202014	651
8037	16.50	TK202311	651
8038	15.00	YZ202217	651
8039	15.50	YM202315	651
8048	10.00	DA202113	652
8049	14.25	GN202207	652
8043	10.00	AR202305	652
8044	4.00	BT202401	652
8050	15.50	GD202208	652
8051	0.00	NY202309	652
8052	6.00	NE202014	652
8053	4.00	TK202311	652
8054	0.00	YZ202217	652
8055	4.00	YM202315	652
7575	9.44	TE202114	622
7783	8.00	TE202114	635
7747	15.50	SS202212	633
7610	12.25	AA202302	625
8056	10.00	AA202301	653
8057	14.50	AA202302	653
8058	11.00	AA202303	653
8059	15.00	AR202305	653
8060	13.00	BT202401	653
8061	12.00	BF202404	653
8062	11.50	BY202306	653
8063	9.50	DK202314	653
8064	14.00	DA202113	653
8065	14.25	GN202207	653
8066	15.50	GD202208	653
8067	14.00	NY202309	653
8068	6.00	NE202014	653
8069	15.50	TK202311	653
8070	13.50	YZ202217	653
8071	12.00	YM202315	653
8072	14.50	AF202408	654
8073	12.50	AA202405	654
8074	18.00	AA202417	654
8075	19.50	AG202407	654
8076	16.00	AB202416	654
8077	15.00	AI202406	654
8078	15.50	AD202418	654
8079	16.50	DG202409	654
8080	16.50	KG202410	654
8081	16.00	MK202411	654
8082	17.00	OE202414	654
8083	12.00	SK202412	654
8084	17.50	TR202415	654
8085	14.00	AF202408	655
8086	15.00	AA202405	655
8087	16.00	AA202417	655
8088	15.00	AG202407	655
8089	16.00	AB202416	655
8090	15.00	AI202406	655
8091	16.00	AD202418	655
8092	14.00	DG202409	655
8093	17.00	KG202410	655
8094	14.50	MK202411	655
8095	14.50	OE202414	655
8096	16.50	SK202412	655
8097	15.50	TR202415	655
8098	10.60	AF202408	656
8099	12.20	AA202405	656
8100	15.50	AA202417	656
8101	15.80	AG202407	656
8102	10.20	AB202416	656
8103	17.80	AI202406	656
8104	6.90	AD202418	656
8105	14.30	DG202409	656
8106	17.40	KG202410	656
8107	17.00	MK202411	656
8108	12.60	OE202414	656
8109	8.00	SK202412	656
8110	9.00	TR202415	656
8111	12.40	AF202408	657
8112	7.30	AA202405	657
8113	11.40	AA202417	657
8114	16.20	AG202407	657
8115	10.60	AB202416	657
8116	7.00	AI202406	657
8117	10.80	AD202418	657
8118	15.10	DG202409	657
8119	11.60	KG202410	657
8120	15.00	MK202411	657
8121	7.50	OE202414	657
8122	6.80	SK202412	657
8123	10.40	TR202415	657
8124	11.20	AF202408	658
8125	16.30	AA202405	658
8126	14.80	AA202417	658
8127	15.80	AG202407	658
8128	6.20	AB202416	658
8129	14.00	AI202406	658
8130	14.50	AD202418	658
8131	18.30	DG202409	658
8132	16.90	KG202410	658
8133	14.50	MK202411	658
8134	7.70	OE202414	658
8135	11.20	SK202412	658
8136	8.30	TR202415	658
8150	8.20	AF202408	660
8151	13.90	AA202405	660
8152	16.40	AA202417	660
8153	13.20	AG202407	660
8154	11.10	AB202416	660
8155	6.70	AI202406	660
8156	6.60	AD202418	660
8157	17.50	DG202409	660
8158	15.40	KG202410	660
8159	19.00	MK202411	660
8160	9.20	OE202414	660
8161	12.30	SK202412	660
8162	6.70	TR202415	660
8137	7.50	AF202408	659
8138	11.60	AA202405	659
8139	14.60	AA202417	659
8140	11.30	AG202407	659
8141	5.90	AB202416	659
8142	13.50	AI202406	659
8143	9.70	AD202418	659
8144	15.30	DG202409	659
8145	12.80	KG202410	659
8146	14.50	MK202411	659
8147	8.80	OE202414	659
8148	8.70	SK202412	659
8149	6.80	TR202415	659
8163	15.40	AF202408	661
8164	12.30	AA202405	661
8165	16.30	AA202417	661
8166	15.40	AG202407	661
8167	15.60	AB202416	661
8168	12.60	AI202406	661
8169	12.30	AD202418	661
8170	15.60	DG202409	661
8171	14.30	KG202410	661
8172	14.30	MK202411	661
8173	15.70	OE202414	661
8174	12.60	SK202412	661
8175	14.20	TR202415	661
8275	17.00	AT202405	669
8276	16.50	AM202202	669
8277	17.00	BK202204	669
8278	15.50	BA201902	669
8279	18.00	BF202205	669
8280	14.00	DF202117	669
8281	16.00	DR202206	669
8282	14.00	LF202102	669
8283	17.00	MY202209	669
8284	16.50	ME202210	669
8285	16.00	OI202211	669
8286	16.25	SS202212	669
8287	18.00	SD202110	669
8176	11.30	AF202408	662
8177	14.00	AA202405	662
8178	14.70	AA202417	662
8179	15.50	AG202407	662
8180	18.10	AB202416	662
8181	13.10	AI202406	662
8182	15.60	AD202418	662
8183	18.60	DG202409	662
8184	16.30	KG202410	662
8185	13.90	MK202411	662
8186	14.80	OE202414	662
8187	13.60	SK202412	662
8188	14.40	TR202415	662
8189	6.80	AF202408	663
8190	14.70	AA202405	663
8191	15.80	AA202417	663
8192	15.60	AG202407	663
8193	8.90	AB202416	663
8194	8.90	AI202406	663
8195	10.90	AD202418	663
8196	12.80	DG202409	663
8197	11.80	KG202410	663
8198	16.10	MK202411	663
8199	11.30	OE202414	663
8200	9.50	SK202412	663
8201	6.60	TR202415	663
8228	5.50	AF202408	666
8229	13.50	AA202405	666
8230	6.00	AA202417	666
8231	8.50	AG202407	666
8232	5.50	AB202416	666
8233	3.00	AI202406	666
8234	7.50	AD202418	666
8235	16.50	DG202409	666
8236	4.00	KG202410	666
8237	15.50	MK202411	666
8238	7.50	OE202414	666
8239	4.50	SK202412	666
8240	4.00	TR202415	666
8215	9.00	AF202408	665
8216	13.50	AA202405	665
8217	14.00	AA202417	665
8218	14.50	AG202407	665
8219	10.75	AB202416	665
8220	11.00	AI202406	665
8221	11.25	AD202418	665
8222	16.00	DG202409	665
8223	10.25	KG202410	665
8224	15.50	MK202411	665
8225	8.50	OE202414	665
8226	7.25	SK202412	665
8227	8.00	TR202415	665
8202	9.20	AF202408	664
8203	16.90	AA202405	664
8204	16.20	AA202417	664
8205	14.90	AG202407	664
8206	8.60	AB202416	664
8207	7.20	AI202406	664
8208	9.50	AD202418	664
8209	8.80	DG202409	664
8210	13.40	KG202410	664
8211	16.20	MK202411	664
8212	9.40	OE202414	664
8213	7.00	SK202412	664
8214	13.70	TR202415	664
8241	18.20	AT202405	667
8242	15.20	AM202202	667
8243	17.50	BK202204	667
8244	14.80	BA201902	667
8245	15.50	BF202205	667
8246	17.30	DF202117	667
8247	18.20	DR202206	667
8248	12.50	LF202102	667
8249	16.50	MY202209	667
8250	15.20	ME202210	667
8251	18.20	OI202211	667
8252	15.70	SS202212	667
8253	15.80	SD202110	667
8254	14.00	TE202114	667
8255	18.30	TW202213	667
8256	15.80	TT202215	667
8257	11.50	TF202108	667
8258	14.00	AT202405	668
8259	11.80	AM202202	668
8260	8.30	BK202204	668
8261	11.90	BA201902	668
8262	10.80	BF202205	668
8263	15.20	DF202117	668
8264	12.40	DR202206	668
8265	11.10	LF202102	668
8266	15.50	MY202209	668
8267	12.40	ME202210	668
8268	15.90	OI202211	668
8269	15.30	SS202212	668
8270	10.80	SD202110	668
8271	12.40	TE202114	668
8272	11.00	TW202213	668
8273	11.50	TT202215	668
8274	6.00	TF202108	668
8288	17.00	TE202114	669
8289	17.50	TW202213	669
8290	17.50	TT202215	669
8291	17.25	TF202108	669
8292	15.50	AT202405	670
8293	17.00	AM202202	670
8294	16.00	BK202204	670
8295	15.50	BA201902	670
8296	15.75	BF202205	670
8297	13.50	DF202117	670
8298	15.50	DR202206	670
8299	17.00	LF202102	670
8300	15.00	MY202209	670
8301	16.00	ME202210	670
8302	15.50	OI202211	670
8303	14.50	SS202212	670
8304	15.75	SD202110	670
8305	15.75	TE202114	670
8306	17.00	TW202213	670
8307	16.50	TT202215	670
8308	16.50	TF202108	670
7707	9.75	AR202305	631
7691	7.25	AR202305	630
7728	10.70	DA202113	632
7794	8.20	LF202102	636
7398	12.00	AT202405	612
7401	16.25	BA201902	612
7416	15.00	AM202202	613
7431	16.00	TF202108	613
7446	14.50	TW202213	614
7455	9.00	DR202206	615
\.


--
-- Data for Name: main_paiement; Type: TABLE DATA; Schema: public; Owner: gestion_ifnti_user
--

COPY public.main_paiement (id, type, montant, dateversement, numerobordereau, annee_universitaire_id, comptable_id, compte_bancaire_id, etudiant_id) FROM stdin;
\.


--
-- Data for Name: main_parametre; Type: TABLE DATA; Schema: public; Owner: gestion_ifnti_user
--

COPY public.main_parametre (id, data_is_load, numero_compte, nom_institut, logo_institut, directeur_des_etudes) FROM stdin;
\.


--
-- Data for Name: main_parcours; Type: TABLE DATA; Schema: public; Owner: gestion_ifnti_user
--

COPY public.main_parcours (id, nom, description, domaine_id) FROM stdin;
1	Licence Genie Logiciel	description	1
\.


--
-- Data for Name: main_personnel; Type: TABLE DATA; Schema: public; Owner: gestion_ifnti_user
--

COPY public.main_personnel (id, nom, prenom, sexe, datenaissance, lieunaissance, contact, email, adresse, prefecture, is_active, carte_identity, nationalite, profil, qualification_professionnel, numero_cnss, nif, "salaireBrut", dernierdiplome, "nbreJrsCongesRestant", "nbreJrsConsomme", nombre_de_personnes_en_charge, user_id) FROM stdin;
1	TEOURI	Mohamed-Sabirou	M	1990-05-03	Sokodé	90919141	sabirou.teouri@ifnti.com	Sokodé	Sokodé	t	0	Togolaise			442260	0	350000.00		30	0	2	2
4	ALISSERA	Manaar	F	\N	SOKODÉ	90 11 22 33	test@ifnti.com	sokodé	tchaoudjo	t	1111	Togolaise		Enseignant	0	0	0.00		0	0	0	6
5	ADAME	Issifou	M	\N	SOKODÉ	90 11 22 33	test@ifnti.com	sokodé	tchaoudjo	t	1111	Togolaise		Enseignant	0	0	0.00		0	0	0	7
6	SAHM	Ichaou	M	\N	SOKODÉ	90 11 22 33	test@ifnti.com	sokodé	tchaoudjo	t	1111	Togolaise		Enseignant	0	0	0.00		0	0	0	8
7	SEMA	Gado	M	\N	SOKODÉ	90 11 22 33	test@ifnti.com	sokodé	tchaoudjo	t	1111	Togolaise		Enseignant	0	0	0.00		0	0	0	9
8	MAWUGNA	Kossi Ankou	M	\N	SOKODÉ	90 11 22 33	test@ifnti.com	sokodé	tchaoudjo	t	1111	Togolaise		Enseignant	0	0	0.00		0	0	0	10
9	KABOSSA	Kodjovi	M	\N	SOKODÉ	90 11 22 33	test@ifnti.com	sokodé	tchaoudjo	t	1111	Togolaise		Enseignant	0	0	0.00		0	0	0	11
10	DOGOUNA	Wonloba Mdakéna	M	\N	SOKODÉ	90 11 22 33	test@ifnti.com	sokodé	tchaoudjo	t	1111	Togolaise		Enseignant	0	0	0.00		0	0	0	12
11	TEOURI	Josué	M	\N	SOKODÉ	90 11 22 33	test@ifnti.com	sokodé	tchaoudjo	t	1111	Togolaise		Enseignant	0	0	0.00		0	0	0	13
12	TOURE MOUHARI	Abdoul-Haq	M	\N	SOKODÉ	90 11 22 33	test@ifnti.com	sokodé	tchaoudjo	t	1111	Togolaise		Enseignant	0	0	0.00		0	0	0	14
13	DJIMISSA	Kokou Wama	M	\N	SOKODÉ	90 11 22 33	test@ifnti.com	sokodé	tchaoudjo	t	1111	Togolaise		Enseignant	0	0	0.00		0	0	0	15
15	TEOURI	Ruth	F	\N	SOKODÉ	90 11 22 33	test@ifnti.com	sokodé	tchaoudjo	t	1111	Togolaise		Enseignant	0	0	0.00		0	0	0	17
16	TRAORE	Nasser	M	\N	SOKODÉ	90 11 22 33	test@ifnti.com	sokodé	tchaoudjo	t	1111	Togolaise		Enseignant	0	0	0.00		0	0	0	18
17	CLEMENT	Vincent	M	\N	SOKODÉ	90 11 22 33	test@ifnti.com	sokodé	tchaoudjo	t	1111	Togolaise		Enseignant	0	0	130000.00		0	0	0	19
18	KOUMOI MOUHAMAM	Sani	M	\N	\N	92859849	test123@gmail.com	Sokode	tchaoudjo	t		Togolaise		Enseignant	739744	0	170000.00		0	0	0	123
19	SIBITTI	Amoudiya	F	1992-03-24		70133888	solkobouamoudiya19@gmail.com	Sokode	tchaoudjo	t		Togolaise			0	0	75000.00		0	0	1	124
21	HEGRA	Bekoumouda	M	\N	Guassigakini	70405867	hegrabekoumouda@gmail.com	300BP40 Sokodé	tchaoudjo	t	0365-286-0031	Togolaise		Comptable	345035	1001916880	100000.00		0	30	4	132
23	IKOUSSENIN	Aboudou	M	1990-05-08	Kaboli	91716938	ikousseninaboudou@gmail.com	300BP40 Sokodé	tchaoudjo	t		Togolaise			0439775	0	52500.00		0	0	2	135
24	OGBONE INOUSSA	Medjidon	M	1990-01-01	Kaboli	91700232	mogboneinoussa@gmail.com	300BP40 Sokodé	tchaoudjo	t		Togolaise			277822	0	52500.00		0	0	3	136
25	PYRAT	Raphaël	M	\N	France	96100179	raphael@gmail.com	300BP40 Sokodé	tchaoudjo	t		Togolaise		Enseignant	0	0	130000.00		0	0	0	137
26	KONDI	Abdoul Malik	M	\N	Sotouboua	93561240	malik.kondi@ifnti.com	sokodé, Togo	tchaoudjo	t	\N	Togolaise		Stagiaire	0	0	52500.00		0	0	0	153
27	OURO-AKONDO	Malika	F	2000-12-31	Sokodé	79737626	malika.akondo@gmail.com	300BP40 Sokodé	tchaoudjo	t	\N	Togolaise		Stagiaire	0	0	52000.00		0	0	0	154
30	DARE	Daré	M	1990-12-01	Sokodé	90000000	contact@ifnti.com	Sokodé/Barrière	tchaoudjo	t	\N	Togolaise		Enseignant	0	0	0.00		0	0	0	169
28	AMIDOU	ABDOU-RAOUFOU	M	\N	Sokodé	22996487363	raoufou@raoufou.raoufou	Cotonou, Bénin	tchaoudjo	t	\N	Togolaise		Enseignant	0	0	25000.00		0	0	0	156
31	IKOUSSENIN	Moussa	M	\N	\N	00000000	ikoussenin@gmail.com	sokodé, Togo	tchaoudjo	t	\N	Togolaise		Gardien	0	0	10988.00		0	0	0	173
\.


--
-- Data for Name: main_programme; Type: TABLE DATA; Schema: public; Owner: gestion_ifnti_user
--

COPY public.main_programme (id, parcours_id, semestre_id) FROM stdin;
1	1	S3-2021
2	1	S6-2022
3	1	S1-2023
4	1	S2-2023
5	1	S3-2023
6	1	S4-2023
7	1	S5-2023
8	1	S6-2023
9	1	S1-2022
10	1	S3-2022
11	1	S5-2022
12	1	S2-2022
13	1	S4-2022
14	1	S1-2021
15	1	S2-2021
16	1	S1-2020
17	1	S2-2020
18	1	S4-2021
20	1	S3-2024
22	1	S5-2021
21	1	S5-2024
19	1	S1-2024
\.


--
-- Data for Name: main_programme_ues; Type: TABLE DATA; Schema: public; Owner: gestion_ifnti_user
--

COPY public.main_programme_ues (id, programme_id, ue_id) FROM stdin;
1	1	73
2	1	43
3	1	44
4	1	46
5	1	47
6	2	88
7	2	85
8	2	86
9	2	87
10	3	1
11	3	2
12	3	3
13	3	4
14	3	30
15	4	5
16	4	6
17	4	7
18	4	8
19	4	9
20	5	11
21	5	12
22	5	13
23	5	14
24	5	15
25	6	16
26	6	17
27	6	18
28	6	19
29	6	20
30	6	89
31	6	90
32	7	23
33	7	21
34	7	22
35	7	183
36	7	24
37	7	184
38	8	26
39	8	27
40	8	28
41	8	29
42	9	99
43	9	100
44	9	101
45	9	102
46	9	103
47	10	104
48	10	105
49	10	107
50	10	108
51	10	51
52	11	111
53	11	113
54	11	114
55	11	54
56	11	23
57	12	96
58	12	97
59	12	98
60	12	115
61	12	116
62	12	117
63	12	118
64	12	119
65	13	120
66	13	121
67	13	122
68	13	123
69	13	124
70	13	125
71	13	126
72	13	127
73	14	128
74	14	129
75	14	130
76	14	131
77	14	132
78	14	133
79	14	134
80	15	135
81	15	136
82	15	137
83	15	138
84	15	139
85	15	140
86	15	141
87	15	142
88	16	64
89	16	1
90	16	34
91	16	35
92	16	42
93	17	147
94	17	148
95	17	149
96	17	150
97	17	151
98	18	152
99	18	153
100	18	154
101	18	155
102	18	156
103	19	160
104	19	161
105	19	162
106	19	157
107	19	158
108	19	159
109	20	163
110	20	164
111	20	165
112	20	166
113	20	167
114	20	168
115	20	185
116	21	169
118	21	171
119	21	172
120	21	173
121	21	174
122	21	175
123	22	176
124	22	177
125	22	178
126	22	179
127	22	180
128	22	181
129	22	182
133	21	183
135	19	188
\.


--
-- Data for Name: main_semestre; Type: TABLE DATA; Schema: public; Owner: gestion_ifnti_user
--

COPY public.main_semestre (id, libelle, credits, courant, annee_universitaire_id) FROM stdin;
S1-2014	S1	30	f	2
S1-2015	S1	30	f	3
S1-2016	S1	30	f	4
S1-2017	S1	30	f	5
S1-2018	S1	30	f	6
S1-2019	S1	30	f	7
S1-2020	S1	30	f	8
S1-2021	S1	30	f	9
S1-2022	S1	30	f	10
S1-2023	S1	30	t	11
S1-2024	S1	30	t	12
S2-2014	S2	30	f	2
S2-2015	S2	30	f	3
S2-2016	S2	30	f	4
S2-2017	S2	30	f	5
S2-2018	S2	30	f	6
S2-2019	S2	30	f	7
S2-2020	S2	30	f	8
S2-2021	S2	30	f	9
S2-2022	S2	30	f	10
S2-2023	S2	30	t	11
S2-2024	S2	30	t	12
S3-2014	S3	30	f	2
S3-2015	S3	30	f	3
S3-2016	S3	30	f	4
S3-2017	S3	30	f	5
S3-2018	S3	30	f	6
S3-2019	S3	30	f	7
S3-2020	S3	30	f	8
S3-2021	S3	30	f	9
S3-2022	S3	30	f	10
S3-2023	S3	30	t	11
S3-2024	S3	30	t	12
S4-2014	S4	30	f	2
S4-2015	S4	30	f	3
S4-2016	S4	30	f	4
S4-2017	S4	30	f	5
S4-2018	S4	30	f	6
S4-2019	S4	30	f	7
S4-2020	S4	30	f	8
S4-2021	S4	30	f	9
S4-2022	S4	30	f	10
S4-2023	S4	30	t	11
S4-2024	S4	30	f	12
S5-2014	S5	30	f	2
S5-2015	S5	30	f	3
S5-2016	S5	30	f	4
S5-2017	S5	30	f	5
S5-2018	S5	30	f	6
S5-2019	S5	30	f	7
S5-2020	S5	30	f	8
S5-2021	S5	30	f	9
S5-2022	S5	30	f	10
S5-2023	S5	30	t	11
S5-2024	S5	30	f	12
S6-2014	S6	30	f	2
S6-2015	S6	30	f	3
S6-2016	S6	30	f	4
S6-2017	S6	30	f	5
S6-2018	S6	30	f	6
S6-2019	S6	30	f	7
S6-2020	S6	30	f	8
S6-2021	S6	30	f	9
S6-2022	S6	30	f	10
S6-2023	S6	30	t	11
S6-2024	S6	30	f	12
\.


--
-- Data for Name: main_tuteur; Type: TABLE DATA; Schema: public; Owner: gestion_ifnti_user
--

COPY public.main_tuteur (id, nom, prenom, sexe, adresse, contact, profession, type) FROM stdin;
\.


--
-- Data for Name: main_ue; Type: TABLE DATA; Schema: public; Owner: gestion_ifnti_user
--

COPY public.main_ue (id, "codeUE", libelle, niveau, type, "nbreCredits", "minValue", heures, enseignant_id, semestre_id) FROM stdin;
1	INF11114	Manipulation de données	1	Technologie	6	12	72.0	19	\N
2	INFlicence129	Communication et expression en entreprise	1	Communication	6	10	72.0	21	\N
3	MAT1109	Mathématiques I	1	Maths	6	10	72.0	7	\N
4	INF11114	Fondement des TI et systèmes d'exploitation I	1	Technologie	6	12	72.0	17	\N
5	INF12117	Communication  et Insertion en entreprise	1	Technologie	6	10	72.0	21	\N
6	INFlicence005	Électronique	1	Technologie	6	10	72.0	6	\N
7	INFlicence006	Conception orientée objet et base de données	1	Technologie	6	12	72.0	1	\N
8	INFlicence007	Conception et développement des sites web	1	Technologie	6	12	72.0	18	\N
9	INFlicence008	Introduction au développement d'applications	1	Technologie	6	12	72.0	18	\N
11	INFlicence010	Communication et gestion des entreprises	1	Communication	6	10	72.0	21	\N
12	INFlicence011	Mathématiques III	1	Maths	6	10	72.0	7	\N
13	INFlicence012	Infrastructure matériel et logiciel	1	Technologie	6	12	72.0	17	\N
14	INFlicence013	Données et administration de données	1	Technologie	6	12	72.0	1	\N
15	INFlicence014	Programmation 2	1	Technologie	6	12	72.0	5	\N
16	INF1468	Administration de serveur et systèmes d'exploitation II	1	Technologie	4	10	72.0	17	\N
17	INF12117	Réseaux et Introduction à la sécurité informatique	1	Technologie	5	12	72.0	17	\N
18	INF1468	Informatique embarquée II	1	Technologie	5	10	72.0	6	\N
19	INF1468	Conception et développement des applications	1	Technologie	6	12	72.0	1	\N
20	INF1468	Interfaces graphiques	1	Technologie	3	10	72.0	5	\N
21	INF15142	Conception objet pour le déploiement	1	Technologie	3	10	72.0	1	\N
22	ORG1509	Droit, éthique et responsabilité sociale des entreprises	1	Organisation	6	10	72.0	10	\N
23	INF15142	Conception et développement des logiciels	1	Technologie	6	10	72.0	18	\N
24	INF15142	Déploiement des applications web	1	Technologie	6	10	72.0	1	\N
25	INFlicence567	Développement et déploiement des applications mobile	licence	Technologie	6	10	72.0	\N	\N
26	INFlicence025	Projet d'entreprise en développement des applications	1	Technologie	6	10	72.0	1	\N
27	INFlicence026	Cloud computing	1	Technologie	6	10	72.0	1	\N
28	INFlicence027	Mathématique Formelle	1	Maths	6	10	72.0	7	\N
29	INFlicence028	Stage/Projets d'entreprise et soutenance (Stage III)	1	Technologie	12	10	720.0	1	\N
30	INF1129	Algorithmes et Programmation	1	Technologie	6	10	70.0	18	\N
31	INF1127	Manipulation des données	1	Technologie	6	10	24.0	1	\N
34	INF11114	Fondement des technologies et système d’exploitation	1	Technologie	6	10	72.0	4	\N
35	MAT1109	Mathématique I	1	Maths	6	10	24.0	9	\N
36	INF11114	Initiation à l’algorithmique et à la programmation	1	Technologie	6	10	72.0	1	\N
37	COM1213	Communication et insertion en entreprise	1	Communication	6	10	72.0	21	\N
38	INF12117	Réseau et systèmes embarqués	1	Technologie	6	10	72.0	1	\N
39	INF1029	Introduction à la programmation orientée objet et développement d’applications	1	Technologie	6	10	72.0	1	\N
40	INF1030	Conception et structuration des données	1	Technologie	6	10	72.0	1	\N
41	MAT1004	Mathématiques II	1	Maths	6	10	72.0	9	\N
42	COM1113	Communication et insertion en entreprise	1	Communication	6	10	72.0	21	\N
43	INF1031	Programmation Orientée Objet II	1	Technologie	6	10	72.0	1	\N
44	INF1032	Interface Homme Machine	1	Technologie	6	10	72.0	1	\N
45	INF1033	Traitement et administration de données	1	Technologie	6	10	72.0	1	\N
46	INF1034	Communication en entreprise	1	Communication	6	10	72.0	1	\N
47	INF1035	Réseaux et système embarqué	1	Technologie	6	10	12.0	1	\N
48	INF1035	Système	1	Technologie	6	10	12.0	1	\N
49	INF1036	Sécurité	1	Technologie	6	10	12.0	1	\N
50	INF1037	Conception et développement des application web et mobiles	1	Technologie	6	10	12.0	1	\N
51	INF1038	Informatique embarquée	1	Technologie	6	10	12.0	1	\N
52	COM1006	Insertion technique en entreprise	1	Communication	6	10	12.0	21	\N
53	INF1039	Conception et développement des logiciels	1	Technologie	6	10	72.0	18	\N
54	INF1040	Routage, communication et réseaux sans fils	1	Technologie	6	10	72.0	11	\N
55	INF1041	Programmation III, langage avancé	1	Technologie	6	10	72.0	11	\N
56	INF1042	Aptitude technique	1	Technologie	6	10	72.0	1	\N
57	INF1043	Sécurité des applications web	1	Technologie	6	10	72.0	11	\N
58	COM1007	Auto-entrepreneur	1	Communication	6	10	24.0	10	\N
59	MAT1005	Mathématique formelle	1	Maths	6	10	24.0	9	\N
60	INF1044	Projet d’entreprise en développement des applications	1	Technologie	6	10	24.0	11	\N
61	INF1045	Stage de fin d’étude	1	Technologie	12	10	160.0	1	\N
62	INFlicence046	Fondement des technologies et système d’exploitation	licence	Technologie	6	10	72.0	\N	\N
63	INFlicence047	Mathématique I	licence	Technologie	6	10	24.0	\N	\N
64	INFlicence1114	Initiation à l’algorithmique et à la programmation	1	Technologie	6	10	72.0	1	\N
65	INFlicence049	Communication et insertion en entreprise	licence	Technologie	6	10	72.0	\N	\N
66	INFlicence050	Manipulation des données	licence	Technologie	6	10	24.0	\N	\N
67	INFlicence051	Mathématiques II	licence	Technologie	6	10	72.0	\N	\N
68	INFlicence052	Réseau et systèmes embarqués	licence	Technologie	6	10	72.0	\N	\N
69	INFlicence053	Introduction à la programmation orientée objet et développement d’applications	licence	Technologie	6	10	72.0	\N	\N
70	INFlicence054	Conception et structuration des données	licence	Technologie	6	10	72.0	\N	\N
71	INFlicence055	Programmation Orientée Objet II	licence	Technologie	6	10	72.0	\N	\N
72	INFlicence056	Interface Homme Machine	licence	Technologie	6	10	72.0	\N	\N
73	INFlicence057	Traitement et administration de données	1	Technologie	6	10	72.0	18	\N
74	INFlicence058	Communication en entreprise	licence	Technologie	6	10	72.0	\N	\N
75	INFlicence059	Système et administration de données	1	Technologie	6	10	72.0	1	\N
76	INFlicence060	Sécurité des réseaux locaux	1	Technologie	6	10	12.0	11	\N
78	INFlicence062	Informatique embarquée	licence	Technologie	6	10	12.0	\N	\N
79	INFlicence063	Insertion technique en entreprise	licence	Technologie	6	10	12.0	\N	\N
80	INFlicence064	Routage, communication et réseaux sans fils	1	Technologie	6	10	72.0	11	\N
81	INFlicence065	Programmation III, langage avancé	1	Technologie	6	10	72.0	11	\N
82	INFlicence066	Aptitude technique	1	Technologie	6	10	72.0	1	\N
83	INFlicence067	Sécurité des applications web	1	Technologie	6	10	72.0	11	\N
84	INF1068	Réseaux et système embarqué	1	Technologie	6	10	72.0	11	\N
85	ORG1603	Auto-entrepreneur	1	Organisation	3	10	72.0	10	\N
86	MAT1606	Mathématique formelle	1	Maths	3	10	72.0	7	\N
87	INF1669	Projet d’entreprise en développement des applications	1	Technologie	12	10	72.0	11	\N
88	ORG1603	Stage de fin d’étude	1	Organisation	12	10	72.0	1	\N
89	COM1408	Communication  et Insertion en entreprise II	1	Communication	5	10	72.0	21	\N
90	INF1068	Stage de réalisation pratique	1	Technologie	2	12	72.0	1	\N
91	INF1069	Données	1	Technologie	6	10	36.0	1	\N
92	INF1070	Présentation	1	Technologie	4	10	36.0	\N	\N
93	INF1071	Données semi-structurées	1	Technologie	2	10	20.0	1	\N
94	INF1072	Réseaux	1	Technologie	4	10	36.0	16	\N
95	INF1073	Programmation impérative	1	Technologie	4	10	36.0	18	\N
96	INF1294	Projet	1	Technologie	2	10	20.0	1	\N
97	INF1294	Stage	1	Technologie	2	10	20.0	1	\N
98	INF1294	Électronique	1	Technologie	3	10	72.0	1	\N
99	INF1077	Entreprise, expression, Insertion professionnelle	1	Technologie	6	10	40.0	10	\N
100	INF1078	Entreprise, organisation, expression numérique	1	Technologie	6	10	40.0	15	\N
101	INF1079	Fondements des technologies de l'information	1	Technologie	6	10	40.0	11	\N
102	INF1080	Programmation Calculatoire, Algorithmes et structures de données	1	Technologie	6	10	40.0	18	\N
103	INF1081	Initiation aux bases de données I	1	Technologie	6	10	40.0	19	\N
104	ORG1004	Projet en entreprise et insertion professionnelle	1	Organisation	6	10	10.0	1	\N
105	INF1082	Service réseaux	1	Technologie	6	10	40.0	16	\N
106	INF1083	Informatique embarquée	1	Technologie	6	10	10.0	6	\N
107	INF1084	Traitement des données	1	Technologie	6	10	10.0	18	\N
108	INF1085	Conception et programmation orientée objet, Interfaces graphiques et vidéos	1	Technologie	6	10	10.0	1	\N
109	INF1086	Développement web avancé basé sur les framewords	1	Technologie	5	10	20.0	18	\N
110	INF1087	Développement, déploiement et sécurité des applications	1	Technologie	5	10	40.0	1	\N
111	INF1088	Programmation des applications en langage C avancé	1	Technologie	5	10	40.0	11	\N
112	INF1089	Routage, commutation et réseaux sans-fils	1	Technologie	5	10	40.0	17	\N
113	INF1090	Aptitude technique	1	Technologie	6	10	10.0	1	\N
114	INF1091	Sécurité des applications web	1	Technologie	5	10	10.0	17	\N
115	INF1294	Modélisation des données et des processus	1	Technologie	6	10	20.0	1	\N
116	COM1210	Présentation orale	1	Communication	4	10	20.0	21	\N
117	INF1294	Données semi-structurées	1	Technologie	6	10	20.0	18	\N
118	INF11103	Programmation	1	Technologie	6	10	40.0	18	\N
119	COM1210	Langage de signe	1	Communication	1	10	10.0	1	\N
120	COM1011	Intégration en entreprise	1	Communication	2	10	10.0	1	\N
121	INF1095	Administration Système	1	Technologie	4	10	40.0	4	\N
122	INF1096	Réseaux et sécurité	1	Technologie	4	10	30.0	17	\N
123	MAT1008	Mathématique	1	Maths	4	10	30.0	7	\N
124	INF1097	Développement web et Multimédia	1	Technologie	6	10	40.0	1	\N
125	INF1098	Web orienté objet	1	Technologie	6	10	30.0	19	\N
126	INF1099	Programmation Windows	1	Technologie	2	10	10.0	5	\N
127	INF10100	Stage de réalisation pratique	1	Technologie	2	10	20.0	1	\N
128	INF11103	Monde Binaire	1	Technologie	3	10	15.0	17	\N
129	INF11111	Données	1	Technologie	6	10	36.0	1	\N
130	COM1112	Communication	1	Communication	5	10	30.0	21	\N
131	INF11111	Exploitation	1	Technologie	5	10	30.0	17	\N
132	ANG1101	Anglais	1	Anglais	2	10	10.0	8	\N
133	ORG1106	Entreprise	1	Organisation	3	10	15.0	1	\N
134	INF11111	Programmation	1	Technologie	6	10	36.0	18	\N
135	INF10105	Données	1	Technologie	6	10	72.0	1	S2-2021
136	INF10106	Présentation	1	Technologie	4	10	20.0	21	\N
137	INF10107	Données semi-structurées	1	Technologie	2	10	10.0	18	\N
138	INF10108	Réseaux	1	Technologie	4	10	15.0	17	\N
139	INF10109	Électronique	1	Technologie	6	10	72.0	5	\N
140	INF10110	Programmation impérative	1	Technologie	4	10	48.0	18	\N
141	INF10111	Projet de réalisation pratique	1	Technologie	2	10	24.0	1	\N
142	ORG1006	Stage d'immerssion professionnelle	1	Organisation	2	10	24.0	1	\N
143	INF10112	Fondement des technologies et système d’exploitation	1	Technologie	7	10	12.0	\N	\N
144	MAT1009	Mathématique I	1	Maths	4	10	1.0	\N	\N
145	INF11114	Initiation à l’algorithmique et à la programmation	1	Technologie	5	10	1.0	\N	\N
146	INF10114	Manipulation des données	1	Technologie	6	10	1.0	\N	\N
147	COM1013	Communication et insertion en entreprise	1	Communication	6	10	1.0	21	\N
148	INF12117	Réseau et systèmes embarqués	1	Technologie	6	10	32.0	16	\N
149	INF12117	Introduction à la programmation orientée objet et développement d’applications	1	Technologie	6	10	32.0	18	\N
150	INF12117	Conception et structuration des données	1	Technologie	6	10	32.0	1	\N
151	MAT1210	Mathématique II	1	Maths	6	10	32.0	7	\N
152	INF10118	Système et administration de données	1	Technologie	6	10	36.0	1	\N
153	INF10119	Sécurité des réseaux locaux	1	Technologie	6	10	36.0	16	\N
154	INF10120	Conception et développement des application web et mobiles	1	Technologie	6	10	36.0	1	\N
155	INF10121	Informatique embarquée	1	Technologie	6	10	36.0	6	\N
156	ORG1007	Insertion technique en entreprise	1	Organisation	6	10	36.0	10	\N
176	INF10135	Projet de réalisation pratique	1	Technologie	5	10	30.0	1	\N
177	INF10136	Réseaux et sécurité	1	Technologie	5	10	30.0	1	\N
178	INF10137	Mobile et média	1	Technologie	5	10	30.0	1	\N
179	INF10138	Communication et insertion en entreprise	1	Technologie	5	10	30.0	10	\N
180	INF10139	Système d'exploitation	1	Technologie	2	10	12.0	26	\N
181	MAT1014	Modélisation	1	Maths	6	10	20.0	1	\N
182	INF10140	Technologies web	1	Technologie	6	10	72.0	18	\N
184	INF10142	Services réseaux	1	Technologie	6	10	36.0	17	\N
172	MAT1514	Mathématiques	1	Maths	4	10	48.0	7	S5-2024
183	INF15143	UE Libre 2	1	Technologie	3	10	36.0	1	S5-2024
171	ORG1510	Insertion en entreprise	1	Organisation	2	10	24.0	10	S5-2024
160	MAT1114	Algèbre	1	Maths	6	10	76.0	7	S1-2024
163	MAT1314	Statistiques et Probabilités	1	Maths	6	10	36.0	7	S3-2024
159	ORG1110	Introduction à la comptabilité générale	1	Organisation	3	10	36.0	21	S1-2024
161	INF11144	Fondement des TI et systèmes d’exploitation	1	Technologie	4	10	72.0	1	S1-2024
157	INF11144	Outils technologiques et numériques I	1	Technologie	3	10	36.0	15	S1-2024
158	COM1114	Communication et intégration en entreprise I	1	Communication	6	10	72.0	8	S1-2024
166	INF13142	Développement et administration des bases de données	1	Technologie	3	12	36.0	1	S3-2024
185	ORG1010	Intégration en entreprise	1	Organisation	3	10	36.0	10	S3-2024
169	INF15143	UE Libre 1	1	Technologie	3	10	36.0	26	S5-2024
165	INF13142	Conception et programmation des sites web dynamique	1	Technologie	6	12	72.0	18	S3-2024
167	INF13142	Conception, programmation orientée objet	1	Technologie	5	12	72.0	22	S3-2024
164	INF13142	Introduction aux réseaux et à la cybersécurité	1	Technologie	4	12	72.0	11	S3-2024
162	INF11144	Initiation à l’algorithmique et à la programmation	1	Technologie	4	12	72.0	18	S1-2024
168	INF13142	UE Libre	1	Technologie	3	10	36.0	5	S3-2024
174	INF15143	Développement d'applications distribuées	1	Technologie	6	10	72.0	22	S5-2024
175	INF15143	Développement des applications avancées	1	Technologie	6	10	72.0	18	S5-2024
173	INF15143	Conception et intégration des API	1	Technologie	6	12	72.0	22	S5-2024
188	INF10144	Initiation aux bases de données	1	Technologie	4	12	36.0	19	S1-2024
\.


--
-- Data for Name: main_versmentsalaire; Type: TABLE DATA; Schema: public; Owner: gestion_ifnti_user
--

COPY public.main_versmentsalaire (id, date_debut, date_fin, prime_efficacite, prime_qualite, frais_travaux_complementaires, prime_anciennete, frais_prestations_familiales, frais_risques_professionnel, frais_pension_vieillesse_emsalaire, frais_prestations_familiale_salsalaire, assurance_maladie_universelle, tcs, irpp, prime_forfaitaire, acomptes, salaire_net_a_payer, annee_universitaire_id, compte_bancaire_id, personnel_id) FROM stdin;
3	2024-05-01	2024-05-31	0.00	0.00	0.00	0.00	0.03	0.02	0.125	0.04	0.05	0.00	4407.50	0.00	0.00	331592.50	11	2	1
5	2024-10-01	2024-10-31	0.00	0.00	0.00	0.00	0.03	0.02	0.125	0.04	0.05	0.00	0.00	0.00	0.00	96000.00	11	2	21
6	2024-05-01	2024-05-31	0.00	0.00	0.00	0.00	0.03	0.02	0.125	0.04	0.05	0.00	0.00	0.00	0.00	50400.00	11	2	23
7	2024-05-01	2024-05-31	0.00	0.00	0.00	0.00	0.03	0.02	0.125	0.04	0.05	0.00	0.00	0.00	0.00	50400.00	11	2	24
8	2024-05-01	2024-05-31	0.00	0.00	0.00	0.00	0.03	0.02	0.125	0.04	0.05	0.00	0.00	0.00	0.00	50400.00	11	2	18
9	2024-05-01	2024-05-31	0.00	0.00	0.00	0.00	0.03	0.02	0.125	0.04	0.05	0.00	0.00	0.00	0.00	50400.00	11	2	18
10	2024-05-01	2024-05-31	0.00	0.00	0.00	0.00	0.03	0.02	0.125	0.04	0.05	0.00	0.00	0.00	0.00	50400.00	11	2	18
11	2024-05-01	2024-05-31	0.00	0.00	0.00	0.00	0.03	0.02	0.125	0.04	0.05	0.00	0.00	0.00	0.00	50400.00	11	2	18
12	2024-07-01	2024-07-31	0.00	0.00	0.00	0.00	0.03	0.02	0.125	0.04	0.05	0.00	0.00	0.00	0.00	96000.00	11	2	21
17	2024-07-01	2024-07-31	0.00	0.00	0.00	0.00	0.03	0.02	0.125	0.04	0.05	0.00	0.00	0.00	0.00	50400.00	11	2	23
22	2024-07-01	2024-07-31	0.00	0.00	0.00	0.00	0.03	0.02	0.125	0.04	0.05	0.00	0.00	0.00	0.00	96000.00	11	2	21
23	2024-07-01	2024-07-31	0.00	0.00	0.00	0.00	0.03	0.02	0.125	0.04	0.05	0.00	4407.50	0.00	0.00	331592.50	11	2	1
24	2024-07-01	2024-07-31	0.00	0.00	0.00	0.00	0.03	0.02	0.125	0.04	0.05	0.00	0.00	0.00	0.00	50400.00	11	2	24
27	2024-07-01	2024-07-01	0.00	0.00	0.00	0.00	0.03	0.02	0.125	0.04	0.05	0.00	0.00	0.00	0.00	50400.00	11	2	18
28	2024-07-01	2024-07-31	0.00	0.00	0.00	0.00	0.03	0.02	0.125	0.04	0.05	0.00	0.00	0.00	0.00	50400.00	11	2	18
29	2024-07-01	2024-07-31	0.00	0.00	0.00	0.00	0.03	0.02	0.125	0.04	0.05	0.00	0.00	0.00	0.00	50400.00	11	2	18
30	2024-07-01	2024-07-31	0.00	0.00	0.00	0.00	0.03	0.02	0.125	0.04	0.05	0.00	0.00	0.00	0.00	50400.00	11	2	18
31	2024-07-01	2024-07-31	0.00	0.00	0.00	0.00	0.03	0.02	0.125	0.04	0.05	0.00	0.00	0.00	0.00	50400.00	11	2	18
32	2024-07-01	2024-07-31	0.00	0.00	0.00	0.00	0.03	0.02	0.125	0.04	0.05	0.00	0.00	0.00	0.00	50400.00	11	2	18
33	2024-07-01	2024-07-31	0.00	0.00	0.00	0.00	0.03	0.02	0.125	0.04	0.05	0.00	0.00	0.00	0.00	50400.00	11	2	18
34	2024-07-01	2024-07-31	0.00	0.00	0.00	0.00	0.03	0.02	0.125	0.04	0.05	0.00	0.00	0.00	0.00	0.00	11	2	26
36	2024-08-01	2024-08-31	0.00	0.00	0.00	0.00	0.03	0.02	0.125	0.04	0.05	0.00	0.00	0.00	0.00	50400.00	12	2	23
38	2024-08-01	2024-08-31	0.00	0.00	0.00	0.00	0.03	0.02	0.125	0.04	0.05	0.00	0.00	0.00	0.00	50400.00	12	2	24
39	2024-08-01	2024-08-31	0.00	0.00	0.00	0.00	0.03	0.02	0.125	0.04	0.05	0.00	0.00	0.00	0.00	50400.00	12	2	18
40	2024-08-01	2024-08-31	0.00	0.00	0.00	0.00	0.03	0.02	0.125	0.04	0.05	0.00	0.00	0.00	0.00	50400.00	12	2	26
41	2024-08-01	2024-08-31	0.00	0.00	0.00	0.00	0.03	0.02	0.125	0.04	0.05	0.00	0.00	0.00	0.00	49920.00	12	2	27
43	2024-07-01	2024-07-31	0.00	0.00	0.00	0.00	0.03	0.02	0.125	0.04	0.05	0.00	0.00	0.00	0.00	49920.00	12	2	27
44	2024-10-01	2024-10-30	0.00	0.00	0.00	0.00	0.03	0.02	0.125	0.04	0.05	0.00	0.00	0.00	0.00	50400.00	12	2	18
46	2024-09-01	2024-09-30	0.00	0.00	0.00	0.00	0.03	0.02	0.125	0.04	0.05	0.00	0.00	0.00	0.00	50400.00	12	2	23
47	2024-09-01	2024-09-30	0.00	0.00	0.00	0.00	0.03	0.02	0.125	0.04	0.05	0.00	0.00	0.00	0.00	72000.00	12	2	19
48	2024-09-01	2024-09-30	0.00	0.00	0.00	0.00	0.03	0.02	0.125	0.04	0.05	0.00	0.00	0.00	0.00	50400.00	12	2	24
49	2024-09-01	2024-09-30	0.00	0.00	0.00	0.00	0.03	0.02	0.125	0.04	0.05	0.00	0.00	0.00	0.00	50400.00	12	2	26
50	2024-09-01	2024-09-30	0.00	0.00	0.00	0.00	0.03	0.02	0.125	0.04	0.05	0.00	0.00	0.00	0.00	49920.00	12	2	27
51	2024-09-01	2024-09-30	0.00	0.00	0.00	0.00	0.03	0.02	0.125	0.04	0.05	0.00	0.00	0.00	0.00	50400.00	12	2	18
53	2024-10-01	2024-10-31	0.00	0.00	0.00	0.00	0.03	0.02	0.125	0.04	0.05	0.00	0.00	0.00	0.00	50400.00	12	2	18
54	2024-10-01	2024-10-31	0.00	0.00	0.00	0.00	0.03	0.02	0.125	0.04	0.05	0.00	0.00	0.00	0.00	50400.00	12	2	18
55	2024-10-01	2024-10-31	0.00	0.00	0.00	0.00	0.03	0.02	0.125	0.04	0.05	0.00	0.00	0.00	0.00	50400.00	12	2	18
59	2024-10-01	2024-10-31	0.00	0.00	0.00	0.00	0.03	0.02	0.125	0.04	0.05	0.00	0.00	0.00	0.00	50400.00	12	2	26
60	2024-10-01	2024-10-31	0.00	0.00	0.00	0.00	0.03	0.02	0.125	0.04	0.05	0.00	0.00	0.00	0.00	49920.00	12	2	27
63	2024-10-01	2024-10-30	0.00	0.00	0.00	0.00	0.03	0.02	0.125	0.04	0.05	0.00	0.00	0.00	0.00	50400.00	12	2	24
64	2024-10-01	2024-10-30	0.00	0.00	0.00	0.00	0.03	0.02	0.125	0.04	0.05	0.00	0.00	0.00	0.00	72000.00	12	2	19
65	2024-10-01	2024-10-30	0.00	0.00	0.00	0.00	0.03	0.02	0.125	0.04	0.05	0.00	0.00	0.00	0.00	50400.00	12	2	23
66	2024-10-01	2024-10-30	0.00	0.00	0.00	0.00	0.03	0.02	0.125	0.04	0.05	0.00	0.00	0.00	0.00	50400.00	12	2	26
67	2024-10-01	2024-10-30	0.00	0.00	0.00	0.00	0.03	0.02	0.125	0.04	0.05	0.00	0.00	0.00	0.00	50400.00	12	2	26
68	2024-10-01	2024-10-30	0.00	0.00	0.00	0.00	0.03	0.02	0.125	0.04	0.05	0.00	0.00	0.00	0.00	49920.00	12	2	27
69	2024-10-01	2024-10-30	0.00	0.00	0.00	0.00	0.03	0.02	0.125	0.04	0.05	0.00	0.00	0.00	0.00	50400.00	12	2	26
70	2024-10-01	2024-10-30	0.00	0.00	0.00	0.00	0.03	0.02	0.125	0.04	0.05	0.00	4407.50	0.00	0.00	331592.50	12	2	1
71	2024-10-01	2024-10-30	0.00	0.00	0.00	0.00	0.03	0.02	0.125	0.04	0.05	0.00	0.00	0.00	0.00	50400.00	12	2	18
72	2024-10-01	2024-10-30	0.00	0.00	0.00	0.00	0.03	0.02	0.125	0.04	0.05	0.00	0.00	0.00	0.00	50400.00	12	2	18
73	2024-10-01	2024-10-30	0.00	0.00	0.00	0.00	0.03	0.02	0.125	0.04	0.05	0.00	0.00	0.00	0.00	50400.00	12	2	18
74	2024-11-01	2024-11-30	0.00	0.00	0.00	0.00	0.03	0.02	0.125	0.04	0.05	0.00	4407.50	0.00	0.00	331592.50	12	2	1
75	2024-11-01	2024-11-30	0.00	0.00	0.00	0.00	0.03	0.02	0.125	0.04	0.05	0.00	0.00	0.00	0.00	72000.00	12	2	19
76	2024-11-01	2024-11-30	0.00	0.00	0.00	0.00	0.03	0.02	0.125	0.04	0.05	0.00	0.00	0.00	0.00	50400.00	12	2	23
77	2024-11-01	2024-11-30	0.00	0.00	0.00	0.00	0.03	0.02	0.125	0.04	0.05	0.00	0.00	0.00	0.00	50400.00	12	2	24
78	2024-11-01	2024-11-30	0.00	0.00	0.00	0.00	0.03	0.02	0.125	0.04	0.05	0.00	0.00	0.00	0.00	50400.00	12	2	26
79	2024-11-01	2024-11-30	0.00	0.00	0.00	0.00	0.03	0.02	0.125	0.04	0.05	0.00	0.00	0.00	0.00	49920.00	12	2	27
80	2024-11-01	2024-11-30	0.00	0.00	0.00	0.00	0.03	0.02	0.125	0.04	0.05	0.00	1275.00	0.00	0.00	161925.00	12	2	18
81	2024-12-01	2024-12-31	0.00	0.00	0.00	0.00	0.03	0.02	0.125	0.04	0.05	0.00	0.00	0.00	0.00	49920.00	12	2	27
82	2024-12-01	2024-12-31	0.00	0.00	0.00	0.00	0.03	0.02	0.125	0.04	0.05	0.00	0.00	0.00	0.00	50400.00	12	2	26
83	2024-12-01	2024-12-31	0.00	0.00	0.00	0.00	0.03	0.02	0.125	0.04	0.05	0.00	4407.50	0.00	0.00	331592.50	12	2	1
84	2024-12-01	2024-12-31	0.00	0.00	0.00	0.00	0.03	0.02	0.125	0.04	0.05	0.00	1275.00	0.00	0.00	161925.00	12	2	18
85	2024-12-01	2024-12-31	0.00	0.00	0.00	0.00	0.03	0.02	0.125	0.04	0.05	0.00	0.00	0.00	0.00	72000.00	12	2	19
86	2024-12-01	2024-12-31	0.00	0.00	0.00	0.00	0.03	0.02	0.125	0.04	0.05	0.00	0.00	0.00	0.00	50400.00	12	2	23
87	2024-12-01	2024-12-31	0.00	0.00	0.00	0.00	0.03	0.02	0.125	0.04	0.05	0.00	0.00	0.00	0.00	50400.00	12	2	24
90	2025-01-01	2025-01-31	0.00	0.00	0.00	0.00	0.03	0.02	0.125	0.04	0.05	0.00	0.00	0.00	0.00	50400.00	12	2	26
91	2025-01-01	2025-01-28	0.00	0.00	0.00	0.00	0.03	0.02	0.125	0.04	0.05	0.00	1275.00	0.00	0.00	161925.00	12	2	18
92	2025-01-01	2025-01-28	0.00	0.00	0.00	0.00	0.03	0.02	0.125	0.04	0.05	0.00	4407.50	0.00	0.00	331592.50	12	2	1
93	2025-01-01	2025-01-28	0.00	0.00	0.00	0.00	0.03	0.02	0.125	0.04	0.05	0.00	0.00	0.00	0.00	72000.00	12	2	19
94	2025-01-01	2025-01-28	0.00	0.00	0.00	0.00	0.03	0.02	0.125	0.04	0.05	0.00	0.00	0.00	0.00	50400.00	12	2	23
95	2025-01-01	2025-01-28	0.00	0.00	0.00	0.00	0.03	0.02	0.125	0.04	0.05	0.00	0.00	0.00	0.00	50400.00	12	2	24
96	2025-01-01	2025-01-28	0.00	0.00	0.00	0.00	0.03	0.02	0.125	0.04	0.05	0.00	0.00	0.00	0.00	50400.00	12	2	26
97	2025-01-01	2025-01-31	0.00	0.00	0.00	0.00	0.03	0.02	0.125	0.04	0.05	0.00	0.00	0.00	0.00	49920.00	12	2	27
98	2025-02-01	2025-02-28	0.00	0.00	0.00	0.00	0.03	0.02	0.125	0.04	0.05	0.00	4407.50	0.00	0.00	331592.50	12	2	1
99	2025-02-01	2025-02-28	0.00	0.00	0.00	0.00	0.03	0.02	0.125	0.04	0.05	0.00	1275.00	0.00	0.00	161925.00	12	2	18
100	2025-02-01	2025-02-28	0.00	0.00	0.00	0.00	0.03	0.02	0.125	0.04	0.05	0.00	0.00	0.00	0.00	72000.00	12	2	19
101	2025-02-01	2025-02-28	0.00	0.00	0.00	0.00	0.03	0.02	0.125	0.04	0.05	0.00	0.00	0.00	0.00	50400.00	12	2	23
102	2025-02-01	2025-02-28	0.00	0.00	0.00	0.00	0.03	0.02	0.125	0.04	0.05	0.00	0.00	0.00	0.00	50400.00	12	2	24
103	2025-02-01	2025-02-28	0.00	0.00	0.00	0.00	0.03	0.02	0.125	0.04	0.05	0.00	0.00	0.00	0.00	49920.00	12	2	27
104	2025-02-01	2025-02-28	0.00	0.00	0.00	0.00	0.03	0.02	0.125	0.04	0.05	0.00	0.00	0.00	0.00	50400.00	12	2	26
105	2025-02-01	2025-02-28	0.00	0.00	0.00	0.00	0.03	0.02	0.125	0.04	0.05	0.00	0.00	0.00	0.00	9600.00	12	2	31
106	2025-02-01	2025-02-28	0.00	0.00	0.00	0.00	0.03	0.02	0.125	0.04	0.05	0.00	0.00	0.00	0.00	9600.00	12	2	31
107	2025-03-01	2025-03-31	0.00	0.00	0.00	0.00	0.03	0.02	0.125	0.04	0.05	0.00	4407.50	0.00	0.00	331592.50	12	2	1
109	2025-03-01	2025-03-31	0.00	0.00	0.00	0.00	0.03	0.02	0.125	0.04	0.05	0.00	1275.00	0.00	0.00	161925.00	12	2	18
110	2025-03-01	2025-03-31	0.00	0.00	0.00	0.00	0.03	0.02	0.125	0.04	0.05	0.00	0.00	0.00	0.00	72000.00	12	2	19
111	2025-03-01	2025-03-31	0.00	0.00	0.00	0.00	0.03	0.02	0.125	0.04	0.05	0.00	0.00	0.00	0.00	12624.00	12	2	31
113	2025-03-01	2025-03-31	0.00	0.00	0.00	0.00	0.03	0.02	0.125	0.04	0.05	0.00	0.00	0.00	0.00	50400.00	12	2	24
114	2025-03-01	2025-03-31	0.00	0.00	0.00	0.00	0.03	0.02	0.125	0.04	0.05	0.00	0.00	0.00	0.00	50400.00	12	2	23
115	2025-03-01	2025-03-31	0.00	0.00	0.00	0.00	0.03	0.02	0.125	0.04	0.05	0.00	0.00	0.00	0.00	50400.00	12	2	26
116	2025-03-01	2025-03-31	0.00	0.00	0.00	0.00	0.03	0.02	0.125	0.04	0.05	0.00	0.00	0.00	0.00	49920.00	12	2	27
117	2025-03-01	2025-03-31	0.00	0.00	0.00	0.00	0.03	0.02	0.125	0.04	0.05	0.00	0.00	0.00	0.00	12624.00	12	2	31
\.


--
-- Data for Name: planning_planning; Type: TABLE DATA; Schema: public; Owner: gestion_ifnti_user
--

COPY public.planning_planning (id, semaine, datedebut, datefin, intervalle, semestre_id) FROM stdin;
\.


--
-- Data for Name: planning_seanceplannifier; Type: TABLE DATA; Schema: public; Owner: gestion_ifnti_user
--

COPY public.planning_seanceplannifier (id, intitule, date_heure_debut, date_heure_fin, "precision", valider, planning_id, professeur_id) FROM stdin;
\.


--
-- Name: auth_group_id_seq; Type: SEQUENCE SET; Schema: public; Owner: gestion_ifnti_user
--

SELECT pg_catalog.setval('public.auth_group_id_seq', 6, true);


--
-- Name: auth_group_permissions_id_seq; Type: SEQUENCE SET; Schema: public; Owner: gestion_ifnti_user
--

SELECT pg_catalog.setval('public.auth_group_permissions_id_seq', 297, true);


--
-- Name: auth_permission_id_seq; Type: SEQUENCE SET; Schema: public; Owner: gestion_ifnti_user
--

SELECT pg_catalog.setval('public.auth_permission_id_seq', 140, true);


--
-- Name: auth_user_groups_id_seq; Type: SEQUENCE SET; Schema: public; Owner: gestion_ifnti_user
--

SELECT pg_catalog.setval('public.auth_user_groups_id_seq', 365, true);


--
-- Name: auth_user_id_seq; Type: SEQUENCE SET; Schema: public; Owner: gestion_ifnti_user
--

SELECT pg_catalog.setval('public.auth_user_id_seq', 173, true);


--
-- Name: auth_user_user_permissions_id_seq; Type: SEQUENCE SET; Schema: public; Owner: gestion_ifnti_user
--

SELECT pg_catalog.setval('public.auth_user_user_permissions_id_seq', 297, true);


--
-- Name: cahier_de_texte_seance_eleves_presents_id_seq; Type: SEQUENCE SET; Schema: public; Owner: gestion_ifnti_user
--

SELECT pg_catalog.setval('public.cahier_de_texte_seance_eleves_presents_id_seq', 1, false);


--
-- Name: cahier_de_texte_seance_id_seq; Type: SEQUENCE SET; Schema: public; Owner: gestion_ifnti_user
--

SELECT pg_catalog.setval('public.cahier_de_texte_seance_id_seq', 1, false);


--
-- Name: django_admin_log_id_seq; Type: SEQUENCE SET; Schema: public; Owner: gestion_ifnti_user
--

SELECT pg_catalog.setval('public.django_admin_log_id_seq', 904, true);


--
-- Name: django_content_type_id_seq; Type: SEQUENCE SET; Schema: public; Owner: gestion_ifnti_user
--

SELECT pg_catalog.setval('public.django_content_type_id_seq', 35, true);


--
-- Name: django_migrations_id_seq; Type: SEQUENCE SET; Schema: public; Owner: gestion_ifnti_user
--

SELECT pg_catalog.setval('public.django_migrations_id_seq', 36, true);


--
-- Name: main_anneeuniversitaire_id_seq; Type: SEQUENCE SET; Schema: public; Owner: gestion_ifnti_user
--

SELECT pg_catalog.setval('public.main_anneeuniversitaire_id_seq', 12, true);


--
-- Name: main_charge_id_seq; Type: SEQUENCE SET; Schema: public; Owner: gestion_ifnti_user
--

SELECT pg_catalog.setval('public.main_charge_id_seq', 12, true);


--
-- Name: main_comptebancaire_id_seq; Type: SEQUENCE SET; Schema: public; Owner: gestion_ifnti_user
--

SELECT pg_catalog.setval('public.main_comptebancaire_id_seq', 2, true);


--
-- Name: main_compteetudiant_id_seq; Type: SEQUENCE SET; Schema: public; Owner: gestion_ifnti_user
--

SELECT pg_catalog.setval('public.main_compteetudiant_id_seq', 1, false);


--
-- Name: main_conge_id_seq; Type: SEQUENCE SET; Schema: public; Owner: gestion_ifnti_user
--

SELECT pg_catalog.setval('public.main_conge_id_seq', 2, true);


--
-- Name: main_correspondancemaquette_id_seq; Type: SEQUENCE SET; Schema: public; Owner: gestion_ifnti_user
--

SELECT pg_catalog.setval('public.main_correspondancemaquette_id_seq', 1, false);


--
-- Name: main_domaine_id_seq; Type: SEQUENCE SET; Schema: public; Owner: gestion_ifnti_user
--

SELECT pg_catalog.setval('public.main_domaine_id_seq', 1, true);


--
-- Name: main_enseignant_id_seq; Type: SEQUENCE SET; Schema: public; Owner: gestion_ifnti_user
--

SELECT pg_catalog.setval('public.main_enseignant_id_seq', 26, true);


--
-- Name: main_etudiant_semestres_id_seq; Type: SEQUENCE SET; Schema: public; Owner: gestion_ifnti_user
--

SELECT pg_catalog.setval('public.main_etudiant_semestres_id_seq', 398, true);


--
-- Name: main_etudiant_tuteurs_id_seq; Type: SEQUENCE SET; Schema: public; Owner: gestion_ifnti_user
--

SELECT pg_catalog.setval('public.main_etudiant_tuteurs_id_seq', 1, false);


--
-- Name: main_evaluation_id_seq; Type: SEQUENCE SET; Schema: public; Owner: gestion_ifnti_user
--

SELECT pg_catalog.setval('public.main_evaluation_id_seq', 670, true);


--
-- Name: main_fichedepaie_id_seq; Type: SEQUENCE SET; Schema: public; Owner: gestion_ifnti_user
--

SELECT pg_catalog.setval('public.main_fichedepaie_id_seq', 40, true);


--
-- Name: main_fichedepaie_matiere_id_seq; Type: SEQUENCE SET; Schema: public; Owner: gestion_ifnti_user
--

SELECT pg_catalog.setval('public.main_fichedepaie_matiere_id_seq', 102, true);


--
-- Name: main_fournisseur_id_seq; Type: SEQUENCE SET; Schema: public; Owner: gestion_ifnti_user
--

SELECT pg_catalog.setval('public.main_fournisseur_id_seq', 1, false);


--
-- Name: main_frais_id_seq; Type: SEQUENCE SET; Schema: public; Owner: gestion_ifnti_user
--

SELECT pg_catalog.setval('public.main_frais_id_seq', 2, true);


--
-- Name: main_information_id_seq; Type: SEQUENCE SET; Schema: public; Owner: gestion_ifnti_user
--

SELECT pg_catalog.setval('public.main_information_id_seq', 1, false);


--
-- Name: main_matiere_id_seq; Type: SEQUENCE SET; Schema: public; Owner: gestion_ifnti_user
--

SELECT pg_catalog.setval('public.main_matiere_id_seq', 336, true);


--
-- Name: main_note_id_seq; Type: SEQUENCE SET; Schema: public; Owner: gestion_ifnti_user
--

SELECT pg_catalog.setval('public.main_note_id_seq', 8308, true);


--
-- Name: main_paiement_id_seq; Type: SEQUENCE SET; Schema: public; Owner: gestion_ifnti_user
--

SELECT pg_catalog.setval('public.main_paiement_id_seq', 1, false);


--
-- Name: main_parametre_id_seq; Type: SEQUENCE SET; Schema: public; Owner: gestion_ifnti_user
--

SELECT pg_catalog.setval('public.main_parametre_id_seq', 1, false);


--
-- Name: main_parcours_id_seq; Type: SEQUENCE SET; Schema: public; Owner: gestion_ifnti_user
--

SELECT pg_catalog.setval('public.main_parcours_id_seq', 1, true);


--
-- Name: main_personnel_id_seq; Type: SEQUENCE SET; Schema: public; Owner: gestion_ifnti_user
--

SELECT pg_catalog.setval('public.main_personnel_id_seq', 31, true);


--
-- Name: main_programme_id_seq; Type: SEQUENCE SET; Schema: public; Owner: gestion_ifnti_user
--

SELECT pg_catalog.setval('public.main_programme_id_seq', 22, true);


--
-- Name: main_programme_ues_id_seq; Type: SEQUENCE SET; Schema: public; Owner: gestion_ifnti_user
--

SELECT pg_catalog.setval('public.main_programme_ues_id_seq', 135, true);


--
-- Name: main_tuteur_id_seq; Type: SEQUENCE SET; Schema: public; Owner: gestion_ifnti_user
--

SELECT pg_catalog.setval('public.main_tuteur_id_seq', 1, false);


--
-- Name: main_ue_id_seq; Type: SEQUENCE SET; Schema: public; Owner: gestion_ifnti_user
--

SELECT pg_catalog.setval('public.main_ue_id_seq', 188, true);


--
-- Name: main_versmentsalaire_id_seq; Type: SEQUENCE SET; Schema: public; Owner: gestion_ifnti_user
--

SELECT pg_catalog.setval('public.main_versmentsalaire_id_seq', 117, true);


--
-- Name: planning_planning_id_seq; Type: SEQUENCE SET; Schema: public; Owner: gestion_ifnti_user
--

SELECT pg_catalog.setval('public.planning_planning_id_seq', 1, false);


--
-- Name: planning_seanceplannifier_id_seq; Type: SEQUENCE SET; Schema: public; Owner: gestion_ifnti_user
--

SELECT pg_catalog.setval('public.planning_seanceplannifier_id_seq', 1, false);


--
-- Name: auth_group auth_group_name_key; Type: CONSTRAINT; Schema: public; Owner: gestion_ifnti_user
--

ALTER TABLE ONLY public.auth_group
    ADD CONSTRAINT auth_group_name_key UNIQUE (name);


--
-- Name: auth_group_permissions auth_group_permissions_group_id_permission_id_0cd325b0_uniq; Type: CONSTRAINT; Schema: public; Owner: gestion_ifnti_user
--

ALTER TABLE ONLY public.auth_group_permissions
    ADD CONSTRAINT auth_group_permissions_group_id_permission_id_0cd325b0_uniq UNIQUE (group_id, permission_id);


--
-- Name: auth_group_permissions auth_group_permissions_pkey; Type: CONSTRAINT; Schema: public; Owner: gestion_ifnti_user
--

ALTER TABLE ONLY public.auth_group_permissions
    ADD CONSTRAINT auth_group_permissions_pkey PRIMARY KEY (id);


--
-- Name: auth_group auth_group_pkey; Type: CONSTRAINT; Schema: public; Owner: gestion_ifnti_user
--

ALTER TABLE ONLY public.auth_group
    ADD CONSTRAINT auth_group_pkey PRIMARY KEY (id);


--
-- Name: auth_permission auth_permission_content_type_id_codename_01ab375a_uniq; Type: CONSTRAINT; Schema: public; Owner: gestion_ifnti_user
--

ALTER TABLE ONLY public.auth_permission
    ADD CONSTRAINT auth_permission_content_type_id_codename_01ab375a_uniq UNIQUE (content_type_id, codename);


--
-- Name: auth_permission auth_permission_pkey; Type: CONSTRAINT; Schema: public; Owner: gestion_ifnti_user
--

ALTER TABLE ONLY public.auth_permission
    ADD CONSTRAINT auth_permission_pkey PRIMARY KEY (id);


--
-- Name: auth_user_groups auth_user_groups_pkey; Type: CONSTRAINT; Schema: public; Owner: gestion_ifnti_user
--

ALTER TABLE ONLY public.auth_user_groups
    ADD CONSTRAINT auth_user_groups_pkey PRIMARY KEY (id);


--
-- Name: auth_user_groups auth_user_groups_user_id_group_id_94350c0c_uniq; Type: CONSTRAINT; Schema: public; Owner: gestion_ifnti_user
--

ALTER TABLE ONLY public.auth_user_groups
    ADD CONSTRAINT auth_user_groups_user_id_group_id_94350c0c_uniq UNIQUE (user_id, group_id);


--
-- Name: auth_user auth_user_pkey; Type: CONSTRAINT; Schema: public; Owner: gestion_ifnti_user
--

ALTER TABLE ONLY public.auth_user
    ADD CONSTRAINT auth_user_pkey PRIMARY KEY (id);


--
-- Name: auth_user_user_permissions auth_user_user_permissions_pkey; Type: CONSTRAINT; Schema: public; Owner: gestion_ifnti_user
--

ALTER TABLE ONLY public.auth_user_user_permissions
    ADD CONSTRAINT auth_user_user_permissions_pkey PRIMARY KEY (id);


--
-- Name: auth_user_user_permissions auth_user_user_permissions_user_id_permission_id_14a6b632_uniq; Type: CONSTRAINT; Schema: public; Owner: gestion_ifnti_user
--

ALTER TABLE ONLY public.auth_user_user_permissions
    ADD CONSTRAINT auth_user_user_permissions_user_id_permission_id_14a6b632_uniq UNIQUE (user_id, permission_id);


--
-- Name: auth_user auth_user_username_key; Type: CONSTRAINT; Schema: public; Owner: gestion_ifnti_user
--

ALTER TABLE ONLY public.auth_user
    ADD CONSTRAINT auth_user_username_key UNIQUE (username);


--
-- Name: cahier_de_texte_seance_eleves_presents cahier_de_texte_seance_e_seance_id_etudiant_id_e1197580_uniq; Type: CONSTRAINT; Schema: public; Owner: gestion_ifnti_user
--

ALTER TABLE ONLY public.cahier_de_texte_seance_eleves_presents
    ADD CONSTRAINT cahier_de_texte_seance_e_seance_id_etudiant_id_e1197580_uniq UNIQUE (seance_id, etudiant_id);


--
-- Name: cahier_de_texte_seance_eleves_presents cahier_de_texte_seance_eleves_presents_pkey; Type: CONSTRAINT; Schema: public; Owner: gestion_ifnti_user
--

ALTER TABLE ONLY public.cahier_de_texte_seance_eleves_presents
    ADD CONSTRAINT cahier_de_texte_seance_eleves_presents_pkey PRIMARY KEY (id);


--
-- Name: cahier_de_texte_seance cahier_de_texte_seance_pkey; Type: CONSTRAINT; Schema: public; Owner: gestion_ifnti_user
--

ALTER TABLE ONLY public.cahier_de_texte_seance
    ADD CONSTRAINT cahier_de_texte_seance_pkey PRIMARY KEY (id);


--
-- Name: django_admin_log django_admin_log_pkey; Type: CONSTRAINT; Schema: public; Owner: gestion_ifnti_user
--

ALTER TABLE ONLY public.django_admin_log
    ADD CONSTRAINT django_admin_log_pkey PRIMARY KEY (id);


--
-- Name: django_content_type django_content_type_app_label_model_76bd3d3b_uniq; Type: CONSTRAINT; Schema: public; Owner: gestion_ifnti_user
--

ALTER TABLE ONLY public.django_content_type
    ADD CONSTRAINT django_content_type_app_label_model_76bd3d3b_uniq UNIQUE (app_label, model);


--
-- Name: django_content_type django_content_type_pkey; Type: CONSTRAINT; Schema: public; Owner: gestion_ifnti_user
--

ALTER TABLE ONLY public.django_content_type
    ADD CONSTRAINT django_content_type_pkey PRIMARY KEY (id);


--
-- Name: django_migrations django_migrations_pkey; Type: CONSTRAINT; Schema: public; Owner: gestion_ifnti_user
--

ALTER TABLE ONLY public.django_migrations
    ADD CONSTRAINT django_migrations_pkey PRIMARY KEY (id);


--
-- Name: django_session django_session_pkey; Type: CONSTRAINT; Schema: public; Owner: gestion_ifnti_user
--

ALTER TABLE ONLY public.django_session
    ADD CONSTRAINT django_session_pkey PRIMARY KEY (session_key);


--
-- Name: main_anneeuniversitaire main_anneeuniversitaire_pkey; Type: CONSTRAINT; Schema: public; Owner: gestion_ifnti_user
--

ALTER TABLE ONLY public.main_anneeuniversitaire
    ADD CONSTRAINT main_anneeuniversitaire_pkey PRIMARY KEY (id);


--
-- Name: main_charge main_charge_pkey; Type: CONSTRAINT; Schema: public; Owner: gestion_ifnti_user
--

ALTER TABLE ONLY public.main_charge
    ADD CONSTRAINT main_charge_pkey PRIMARY KEY (id);


--
-- Name: main_competence main_competence_pkey; Type: CONSTRAINT; Schema: public; Owner: gestion_ifnti_user
--

ALTER TABLE ONLY public.main_competence
    ADD CONSTRAINT main_competence_pkey PRIMARY KEY (id);


--
-- Name: main_comptebancaire main_comptebancaire_pkey; Type: CONSTRAINT; Schema: public; Owner: gestion_ifnti_user
--

ALTER TABLE ONLY public.main_comptebancaire
    ADD CONSTRAINT main_comptebancaire_pkey PRIMARY KEY (id);


--
-- Name: main_compteetudiant main_compteetudiant_pkey; Type: CONSTRAINT; Schema: public; Owner: gestion_ifnti_user
--

ALTER TABLE ONLY public.main_compteetudiant
    ADD CONSTRAINT main_compteetudiant_pkey PRIMARY KEY (id);


--
-- Name: main_conge main_conge_pkey; Type: CONSTRAINT; Schema: public; Owner: gestion_ifnti_user
--

ALTER TABLE ONLY public.main_conge
    ADD CONSTRAINT main_conge_pkey PRIMARY KEY (id);


--
-- Name: main_correspondancemaquette main_correspondancemaquette_pkey; Type: CONSTRAINT; Schema: public; Owner: gestion_ifnti_user
--

ALTER TABLE ONLY public.main_correspondancemaquette
    ADD CONSTRAINT main_correspondancemaquette_pkey PRIMARY KEY (id);


--
-- Name: main_domaine main_domaine_pkey; Type: CONSTRAINT; Schema: public; Owner: gestion_ifnti_user
--

ALTER TABLE ONLY public.main_domaine
    ADD CONSTRAINT main_domaine_pkey PRIMARY KEY (id);


--
-- Name: main_enseignant main_enseignant_personnel_id_key; Type: CONSTRAINT; Schema: public; Owner: gestion_ifnti_user
--

ALTER TABLE ONLY public.main_enseignant
    ADD CONSTRAINT main_enseignant_personnel_id_key UNIQUE (personnel_id);


--
-- Name: main_enseignant main_enseignant_pkey; Type: CONSTRAINT; Schema: public; Owner: gestion_ifnti_user
--

ALTER TABLE ONLY public.main_enseignant
    ADD CONSTRAINT main_enseignant_pkey PRIMARY KEY (id);


--
-- Name: main_etudiant main_etudiant_nom_prenom_datenaissance_email_72dd94ce_uniq; Type: CONSTRAINT; Schema: public; Owner: gestion_ifnti_user
--

ALTER TABLE ONLY public.main_etudiant
    ADD CONSTRAINT main_etudiant_nom_prenom_datenaissance_email_72dd94ce_uniq UNIQUE (nom, prenom, datenaissance, email);


--
-- Name: main_etudiant main_etudiant_pkey; Type: CONSTRAINT; Schema: public; Owner: gestion_ifnti_user
--

ALTER TABLE ONLY public.main_etudiant
    ADD CONSTRAINT main_etudiant_pkey PRIMARY KEY (id);


--
-- Name: main_etudiant_semestres main_etudiant_semestres_etudiant_id_semestre_id_ee6cb3a1_uniq; Type: CONSTRAINT; Schema: public; Owner: gestion_ifnti_user
--

ALTER TABLE ONLY public.main_etudiant_semestres
    ADD CONSTRAINT main_etudiant_semestres_etudiant_id_semestre_id_ee6cb3a1_uniq UNIQUE (etudiant_id, semestre_id);


--
-- Name: main_etudiant_semestres main_etudiant_semestres_pkey; Type: CONSTRAINT; Schema: public; Owner: gestion_ifnti_user
--

ALTER TABLE ONLY public.main_etudiant_semestres
    ADD CONSTRAINT main_etudiant_semestres_pkey PRIMARY KEY (id);


--
-- Name: main_etudiant_tuteurs main_etudiant_tuteurs_etudiant_id_tuteur_id_01ffcfbd_uniq; Type: CONSTRAINT; Schema: public; Owner: gestion_ifnti_user
--

ALTER TABLE ONLY public.main_etudiant_tuteurs
    ADD CONSTRAINT main_etudiant_tuteurs_etudiant_id_tuteur_id_01ffcfbd_uniq UNIQUE (etudiant_id, tuteur_id);


--
-- Name: main_etudiant_tuteurs main_etudiant_tuteurs_pkey; Type: CONSTRAINT; Schema: public; Owner: gestion_ifnti_user
--

ALTER TABLE ONLY public.main_etudiant_tuteurs
    ADD CONSTRAINT main_etudiant_tuteurs_pkey PRIMARY KEY (id);


--
-- Name: main_etudiant main_etudiant_user_id_key; Type: CONSTRAINT; Schema: public; Owner: gestion_ifnti_user
--

ALTER TABLE ONLY public.main_etudiant
    ADD CONSTRAINT main_etudiant_user_id_key UNIQUE (user_id);


--
-- Name: main_evaluation main_evaluation_pkey; Type: CONSTRAINT; Schema: public; Owner: gestion_ifnti_user
--

ALTER TABLE ONLY public.main_evaluation
    ADD CONSTRAINT main_evaluation_pkey PRIMARY KEY (id);


--
-- Name: main_fichedepaie_matiere main_fichedepaie_matiere_fichedepaie_id_matiere_i_8baffaa4_uniq; Type: CONSTRAINT; Schema: public; Owner: gestion_ifnti_user
--

ALTER TABLE ONLY public.main_fichedepaie_matiere
    ADD CONSTRAINT main_fichedepaie_matiere_fichedepaie_id_matiere_i_8baffaa4_uniq UNIQUE (fichedepaie_id, matiere_id);


--
-- Name: main_fichedepaie_matiere main_fichedepaie_matiere_pkey; Type: CONSTRAINT; Schema: public; Owner: gestion_ifnti_user
--

ALTER TABLE ONLY public.main_fichedepaie_matiere
    ADD CONSTRAINT main_fichedepaie_matiere_pkey PRIMARY KEY (id);


--
-- Name: main_fichedepaie main_fichedepaie_pkey; Type: CONSTRAINT; Schema: public; Owner: gestion_ifnti_user
--

ALTER TABLE ONLY public.main_fichedepaie
    ADD CONSTRAINT main_fichedepaie_pkey PRIMARY KEY (id);


--
-- Name: main_fournisseur main_fournisseur_pkey; Type: CONSTRAINT; Schema: public; Owner: gestion_ifnti_user
--

ALTER TABLE ONLY public.main_fournisseur
    ADD CONSTRAINT main_fournisseur_pkey PRIMARY KEY (id);


--
-- Name: main_frais main_frais_pkey; Type: CONSTRAINT; Schema: public; Owner: gestion_ifnti_user
--

ALTER TABLE ONLY public.main_frais
    ADD CONSTRAINT main_frais_pkey PRIMARY KEY (id);


--
-- Name: main_information main_information_pkey; Type: CONSTRAINT; Schema: public; Owner: gestion_ifnti_user
--

ALTER TABLE ONLY public.main_information
    ADD CONSTRAINT main_information_pkey PRIMARY KEY (id);


--
-- Name: main_matiere main_matiere_abbreviation_key; Type: CONSTRAINT; Schema: public; Owner: gestion_ifnti_user
--

ALTER TABLE ONLY public.main_matiere
    ADD CONSTRAINT main_matiere_abbreviation_key UNIQUE (abbreviation);


--
-- Name: main_matiere main_matiere_pkey; Type: CONSTRAINT; Schema: public; Owner: gestion_ifnti_user
--

ALTER TABLE ONLY public.main_matiere
    ADD CONSTRAINT main_matiere_pkey PRIMARY KEY (id);


--
-- Name: main_note main_note_pkey; Type: CONSTRAINT; Schema: public; Owner: gestion_ifnti_user
--

ALTER TABLE ONLY public.main_note
    ADD CONSTRAINT main_note_pkey PRIMARY KEY (id);


--
-- Name: main_paiement main_paiement_pkey; Type: CONSTRAINT; Schema: public; Owner: gestion_ifnti_user
--

ALTER TABLE ONLY public.main_paiement
    ADD CONSTRAINT main_paiement_pkey PRIMARY KEY (id);


--
-- Name: main_parametre main_parametre_pkey; Type: CONSTRAINT; Schema: public; Owner: gestion_ifnti_user
--

ALTER TABLE ONLY public.main_parametre
    ADD CONSTRAINT main_parametre_pkey PRIMARY KEY (id);


--
-- Name: main_parcours main_parcours_pkey; Type: CONSTRAINT; Schema: public; Owner: gestion_ifnti_user
--

ALTER TABLE ONLY public.main_parcours
    ADD CONSTRAINT main_parcours_pkey PRIMARY KEY (id);


--
-- Name: main_personnel main_personnel_pkey; Type: CONSTRAINT; Schema: public; Owner: gestion_ifnti_user
--

ALTER TABLE ONLY public.main_personnel
    ADD CONSTRAINT main_personnel_pkey PRIMARY KEY (id);


--
-- Name: main_personnel main_personnel_user_id_key; Type: CONSTRAINT; Schema: public; Owner: gestion_ifnti_user
--

ALTER TABLE ONLY public.main_personnel
    ADD CONSTRAINT main_personnel_user_id_key UNIQUE (user_id);


--
-- Name: main_programme main_programme_parcours_id_semestre_id_f5ae77f7_uniq; Type: CONSTRAINT; Schema: public; Owner: gestion_ifnti_user
--

ALTER TABLE ONLY public.main_programme
    ADD CONSTRAINT main_programme_parcours_id_semestre_id_f5ae77f7_uniq UNIQUE (parcours_id, semestre_id);


--
-- Name: main_programme main_programme_pkey; Type: CONSTRAINT; Schema: public; Owner: gestion_ifnti_user
--

ALTER TABLE ONLY public.main_programme
    ADD CONSTRAINT main_programme_pkey PRIMARY KEY (id);


--
-- Name: main_programme_ues main_programme_ues_pkey; Type: CONSTRAINT; Schema: public; Owner: gestion_ifnti_user
--

ALTER TABLE ONLY public.main_programme_ues
    ADD CONSTRAINT main_programme_ues_pkey PRIMARY KEY (id);


--
-- Name: main_programme_ues main_programme_ues_programme_id_ue_id_8d06e1b4_uniq; Type: CONSTRAINT; Schema: public; Owner: gestion_ifnti_user
--

ALTER TABLE ONLY public.main_programme_ues
    ADD CONSTRAINT main_programme_ues_programme_id_ue_id_8d06e1b4_uniq UNIQUE (programme_id, ue_id);


--
-- Name: main_semestre main_semestre_pkey; Type: CONSTRAINT; Schema: public; Owner: gestion_ifnti_user
--

ALTER TABLE ONLY public.main_semestre
    ADD CONSTRAINT main_semestre_pkey PRIMARY KEY (id);


--
-- Name: main_tuteur main_tuteur_pkey; Type: CONSTRAINT; Schema: public; Owner: gestion_ifnti_user
--

ALTER TABLE ONLY public.main_tuteur
    ADD CONSTRAINT main_tuteur_pkey PRIMARY KEY (id);


--
-- Name: main_ue main_ue_pkey; Type: CONSTRAINT; Schema: public; Owner: gestion_ifnti_user
--

ALTER TABLE ONLY public.main_ue
    ADD CONSTRAINT main_ue_pkey PRIMARY KEY (id);


--
-- Name: main_ue main_ue_semestre_id_libelle_b538559b_uniq; Type: CONSTRAINT; Schema: public; Owner: gestion_ifnti_user
--

ALTER TABLE ONLY public.main_ue
    ADD CONSTRAINT main_ue_semestre_id_libelle_b538559b_uniq UNIQUE (semestre_id, libelle);


--
-- Name: main_versmentsalaire main_versmentsalaire_pkey; Type: CONSTRAINT; Schema: public; Owner: gestion_ifnti_user
--

ALTER TABLE ONLY public.main_versmentsalaire
    ADD CONSTRAINT main_versmentsalaire_pkey PRIMARY KEY (id);


--
-- Name: planning_planning planning_planning_pkey; Type: CONSTRAINT; Schema: public; Owner: gestion_ifnti_user
--

ALTER TABLE ONLY public.planning_planning
    ADD CONSTRAINT planning_planning_pkey PRIMARY KEY (id);


--
-- Name: planning_seanceplannifier planning_seanceplannifier_pkey; Type: CONSTRAINT; Schema: public; Owner: gestion_ifnti_user
--

ALTER TABLE ONLY public.planning_seanceplannifier
    ADD CONSTRAINT planning_seanceplannifier_pkey PRIMARY KEY (id);


--
-- Name: auth_group_name_a6ea08ec_like; Type: INDEX; Schema: public; Owner: gestion_ifnti_user
--

CREATE INDEX auth_group_name_a6ea08ec_like ON public.auth_group USING btree (name varchar_pattern_ops);


--
-- Name: auth_group_permissions_group_id_b120cbf9; Type: INDEX; Schema: public; Owner: gestion_ifnti_user
--

CREATE INDEX auth_group_permissions_group_id_b120cbf9 ON public.auth_group_permissions USING btree (group_id);


--
-- Name: auth_group_permissions_permission_id_84c5c92e; Type: INDEX; Schema: public; Owner: gestion_ifnti_user
--

CREATE INDEX auth_group_permissions_permission_id_84c5c92e ON public.auth_group_permissions USING btree (permission_id);


--
-- Name: auth_permission_content_type_id_2f476e4b; Type: INDEX; Schema: public; Owner: gestion_ifnti_user
--

CREATE INDEX auth_permission_content_type_id_2f476e4b ON public.auth_permission USING btree (content_type_id);


--
-- Name: auth_user_groups_group_id_97559544; Type: INDEX; Schema: public; Owner: gestion_ifnti_user
--

CREATE INDEX auth_user_groups_group_id_97559544 ON public.auth_user_groups USING btree (group_id);


--
-- Name: auth_user_groups_user_id_6a12ed8b; Type: INDEX; Schema: public; Owner: gestion_ifnti_user
--

CREATE INDEX auth_user_groups_user_id_6a12ed8b ON public.auth_user_groups USING btree (user_id);


--
-- Name: auth_user_user_permissions_permission_id_1fbb5f2c; Type: INDEX; Schema: public; Owner: gestion_ifnti_user
--

CREATE INDEX auth_user_user_permissions_permission_id_1fbb5f2c ON public.auth_user_user_permissions USING btree (permission_id);


--
-- Name: auth_user_user_permissions_user_id_a95ead1b; Type: INDEX; Schema: public; Owner: gestion_ifnti_user
--

CREATE INDEX auth_user_user_permissions_user_id_a95ead1b ON public.auth_user_user_permissions USING btree (user_id);


--
-- Name: auth_user_username_6821ab7c_like; Type: INDEX; Schema: public; Owner: gestion_ifnti_user
--

CREATE INDEX auth_user_username_6821ab7c_like ON public.auth_user USING btree (username varchar_pattern_ops);


--
-- Name: cahier_de_texte_seance_auteur_id_785a3b79; Type: INDEX; Schema: public; Owner: gestion_ifnti_user
--

CREATE INDEX cahier_de_texte_seance_auteur_id_785a3b79 ON public.cahier_de_texte_seance USING btree (auteur_id);


--
-- Name: cahier_de_texte_seance_auteur_id_785a3b79_like; Type: INDEX; Schema: public; Owner: gestion_ifnti_user
--

CREATE INDEX cahier_de_texte_seance_auteur_id_785a3b79_like ON public.cahier_de_texte_seance USING btree (auteur_id varchar_pattern_ops);


--
-- Name: cahier_de_texte_seance_e_etudiant_id_e5fcfd7c_like; Type: INDEX; Schema: public; Owner: gestion_ifnti_user
--

CREATE INDEX cahier_de_texte_seance_e_etudiant_id_e5fcfd7c_like ON public.cahier_de_texte_seance_eleves_presents USING btree (etudiant_id varchar_pattern_ops);


--
-- Name: cahier_de_texte_seance_eleves_presents_etudiant_id_e5fcfd7c; Type: INDEX; Schema: public; Owner: gestion_ifnti_user
--

CREATE INDEX cahier_de_texte_seance_eleves_presents_etudiant_id_e5fcfd7c ON public.cahier_de_texte_seance_eleves_presents USING btree (etudiant_id);


--
-- Name: cahier_de_texte_seance_eleves_presents_seance_id_2ac167a3; Type: INDEX; Schema: public; Owner: gestion_ifnti_user
--

CREATE INDEX cahier_de_texte_seance_eleves_presents_seance_id_2ac167a3 ON public.cahier_de_texte_seance_eleves_presents USING btree (seance_id);


--
-- Name: cahier_de_texte_seance_enseignant_id_fe43160c; Type: INDEX; Schema: public; Owner: gestion_ifnti_user
--

CREATE INDEX cahier_de_texte_seance_enseignant_id_fe43160c ON public.cahier_de_texte_seance USING btree (enseignant_id);


--
-- Name: cahier_de_texte_seance_matiere_id_18647fe6; Type: INDEX; Schema: public; Owner: gestion_ifnti_user
--

CREATE INDEX cahier_de_texte_seance_matiere_id_18647fe6 ON public.cahier_de_texte_seance USING btree (matiere_id);


--
-- Name: cahier_de_texte_seance_seancePlannifier_id_9d731e09; Type: INDEX; Schema: public; Owner: gestion_ifnti_user
--

CREATE INDEX "cahier_de_texte_seance_seancePlannifier_id_9d731e09" ON public.cahier_de_texte_seance USING btree ("seancePlannifier_id");


--
-- Name: cahier_de_texte_seance_semestre_id_3d47e466; Type: INDEX; Schema: public; Owner: gestion_ifnti_user
--

CREATE INDEX cahier_de_texte_seance_semestre_id_3d47e466 ON public.cahier_de_texte_seance USING btree (semestre_id);


--
-- Name: cahier_de_texte_seance_semestre_id_3d47e466_like; Type: INDEX; Schema: public; Owner: gestion_ifnti_user
--

CREATE INDEX cahier_de_texte_seance_semestre_id_3d47e466_like ON public.cahier_de_texte_seance USING btree (semestre_id varchar_pattern_ops);


--
-- Name: django_admin_log_content_type_id_c4bce8eb; Type: INDEX; Schema: public; Owner: gestion_ifnti_user
--

CREATE INDEX django_admin_log_content_type_id_c4bce8eb ON public.django_admin_log USING btree (content_type_id);


--
-- Name: django_admin_log_user_id_c564eba6; Type: INDEX; Schema: public; Owner: gestion_ifnti_user
--

CREATE INDEX django_admin_log_user_id_c564eba6 ON public.django_admin_log USING btree (user_id);


--
-- Name: django_session_expire_date_a5c62663; Type: INDEX; Schema: public; Owner: gestion_ifnti_user
--

CREATE INDEX django_session_expire_date_a5c62663 ON public.django_session USING btree (expire_date);


--
-- Name: django_session_session_key_c0390e0f_like; Type: INDEX; Schema: public; Owner: gestion_ifnti_user
--

CREATE INDEX django_session_session_key_c0390e0f_like ON public.django_session USING btree (session_key varchar_pattern_ops);


--
-- Name: main_charge_annee_universitaire_id_2064019b; Type: INDEX; Schema: public; Owner: gestion_ifnti_user
--

CREATE INDEX main_charge_annee_universitaire_id_2064019b ON public.main_charge USING btree (annee_universitaire_id);


--
-- Name: main_charge_compte_bancaire_id_503dced6; Type: INDEX; Schema: public; Owner: gestion_ifnti_user
--

CREATE INDEX main_charge_compte_bancaire_id_503dced6 ON public.main_charge USING btree (compte_bancaire_id);


--
-- Name: main_charge_personnel_id_5c0bf006; Type: INDEX; Schema: public; Owner: gestion_ifnti_user
--

CREATE INDEX main_charge_personnel_id_5c0bf006 ON public.main_charge USING btree (personnel_id);


--
-- Name: main_competence_id_23baab25_like; Type: INDEX; Schema: public; Owner: gestion_ifnti_user
--

CREATE INDEX main_competence_id_23baab25_like ON public.main_competence USING btree (id varchar_pattern_ops);


--
-- Name: main_competence_matiere_id_8811f6d9; Type: INDEX; Schema: public; Owner: gestion_ifnti_user
--

CREATE INDEX main_competence_matiere_id_8811f6d9 ON public.main_competence USING btree (matiere_id);


--
-- Name: main_competence_ue_id_9b2f82a4; Type: INDEX; Schema: public; Owner: gestion_ifnti_user
--

CREATE INDEX main_competence_ue_id_9b2f82a4 ON public.main_competence USING btree (ue_id);


--
-- Name: main_compteetudiant_annee_universitaire_id_ebbebe9d; Type: INDEX; Schema: public; Owner: gestion_ifnti_user
--

CREATE INDEX main_compteetudiant_annee_universitaire_id_ebbebe9d ON public.main_compteetudiant USING btree (annee_universitaire_id);


--
-- Name: main_compteetudiant_etudiant_id_eb6ab58f; Type: INDEX; Schema: public; Owner: gestion_ifnti_user
--

CREATE INDEX main_compteetudiant_etudiant_id_eb6ab58f ON public.main_compteetudiant USING btree (etudiant_id);


--
-- Name: main_compteetudiant_etudiant_id_eb6ab58f_like; Type: INDEX; Schema: public; Owner: gestion_ifnti_user
--

CREATE INDEX main_compteetudiant_etudiant_id_eb6ab58f_like ON public.main_compteetudiant USING btree (etudiant_id varchar_pattern_ops);


--
-- Name: main_conge_annee_universitaire_id_501a850a; Type: INDEX; Schema: public; Owner: gestion_ifnti_user
--

CREATE INDEX main_conge_annee_universitaire_id_501a850a ON public.main_conge USING btree (annee_universitaire_id);


--
-- Name: main_conge_personnel_id_7ef71eb3; Type: INDEX; Schema: public; Owner: gestion_ifnti_user
--

CREATE INDEX main_conge_personnel_id_7ef71eb3 ON public.main_conge USING btree (personnel_id);


--
-- Name: main_etudiant_id_b426a0f5_like; Type: INDEX; Schema: public; Owner: gestion_ifnti_user
--

CREATE INDEX main_etudiant_id_b426a0f5_like ON public.main_etudiant USING btree (id varchar_pattern_ops);


--
-- Name: main_etudiant_semestres_etudiant_id_16cdbc46; Type: INDEX; Schema: public; Owner: gestion_ifnti_user
--

CREATE INDEX main_etudiant_semestres_etudiant_id_16cdbc46 ON public.main_etudiant_semestres USING btree (etudiant_id);


--
-- Name: main_etudiant_semestres_etudiant_id_16cdbc46_like; Type: INDEX; Schema: public; Owner: gestion_ifnti_user
--

CREATE INDEX main_etudiant_semestres_etudiant_id_16cdbc46_like ON public.main_etudiant_semestres USING btree (etudiant_id varchar_pattern_ops);


--
-- Name: main_etudiant_semestres_semestre_id_4a2fbcf3; Type: INDEX; Schema: public; Owner: gestion_ifnti_user
--

CREATE INDEX main_etudiant_semestres_semestre_id_4a2fbcf3 ON public.main_etudiant_semestres USING btree (semestre_id);


--
-- Name: main_etudiant_semestres_semestre_id_4a2fbcf3_like; Type: INDEX; Schema: public; Owner: gestion_ifnti_user
--

CREATE INDEX main_etudiant_semestres_semestre_id_4a2fbcf3_like ON public.main_etudiant_semestres USING btree (semestre_id varchar_pattern_ops);


--
-- Name: main_etudiant_tuteurs_etudiant_id_8215fd27; Type: INDEX; Schema: public; Owner: gestion_ifnti_user
--

CREATE INDEX main_etudiant_tuteurs_etudiant_id_8215fd27 ON public.main_etudiant_tuteurs USING btree (etudiant_id);


--
-- Name: main_etudiant_tuteurs_etudiant_id_8215fd27_like; Type: INDEX; Schema: public; Owner: gestion_ifnti_user
--

CREATE INDEX main_etudiant_tuteurs_etudiant_id_8215fd27_like ON public.main_etudiant_tuteurs USING btree (etudiant_id varchar_pattern_ops);


--
-- Name: main_etudiant_tuteurs_tuteur_id_fd502937; Type: INDEX; Schema: public; Owner: gestion_ifnti_user
--

CREATE INDEX main_etudiant_tuteurs_tuteur_id_fd502937 ON public.main_etudiant_tuteurs USING btree (tuteur_id);


--
-- Name: main_evaluation_matiere_id_69799d09; Type: INDEX; Schema: public; Owner: gestion_ifnti_user
--

CREATE INDEX main_evaluation_matiere_id_69799d09 ON public.main_evaluation USING btree (matiere_id);


--
-- Name: main_evaluation_semestre_id_9028f2de; Type: INDEX; Schema: public; Owner: gestion_ifnti_user
--

CREATE INDEX main_evaluation_semestre_id_9028f2de ON public.main_evaluation USING btree (semestre_id);


--
-- Name: main_evaluation_semestre_id_9028f2de_like; Type: INDEX; Schema: public; Owner: gestion_ifnti_user
--

CREATE INDEX main_evaluation_semestre_id_9028f2de_like ON public.main_evaluation USING btree (semestre_id varchar_pattern_ops);


--
-- Name: main_fichedepaie_annee_universitaire_id_9eb8b2c4; Type: INDEX; Schema: public; Owner: gestion_ifnti_user
--

CREATE INDEX main_fichedepaie_annee_universitaire_id_9eb8b2c4 ON public.main_fichedepaie USING btree (annee_universitaire_id);


--
-- Name: main_fichedepaie_compte_bancaire_id_7a9fb5ed; Type: INDEX; Schema: public; Owner: gestion_ifnti_user
--

CREATE INDEX main_fichedepaie_compte_bancaire_id_7a9fb5ed ON public.main_fichedepaie USING btree (compte_bancaire_id);


--
-- Name: main_fichedepaie_enseignant_id_651fbcf9; Type: INDEX; Schema: public; Owner: gestion_ifnti_user
--

CREATE INDEX main_fichedepaie_enseignant_id_651fbcf9 ON public.main_fichedepaie USING btree (enseignant_id);


--
-- Name: main_fichedepaie_matiere_fichedepaie_id_2007a82d; Type: INDEX; Schema: public; Owner: gestion_ifnti_user
--

CREATE INDEX main_fichedepaie_matiere_fichedepaie_id_2007a82d ON public.main_fichedepaie_matiere USING btree (fichedepaie_id);


--
-- Name: main_fichedepaie_matiere_matiere_id_894a7685; Type: INDEX; Schema: public; Owner: gestion_ifnti_user
--

CREATE INDEX main_fichedepaie_matiere_matiere_id_894a7685 ON public.main_fichedepaie_matiere USING btree (matiere_id);


--
-- Name: main_fournisseur_annee_universitaire_id_776ef63f; Type: INDEX; Schema: public; Owner: gestion_ifnti_user
--

CREATE INDEX main_fournisseur_annee_universitaire_id_776ef63f ON public.main_fournisseur USING btree (annee_universitaire_id);


--
-- Name: main_fournisseur_compte_bancaire_id_4505fed8; Type: INDEX; Schema: public; Owner: gestion_ifnti_user
--

CREATE INDEX main_fournisseur_compte_bancaire_id_4505fed8 ON public.main_fournisseur USING btree (compte_bancaire_id);


--
-- Name: main_frais_annee_universitaire_id_622dc293; Type: INDEX; Schema: public; Owner: gestion_ifnti_user
--

CREATE INDEX main_frais_annee_universitaire_id_622dc293 ON public.main_frais USING btree (annee_universitaire_id);


--
-- Name: main_information_discipline_id_794beb3e; Type: INDEX; Schema: public; Owner: gestion_ifnti_user
--

CREATE INDEX main_information_discipline_id_794beb3e ON public.main_information USING btree (discipline_id);


--
-- Name: main_information_enseignant_id_a1eb30ef; Type: INDEX; Schema: public; Owner: gestion_ifnti_user
--

CREATE INDEX main_information_enseignant_id_a1eb30ef ON public.main_information USING btree (enseignant_id);


--
-- Name: main_matiere_abbreviation_8c99f767_like; Type: INDEX; Schema: public; Owner: gestion_ifnti_user
--

CREATE INDEX main_matiere_abbreviation_8c99f767_like ON public.main_matiere USING btree (abbreviation varchar_pattern_ops);


--
-- Name: main_matiere_enseignant_id_1e978b5b; Type: INDEX; Schema: public; Owner: gestion_ifnti_user
--

CREATE INDEX main_matiere_enseignant_id_1e978b5b ON public.main_matiere USING btree (enseignant_id);


--
-- Name: main_matiere_ue_id_8404f1ed; Type: INDEX; Schema: public; Owner: gestion_ifnti_user
--

CREATE INDEX main_matiere_ue_id_8404f1ed ON public.main_matiere USING btree (ue_id);


--
-- Name: main_note_etudiant_id_17aa36b2; Type: INDEX; Schema: public; Owner: gestion_ifnti_user
--

CREATE INDEX main_note_etudiant_id_17aa36b2 ON public.main_note USING btree (etudiant_id);


--
-- Name: main_note_etudiant_id_17aa36b2_like; Type: INDEX; Schema: public; Owner: gestion_ifnti_user
--

CREATE INDEX main_note_etudiant_id_17aa36b2_like ON public.main_note USING btree (etudiant_id varchar_pattern_ops);


--
-- Name: main_note_evaluation_id_56b0f4eb; Type: INDEX; Schema: public; Owner: gestion_ifnti_user
--

CREATE INDEX main_note_evaluation_id_56b0f4eb ON public.main_note USING btree (evaluation_id);


--
-- Name: main_paiement_annee_universitaire_id_bdcd2894; Type: INDEX; Schema: public; Owner: gestion_ifnti_user
--

CREATE INDEX main_paiement_annee_universitaire_id_bdcd2894 ON public.main_paiement USING btree (annee_universitaire_id);


--
-- Name: main_paiement_comptable_id_d89ff09e; Type: INDEX; Schema: public; Owner: gestion_ifnti_user
--

CREATE INDEX main_paiement_comptable_id_d89ff09e ON public.main_paiement USING btree (comptable_id);


--
-- Name: main_paiement_compte_bancaire_id_8adcd9ec; Type: INDEX; Schema: public; Owner: gestion_ifnti_user
--

CREATE INDEX main_paiement_compte_bancaire_id_8adcd9ec ON public.main_paiement USING btree (compte_bancaire_id);


--
-- Name: main_paiement_etudiant_id_3a00d585; Type: INDEX; Schema: public; Owner: gestion_ifnti_user
--

CREATE INDEX main_paiement_etudiant_id_3a00d585 ON public.main_paiement USING btree (etudiant_id);


--
-- Name: main_paiement_etudiant_id_3a00d585_like; Type: INDEX; Schema: public; Owner: gestion_ifnti_user
--

CREATE INDEX main_paiement_etudiant_id_3a00d585_like ON public.main_paiement USING btree (etudiant_id varchar_pattern_ops);


--
-- Name: main_parcours_domaine_id_70ee542c; Type: INDEX; Schema: public; Owner: gestion_ifnti_user
--

CREATE INDEX main_parcours_domaine_id_70ee542c ON public.main_parcours USING btree (domaine_id);


--
-- Name: main_programme_parcours_id_864a6cc5; Type: INDEX; Schema: public; Owner: gestion_ifnti_user
--

CREATE INDEX main_programme_parcours_id_864a6cc5 ON public.main_programme USING btree (parcours_id);


--
-- Name: main_programme_semestre_id_ebacd555; Type: INDEX; Schema: public; Owner: gestion_ifnti_user
--

CREATE INDEX main_programme_semestre_id_ebacd555 ON public.main_programme USING btree (semestre_id);


--
-- Name: main_programme_semestre_id_ebacd555_like; Type: INDEX; Schema: public; Owner: gestion_ifnti_user
--

CREATE INDEX main_programme_semestre_id_ebacd555_like ON public.main_programme USING btree (semestre_id varchar_pattern_ops);


--
-- Name: main_programme_ues_programme_id_dd4612c4; Type: INDEX; Schema: public; Owner: gestion_ifnti_user
--

CREATE INDEX main_programme_ues_programme_id_dd4612c4 ON public.main_programme_ues USING btree (programme_id);


--
-- Name: main_programme_ues_ue_id_f949bd29; Type: INDEX; Schema: public; Owner: gestion_ifnti_user
--

CREATE INDEX main_programme_ues_ue_id_f949bd29 ON public.main_programme_ues USING btree (ue_id);


--
-- Name: main_semestre_annee_universitaire_id_c6e644cb; Type: INDEX; Schema: public; Owner: gestion_ifnti_user
--

CREATE INDEX main_semestre_annee_universitaire_id_c6e644cb ON public.main_semestre USING btree (annee_universitaire_id);


--
-- Name: main_semestre_id_04ad02b3_like; Type: INDEX; Schema: public; Owner: gestion_ifnti_user
--

CREATE INDEX main_semestre_id_04ad02b3_like ON public.main_semestre USING btree (id varchar_pattern_ops);


--
-- Name: main_ue_enseignant_id_2faed022; Type: INDEX; Schema: public; Owner: gestion_ifnti_user
--

CREATE INDEX main_ue_enseignant_id_2faed022 ON public.main_ue USING btree (enseignant_id);


--
-- Name: main_ue_semestre_id_07d33276; Type: INDEX; Schema: public; Owner: gestion_ifnti_user
--

CREATE INDEX main_ue_semestre_id_07d33276 ON public.main_ue USING btree (semestre_id);


--
-- Name: main_ue_semestre_id_07d33276_like; Type: INDEX; Schema: public; Owner: gestion_ifnti_user
--

CREATE INDEX main_ue_semestre_id_07d33276_like ON public.main_ue USING btree (semestre_id varchar_pattern_ops);


--
-- Name: main_versmentsalaire_annee_universitaire_id_6c71e391; Type: INDEX; Schema: public; Owner: gestion_ifnti_user
--

CREATE INDEX main_versmentsalaire_annee_universitaire_id_6c71e391 ON public.main_versmentsalaire USING btree (annee_universitaire_id);


--
-- Name: main_versmentsalaire_compte_bancaire_id_ef20b2d5; Type: INDEX; Schema: public; Owner: gestion_ifnti_user
--

CREATE INDEX main_versmentsalaire_compte_bancaire_id_ef20b2d5 ON public.main_versmentsalaire USING btree (compte_bancaire_id);


--
-- Name: main_versmentsalaire_personnel_id_78f59fa9; Type: INDEX; Schema: public; Owner: gestion_ifnti_user
--

CREATE INDEX main_versmentsalaire_personnel_id_78f59fa9 ON public.main_versmentsalaire USING btree (personnel_id);


--
-- Name: planning_planning_semestre_id_e16c82c3; Type: INDEX; Schema: public; Owner: gestion_ifnti_user
--

CREATE INDEX planning_planning_semestre_id_e16c82c3 ON public.planning_planning USING btree (semestre_id);


--
-- Name: planning_planning_semestre_id_e16c82c3_like; Type: INDEX; Schema: public; Owner: gestion_ifnti_user
--

CREATE INDEX planning_planning_semestre_id_e16c82c3_like ON public.planning_planning USING btree (semestre_id varchar_pattern_ops);


--
-- Name: planning_seanceplannifier_planning_id_3aed9aa5; Type: INDEX; Schema: public; Owner: gestion_ifnti_user
--

CREATE INDEX planning_seanceplannifier_planning_id_3aed9aa5 ON public.planning_seanceplannifier USING btree (planning_id);


--
-- Name: planning_seanceplannifier_professeur_id_408c599e; Type: INDEX; Schema: public; Owner: gestion_ifnti_user
--

CREATE INDEX planning_seanceplannifier_professeur_id_408c599e ON public.planning_seanceplannifier USING btree (professeur_id);


--
-- Name: auth_group_permissions auth_group_permissio_permission_id_84c5c92e_fk_auth_perm; Type: FK CONSTRAINT; Schema: public; Owner: gestion_ifnti_user
--

ALTER TABLE ONLY public.auth_group_permissions
    ADD CONSTRAINT auth_group_permissio_permission_id_84c5c92e_fk_auth_perm FOREIGN KEY (permission_id) REFERENCES public.auth_permission(id) DEFERRABLE INITIALLY DEFERRED;


--
-- Name: auth_group_permissions auth_group_permissions_group_id_b120cbf9_fk_auth_group_id; Type: FK CONSTRAINT; Schema: public; Owner: gestion_ifnti_user
--

ALTER TABLE ONLY public.auth_group_permissions
    ADD CONSTRAINT auth_group_permissions_group_id_b120cbf9_fk_auth_group_id FOREIGN KEY (group_id) REFERENCES public.auth_group(id) DEFERRABLE INITIALLY DEFERRED;


--
-- Name: auth_permission auth_permission_content_type_id_2f476e4b_fk_django_co; Type: FK CONSTRAINT; Schema: public; Owner: gestion_ifnti_user
--

ALTER TABLE ONLY public.auth_permission
    ADD CONSTRAINT auth_permission_content_type_id_2f476e4b_fk_django_co FOREIGN KEY (content_type_id) REFERENCES public.django_content_type(id) DEFERRABLE INITIALLY DEFERRED;


--
-- Name: auth_user_groups auth_user_groups_group_id_97559544_fk_auth_group_id; Type: FK CONSTRAINT; Schema: public; Owner: gestion_ifnti_user
--

ALTER TABLE ONLY public.auth_user_groups
    ADD CONSTRAINT auth_user_groups_group_id_97559544_fk_auth_group_id FOREIGN KEY (group_id) REFERENCES public.auth_group(id) DEFERRABLE INITIALLY DEFERRED;


--
-- Name: auth_user_groups auth_user_groups_user_id_6a12ed8b_fk_auth_user_id; Type: FK CONSTRAINT; Schema: public; Owner: gestion_ifnti_user
--

ALTER TABLE ONLY public.auth_user_groups
    ADD CONSTRAINT auth_user_groups_user_id_6a12ed8b_fk_auth_user_id FOREIGN KEY (user_id) REFERENCES public.auth_user(id) DEFERRABLE INITIALLY DEFERRED;


--
-- Name: auth_user_user_permissions auth_user_user_permi_permission_id_1fbb5f2c_fk_auth_perm; Type: FK CONSTRAINT; Schema: public; Owner: gestion_ifnti_user
--

ALTER TABLE ONLY public.auth_user_user_permissions
    ADD CONSTRAINT auth_user_user_permi_permission_id_1fbb5f2c_fk_auth_perm FOREIGN KEY (permission_id) REFERENCES public.auth_permission(id) DEFERRABLE INITIALLY DEFERRED;


--
-- Name: auth_user_user_permissions auth_user_user_permissions_user_id_a95ead1b_fk_auth_user_id; Type: FK CONSTRAINT; Schema: public; Owner: gestion_ifnti_user
--

ALTER TABLE ONLY public.auth_user_user_permissions
    ADD CONSTRAINT auth_user_user_permissions_user_id_a95ead1b_fk_auth_user_id FOREIGN KEY (user_id) REFERENCES public.auth_user(id) DEFERRABLE INITIALLY DEFERRED;


--
-- Name: cahier_de_texte_seance cahier_de_texte_sean_enseignant_id_fe43160c_fk_main_ense; Type: FK CONSTRAINT; Schema: public; Owner: gestion_ifnti_user
--

ALTER TABLE ONLY public.cahier_de_texte_seance
    ADD CONSTRAINT cahier_de_texte_sean_enseignant_id_fe43160c_fk_main_ense FOREIGN KEY (enseignant_id) REFERENCES public.main_enseignant(id) DEFERRABLE INITIALLY DEFERRED;


--
-- Name: cahier_de_texte_seance_eleves_presents cahier_de_texte_sean_etudiant_id_e5fcfd7c_fk_main_etud; Type: FK CONSTRAINT; Schema: public; Owner: gestion_ifnti_user
--

ALTER TABLE ONLY public.cahier_de_texte_seance_eleves_presents
    ADD CONSTRAINT cahier_de_texte_sean_etudiant_id_e5fcfd7c_fk_main_etud FOREIGN KEY (etudiant_id) REFERENCES public.main_etudiant(id) DEFERRABLE INITIALLY DEFERRED;


--
-- Name: cahier_de_texte_seance cahier_de_texte_sean_seancePlannifier_id_9d731e09_fk_planning_; Type: FK CONSTRAINT; Schema: public; Owner: gestion_ifnti_user
--

ALTER TABLE ONLY public.cahier_de_texte_seance
    ADD CONSTRAINT "cahier_de_texte_sean_seancePlannifier_id_9d731e09_fk_planning_" FOREIGN KEY ("seancePlannifier_id") REFERENCES public.planning_seanceplannifier(id) DEFERRABLE INITIALLY DEFERRED;


--
-- Name: cahier_de_texte_seance_eleves_presents cahier_de_texte_sean_seance_id_2ac167a3_fk_cahier_de; Type: FK CONSTRAINT; Schema: public; Owner: gestion_ifnti_user
--

ALTER TABLE ONLY public.cahier_de_texte_seance_eleves_presents
    ADD CONSTRAINT cahier_de_texte_sean_seance_id_2ac167a3_fk_cahier_de FOREIGN KEY (seance_id) REFERENCES public.cahier_de_texte_seance(id) DEFERRABLE INITIALLY DEFERRED;


--
-- Name: cahier_de_texte_seance cahier_de_texte_seance_auteur_id_785a3b79_fk_main_etudiant_id; Type: FK CONSTRAINT; Schema: public; Owner: gestion_ifnti_user
--

ALTER TABLE ONLY public.cahier_de_texte_seance
    ADD CONSTRAINT cahier_de_texte_seance_auteur_id_785a3b79_fk_main_etudiant_id FOREIGN KEY (auteur_id) REFERENCES public.main_etudiant(id) DEFERRABLE INITIALLY DEFERRED;


--
-- Name: cahier_de_texte_seance cahier_de_texte_seance_matiere_id_18647fe6_fk_main_matiere_id; Type: FK CONSTRAINT; Schema: public; Owner: gestion_ifnti_user
--

ALTER TABLE ONLY public.cahier_de_texte_seance
    ADD CONSTRAINT cahier_de_texte_seance_matiere_id_18647fe6_fk_main_matiere_id FOREIGN KEY (matiere_id) REFERENCES public.main_matiere(id) DEFERRABLE INITIALLY DEFERRED;


--
-- Name: cahier_de_texte_seance cahier_de_texte_seance_semestre_id_3d47e466_fk_main_semestre_id; Type: FK CONSTRAINT; Schema: public; Owner: gestion_ifnti_user
--

ALTER TABLE ONLY public.cahier_de_texte_seance
    ADD CONSTRAINT cahier_de_texte_seance_semestre_id_3d47e466_fk_main_semestre_id FOREIGN KEY (semestre_id) REFERENCES public.main_semestre(id) DEFERRABLE INITIALLY DEFERRED;


--
-- Name: django_admin_log django_admin_log_content_type_id_c4bce8eb_fk_django_co; Type: FK CONSTRAINT; Schema: public; Owner: gestion_ifnti_user
--

ALTER TABLE ONLY public.django_admin_log
    ADD CONSTRAINT django_admin_log_content_type_id_c4bce8eb_fk_django_co FOREIGN KEY (content_type_id) REFERENCES public.django_content_type(id) DEFERRABLE INITIALLY DEFERRED;


--
-- Name: django_admin_log django_admin_log_user_id_c564eba6_fk_auth_user_id; Type: FK CONSTRAINT; Schema: public; Owner: gestion_ifnti_user
--

ALTER TABLE ONLY public.django_admin_log
    ADD CONSTRAINT django_admin_log_user_id_c564eba6_fk_auth_user_id FOREIGN KEY (user_id) REFERENCES public.auth_user(id) DEFERRABLE INITIALLY DEFERRED;


--
-- Name: main_charge main_charge_annee_universitaire__2064019b_fk_main_anne; Type: FK CONSTRAINT; Schema: public; Owner: gestion_ifnti_user
--

ALTER TABLE ONLY public.main_charge
    ADD CONSTRAINT main_charge_annee_universitaire__2064019b_fk_main_anne FOREIGN KEY (annee_universitaire_id) REFERENCES public.main_anneeuniversitaire(id) DEFERRABLE INITIALLY DEFERRED;


--
-- Name: main_charge main_charge_compte_bancaire_id_503dced6_fk_main_comp; Type: FK CONSTRAINT; Schema: public; Owner: gestion_ifnti_user
--

ALTER TABLE ONLY public.main_charge
    ADD CONSTRAINT main_charge_compte_bancaire_id_503dced6_fk_main_comp FOREIGN KEY (compte_bancaire_id) REFERENCES public.main_comptebancaire(id) DEFERRABLE INITIALLY DEFERRED;


--
-- Name: main_charge main_charge_personnel_id_5c0bf006_fk_main_personnel_id; Type: FK CONSTRAINT; Schema: public; Owner: gestion_ifnti_user
--

ALTER TABLE ONLY public.main_charge
    ADD CONSTRAINT main_charge_personnel_id_5c0bf006_fk_main_personnel_id FOREIGN KEY (personnel_id) REFERENCES public.main_personnel(id) DEFERRABLE INITIALLY DEFERRED;


--
-- Name: main_competence main_competence_matiere_id_8811f6d9_fk_main_matiere_id; Type: FK CONSTRAINT; Schema: public; Owner: gestion_ifnti_user
--

ALTER TABLE ONLY public.main_competence
    ADD CONSTRAINT main_competence_matiere_id_8811f6d9_fk_main_matiere_id FOREIGN KEY (matiere_id) REFERENCES public.main_matiere(id) DEFERRABLE INITIALLY DEFERRED;


--
-- Name: main_competence main_competence_ue_id_9b2f82a4_fk_main_ue_id; Type: FK CONSTRAINT; Schema: public; Owner: gestion_ifnti_user
--

ALTER TABLE ONLY public.main_competence
    ADD CONSTRAINT main_competence_ue_id_9b2f82a4_fk_main_ue_id FOREIGN KEY (ue_id) REFERENCES public.main_ue(id) DEFERRABLE INITIALLY DEFERRED;


--
-- Name: main_compteetudiant main_compteetudiant_annee_universitaire__ebbebe9d_fk_main_anne; Type: FK CONSTRAINT; Schema: public; Owner: gestion_ifnti_user
--

ALTER TABLE ONLY public.main_compteetudiant
    ADD CONSTRAINT main_compteetudiant_annee_universitaire__ebbebe9d_fk_main_anne FOREIGN KEY (annee_universitaire_id) REFERENCES public.main_anneeuniversitaire(id) DEFERRABLE INITIALLY DEFERRED;


--
-- Name: main_compteetudiant main_compteetudiant_etudiant_id_eb6ab58f_fk_main_etudiant_id; Type: FK CONSTRAINT; Schema: public; Owner: gestion_ifnti_user
--

ALTER TABLE ONLY public.main_compteetudiant
    ADD CONSTRAINT main_compteetudiant_etudiant_id_eb6ab58f_fk_main_etudiant_id FOREIGN KEY (etudiant_id) REFERENCES public.main_etudiant(id) DEFERRABLE INITIALLY DEFERRED;


--
-- Name: main_conge main_conge_annee_universitaire__501a850a_fk_main_anne; Type: FK CONSTRAINT; Schema: public; Owner: gestion_ifnti_user
--

ALTER TABLE ONLY public.main_conge
    ADD CONSTRAINT main_conge_annee_universitaire__501a850a_fk_main_anne FOREIGN KEY (annee_universitaire_id) REFERENCES public.main_anneeuniversitaire(id) DEFERRABLE INITIALLY DEFERRED;


--
-- Name: main_conge main_conge_personnel_id_7ef71eb3_fk_main_personnel_id; Type: FK CONSTRAINT; Schema: public; Owner: gestion_ifnti_user
--

ALTER TABLE ONLY public.main_conge
    ADD CONSTRAINT main_conge_personnel_id_7ef71eb3_fk_main_personnel_id FOREIGN KEY (personnel_id) REFERENCES public.main_personnel(id) DEFERRABLE INITIALLY DEFERRED;


--
-- Name: main_enseignant main_enseignant_personnel_id_398c0406_fk_main_personnel_id; Type: FK CONSTRAINT; Schema: public; Owner: gestion_ifnti_user
--

ALTER TABLE ONLY public.main_enseignant
    ADD CONSTRAINT main_enseignant_personnel_id_398c0406_fk_main_personnel_id FOREIGN KEY (personnel_id) REFERENCES public.main_personnel(id) DEFERRABLE INITIALLY DEFERRED;


--
-- Name: main_etudiant_semestres main_etudiant_semest_etudiant_id_16cdbc46_fk_main_etud; Type: FK CONSTRAINT; Schema: public; Owner: gestion_ifnti_user
--

ALTER TABLE ONLY public.main_etudiant_semestres
    ADD CONSTRAINT main_etudiant_semest_etudiant_id_16cdbc46_fk_main_etud FOREIGN KEY (etudiant_id) REFERENCES public.main_etudiant(id) DEFERRABLE INITIALLY DEFERRED;


--
-- Name: main_etudiant_semestres main_etudiant_semest_semestre_id_4a2fbcf3_fk_main_seme; Type: FK CONSTRAINT; Schema: public; Owner: gestion_ifnti_user
--

ALTER TABLE ONLY public.main_etudiant_semestres
    ADD CONSTRAINT main_etudiant_semest_semestre_id_4a2fbcf3_fk_main_seme FOREIGN KEY (semestre_id) REFERENCES public.main_semestre(id) DEFERRABLE INITIALLY DEFERRED;


--
-- Name: main_etudiant_tuteurs main_etudiant_tuteurs_etudiant_id_8215fd27_fk_main_etudiant_id; Type: FK CONSTRAINT; Schema: public; Owner: gestion_ifnti_user
--

ALTER TABLE ONLY public.main_etudiant_tuteurs
    ADD CONSTRAINT main_etudiant_tuteurs_etudiant_id_8215fd27_fk_main_etudiant_id FOREIGN KEY (etudiant_id) REFERENCES public.main_etudiant(id) DEFERRABLE INITIALLY DEFERRED;


--
-- Name: main_etudiant_tuteurs main_etudiant_tuteurs_tuteur_id_fd502937_fk_main_tuteur_id; Type: FK CONSTRAINT; Schema: public; Owner: gestion_ifnti_user
--

ALTER TABLE ONLY public.main_etudiant_tuteurs
    ADD CONSTRAINT main_etudiant_tuteurs_tuteur_id_fd502937_fk_main_tuteur_id FOREIGN KEY (tuteur_id) REFERENCES public.main_tuteur(id) DEFERRABLE INITIALLY DEFERRED;


--
-- Name: main_etudiant main_etudiant_user_id_0ce35318_fk_auth_user_id; Type: FK CONSTRAINT; Schema: public; Owner: gestion_ifnti_user
--

ALTER TABLE ONLY public.main_etudiant
    ADD CONSTRAINT main_etudiant_user_id_0ce35318_fk_auth_user_id FOREIGN KEY (user_id) REFERENCES public.auth_user(id) DEFERRABLE INITIALLY DEFERRED;


--
-- Name: main_evaluation main_evaluation_matiere_id_69799d09_fk_main_matiere_id; Type: FK CONSTRAINT; Schema: public; Owner: gestion_ifnti_user
--

ALTER TABLE ONLY public.main_evaluation
    ADD CONSTRAINT main_evaluation_matiere_id_69799d09_fk_main_matiere_id FOREIGN KEY (matiere_id) REFERENCES public.main_matiere(id) DEFERRABLE INITIALLY DEFERRED;


--
-- Name: main_evaluation main_evaluation_semestre_id_9028f2de_fk_main_semestre_id; Type: FK CONSTRAINT; Schema: public; Owner: gestion_ifnti_user
--

ALTER TABLE ONLY public.main_evaluation
    ADD CONSTRAINT main_evaluation_semestre_id_9028f2de_fk_main_semestre_id FOREIGN KEY (semestre_id) REFERENCES public.main_semestre(id) DEFERRABLE INITIALLY DEFERRED;


--
-- Name: main_fichedepaie main_fichedepaie_annee_universitaire__9eb8b2c4_fk_main_anne; Type: FK CONSTRAINT; Schema: public; Owner: gestion_ifnti_user
--

ALTER TABLE ONLY public.main_fichedepaie
    ADD CONSTRAINT main_fichedepaie_annee_universitaire__9eb8b2c4_fk_main_anne FOREIGN KEY (annee_universitaire_id) REFERENCES public.main_anneeuniversitaire(id) DEFERRABLE INITIALLY DEFERRED;


--
-- Name: main_fichedepaie main_fichedepaie_compte_bancaire_id_7a9fb5ed_fk_main_comp; Type: FK CONSTRAINT; Schema: public; Owner: gestion_ifnti_user
--

ALTER TABLE ONLY public.main_fichedepaie
    ADD CONSTRAINT main_fichedepaie_compte_bancaire_id_7a9fb5ed_fk_main_comp FOREIGN KEY (compte_bancaire_id) REFERENCES public.main_comptebancaire(id) DEFERRABLE INITIALLY DEFERRED;


--
-- Name: main_fichedepaie main_fichedepaie_enseignant_id_651fbcf9_fk_main_enseignant_id; Type: FK CONSTRAINT; Schema: public; Owner: gestion_ifnti_user
--

ALTER TABLE ONLY public.main_fichedepaie
    ADD CONSTRAINT main_fichedepaie_enseignant_id_651fbcf9_fk_main_enseignant_id FOREIGN KEY (enseignant_id) REFERENCES public.main_enseignant(id) DEFERRABLE INITIALLY DEFERRED;


--
-- Name: main_fichedepaie_matiere main_fichedepaie_mat_fichedepaie_id_2007a82d_fk_main_fich; Type: FK CONSTRAINT; Schema: public; Owner: gestion_ifnti_user
--

ALTER TABLE ONLY public.main_fichedepaie_matiere
    ADD CONSTRAINT main_fichedepaie_mat_fichedepaie_id_2007a82d_fk_main_fich FOREIGN KEY (fichedepaie_id) REFERENCES public.main_fichedepaie(id) DEFERRABLE INITIALLY DEFERRED;


--
-- Name: main_fichedepaie_matiere main_fichedepaie_matiere_matiere_id_894a7685_fk_main_matiere_id; Type: FK CONSTRAINT; Schema: public; Owner: gestion_ifnti_user
--

ALTER TABLE ONLY public.main_fichedepaie_matiere
    ADD CONSTRAINT main_fichedepaie_matiere_matiere_id_894a7685_fk_main_matiere_id FOREIGN KEY (matiere_id) REFERENCES public.main_matiere(id) DEFERRABLE INITIALLY DEFERRED;


--
-- Name: main_fournisseur main_fournisseur_annee_universitaire__776ef63f_fk_main_anne; Type: FK CONSTRAINT; Schema: public; Owner: gestion_ifnti_user
--

ALTER TABLE ONLY public.main_fournisseur
    ADD CONSTRAINT main_fournisseur_annee_universitaire__776ef63f_fk_main_anne FOREIGN KEY (annee_universitaire_id) REFERENCES public.main_anneeuniversitaire(id) DEFERRABLE INITIALLY DEFERRED;


--
-- Name: main_fournisseur main_fournisseur_compte_bancaire_id_4505fed8_fk_main_comp; Type: FK CONSTRAINT; Schema: public; Owner: gestion_ifnti_user
--

ALTER TABLE ONLY public.main_fournisseur
    ADD CONSTRAINT main_fournisseur_compte_bancaire_id_4505fed8_fk_main_comp FOREIGN KEY (compte_bancaire_id) REFERENCES public.main_comptebancaire(id) DEFERRABLE INITIALLY DEFERRED;


--
-- Name: main_frais main_frais_annee_universitaire__622dc293_fk_main_anne; Type: FK CONSTRAINT; Schema: public; Owner: gestion_ifnti_user
--

ALTER TABLE ONLY public.main_frais
    ADD CONSTRAINT main_frais_annee_universitaire__622dc293_fk_main_anne FOREIGN KEY (annee_universitaire_id) REFERENCES public.main_anneeuniversitaire(id) DEFERRABLE INITIALLY DEFERRED;


--
-- Name: main_information main_information_discipline_id_794beb3e_fk_main_matiere_id; Type: FK CONSTRAINT; Schema: public; Owner: gestion_ifnti_user
--

ALTER TABLE ONLY public.main_information
    ADD CONSTRAINT main_information_discipline_id_794beb3e_fk_main_matiere_id FOREIGN KEY (discipline_id) REFERENCES public.main_matiere(id) DEFERRABLE INITIALLY DEFERRED;


--
-- Name: main_information main_information_enseignant_id_a1eb30ef_fk_main_enseignant_id; Type: FK CONSTRAINT; Schema: public; Owner: gestion_ifnti_user
--

ALTER TABLE ONLY public.main_information
    ADD CONSTRAINT main_information_enseignant_id_a1eb30ef_fk_main_enseignant_id FOREIGN KEY (enseignant_id) REFERENCES public.main_enseignant(id) DEFERRABLE INITIALLY DEFERRED;


--
-- Name: main_matiere main_matiere_enseignant_id_1e978b5b_fk_main_enseignant_id; Type: FK CONSTRAINT; Schema: public; Owner: gestion_ifnti_user
--

ALTER TABLE ONLY public.main_matiere
    ADD CONSTRAINT main_matiere_enseignant_id_1e978b5b_fk_main_enseignant_id FOREIGN KEY (enseignant_id) REFERENCES public.main_enseignant(id) DEFERRABLE INITIALLY DEFERRED;


--
-- Name: main_matiere main_matiere_ue_id_8404f1ed_fk_main_ue_id; Type: FK CONSTRAINT; Schema: public; Owner: gestion_ifnti_user
--

ALTER TABLE ONLY public.main_matiere
    ADD CONSTRAINT main_matiere_ue_id_8404f1ed_fk_main_ue_id FOREIGN KEY (ue_id) REFERENCES public.main_ue(id) DEFERRABLE INITIALLY DEFERRED;


--
-- Name: main_note main_note_etudiant_id_17aa36b2_fk_main_etudiant_id; Type: FK CONSTRAINT; Schema: public; Owner: gestion_ifnti_user
--

ALTER TABLE ONLY public.main_note
    ADD CONSTRAINT main_note_etudiant_id_17aa36b2_fk_main_etudiant_id FOREIGN KEY (etudiant_id) REFERENCES public.main_etudiant(id) DEFERRABLE INITIALLY DEFERRED;


--
-- Name: main_note main_note_evaluation_id_56b0f4eb_fk_main_evaluation_id; Type: FK CONSTRAINT; Schema: public; Owner: gestion_ifnti_user
--

ALTER TABLE ONLY public.main_note
    ADD CONSTRAINT main_note_evaluation_id_56b0f4eb_fk_main_evaluation_id FOREIGN KEY (evaluation_id) REFERENCES public.main_evaluation(id) DEFERRABLE INITIALLY DEFERRED;


--
-- Name: main_paiement main_paiement_annee_universitaire__bdcd2894_fk_main_anne; Type: FK CONSTRAINT; Schema: public; Owner: gestion_ifnti_user
--

ALTER TABLE ONLY public.main_paiement
    ADD CONSTRAINT main_paiement_annee_universitaire__bdcd2894_fk_main_anne FOREIGN KEY (annee_universitaire_id) REFERENCES public.main_anneeuniversitaire(id) DEFERRABLE INITIALLY DEFERRED;


--
-- Name: main_paiement main_paiement_comptable_id_d89ff09e_fk_main_personnel_id; Type: FK CONSTRAINT; Schema: public; Owner: gestion_ifnti_user
--

ALTER TABLE ONLY public.main_paiement
    ADD CONSTRAINT main_paiement_comptable_id_d89ff09e_fk_main_personnel_id FOREIGN KEY (comptable_id) REFERENCES public.main_personnel(id) DEFERRABLE INITIALLY DEFERRED;


--
-- Name: main_paiement main_paiement_compte_bancaire_id_8adcd9ec_fk_main_comp; Type: FK CONSTRAINT; Schema: public; Owner: gestion_ifnti_user
--

ALTER TABLE ONLY public.main_paiement
    ADD CONSTRAINT main_paiement_compte_bancaire_id_8adcd9ec_fk_main_comp FOREIGN KEY (compte_bancaire_id) REFERENCES public.main_comptebancaire(id) DEFERRABLE INITIALLY DEFERRED;


--
-- Name: main_paiement main_paiement_etudiant_id_3a00d585_fk_main_etudiant_id; Type: FK CONSTRAINT; Schema: public; Owner: gestion_ifnti_user
--

ALTER TABLE ONLY public.main_paiement
    ADD CONSTRAINT main_paiement_etudiant_id_3a00d585_fk_main_etudiant_id FOREIGN KEY (etudiant_id) REFERENCES public.main_etudiant(id) DEFERRABLE INITIALLY DEFERRED;


--
-- Name: main_parcours main_parcours_domaine_id_70ee542c_fk_main_domaine_id; Type: FK CONSTRAINT; Schema: public; Owner: gestion_ifnti_user
--

ALTER TABLE ONLY public.main_parcours
    ADD CONSTRAINT main_parcours_domaine_id_70ee542c_fk_main_domaine_id FOREIGN KEY (domaine_id) REFERENCES public.main_domaine(id) DEFERRABLE INITIALLY DEFERRED;


--
-- Name: main_personnel main_personnel_user_id_cd290ab8_fk_auth_user_id; Type: FK CONSTRAINT; Schema: public; Owner: gestion_ifnti_user
--

ALTER TABLE ONLY public.main_personnel
    ADD CONSTRAINT main_personnel_user_id_cd290ab8_fk_auth_user_id FOREIGN KEY (user_id) REFERENCES public.auth_user(id) DEFERRABLE INITIALLY DEFERRED;


--
-- Name: main_programme main_programme_parcours_id_864a6cc5_fk_main_parcours_id; Type: FK CONSTRAINT; Schema: public; Owner: gestion_ifnti_user
--

ALTER TABLE ONLY public.main_programme
    ADD CONSTRAINT main_programme_parcours_id_864a6cc5_fk_main_parcours_id FOREIGN KEY (parcours_id) REFERENCES public.main_parcours(id) DEFERRABLE INITIALLY DEFERRED;


--
-- Name: main_programme main_programme_semestre_id_ebacd555_fk_main_semestre_id; Type: FK CONSTRAINT; Schema: public; Owner: gestion_ifnti_user
--

ALTER TABLE ONLY public.main_programme
    ADD CONSTRAINT main_programme_semestre_id_ebacd555_fk_main_semestre_id FOREIGN KEY (semestre_id) REFERENCES public.main_semestre(id) DEFERRABLE INITIALLY DEFERRED;


--
-- Name: main_programme_ues main_programme_ues_programme_id_dd4612c4_fk_main_programme_id; Type: FK CONSTRAINT; Schema: public; Owner: gestion_ifnti_user
--

ALTER TABLE ONLY public.main_programme_ues
    ADD CONSTRAINT main_programme_ues_programme_id_dd4612c4_fk_main_programme_id FOREIGN KEY (programme_id) REFERENCES public.main_programme(id) DEFERRABLE INITIALLY DEFERRED;


--
-- Name: main_programme_ues main_programme_ues_ue_id_f949bd29_fk_main_ue_id; Type: FK CONSTRAINT; Schema: public; Owner: gestion_ifnti_user
--

ALTER TABLE ONLY public.main_programme_ues
    ADD CONSTRAINT main_programme_ues_ue_id_f949bd29_fk_main_ue_id FOREIGN KEY (ue_id) REFERENCES public.main_ue(id) DEFERRABLE INITIALLY DEFERRED;


--
-- Name: main_semestre main_semestre_annee_universitaire__c6e644cb_fk_main_anne; Type: FK CONSTRAINT; Schema: public; Owner: gestion_ifnti_user
--

ALTER TABLE ONLY public.main_semestre
    ADD CONSTRAINT main_semestre_annee_universitaire__c6e644cb_fk_main_anne FOREIGN KEY (annee_universitaire_id) REFERENCES public.main_anneeuniversitaire(id) DEFERRABLE INITIALLY DEFERRED;


--
-- Name: main_ue main_ue_enseignant_id_2faed022_fk_main_enseignant_id; Type: FK CONSTRAINT; Schema: public; Owner: gestion_ifnti_user
--

ALTER TABLE ONLY public.main_ue
    ADD CONSTRAINT main_ue_enseignant_id_2faed022_fk_main_enseignant_id FOREIGN KEY (enseignant_id) REFERENCES public.main_enseignant(id) DEFERRABLE INITIALLY DEFERRED;


--
-- Name: main_ue main_ue_semestre_id_07d33276_fk_main_semestre_id; Type: FK CONSTRAINT; Schema: public; Owner: gestion_ifnti_user
--

ALTER TABLE ONLY public.main_ue
    ADD CONSTRAINT main_ue_semestre_id_07d33276_fk_main_semestre_id FOREIGN KEY (semestre_id) REFERENCES public.main_semestre(id) DEFERRABLE INITIALLY DEFERRED;


--
-- Name: main_versmentsalaire main_versmentsalaire_annee_universitaire__6c71e391_fk_main_anne; Type: FK CONSTRAINT; Schema: public; Owner: gestion_ifnti_user
--

ALTER TABLE ONLY public.main_versmentsalaire
    ADD CONSTRAINT main_versmentsalaire_annee_universitaire__6c71e391_fk_main_anne FOREIGN KEY (annee_universitaire_id) REFERENCES public.main_anneeuniversitaire(id) DEFERRABLE INITIALLY DEFERRED;


--
-- Name: main_versmentsalaire main_versmentsalaire_compte_bancaire_id_ef20b2d5_fk_main_comp; Type: FK CONSTRAINT; Schema: public; Owner: gestion_ifnti_user
--

ALTER TABLE ONLY public.main_versmentsalaire
    ADD CONSTRAINT main_versmentsalaire_compte_bancaire_id_ef20b2d5_fk_main_comp FOREIGN KEY (compte_bancaire_id) REFERENCES public.main_comptebancaire(id) DEFERRABLE INITIALLY DEFERRED;


--
-- Name: main_versmentsalaire main_versmentsalaire_personnel_id_78f59fa9_fk_main_personnel_id; Type: FK CONSTRAINT; Schema: public; Owner: gestion_ifnti_user
--

ALTER TABLE ONLY public.main_versmentsalaire
    ADD CONSTRAINT main_versmentsalaire_personnel_id_78f59fa9_fk_main_personnel_id FOREIGN KEY (personnel_id) REFERENCES public.main_personnel(id) DEFERRABLE INITIALLY DEFERRED;


--
-- Name: planning_planning planning_planning_semestre_id_e16c82c3_fk_main_semestre_id; Type: FK CONSTRAINT; Schema: public; Owner: gestion_ifnti_user
--

ALTER TABLE ONLY public.planning_planning
    ADD CONSTRAINT planning_planning_semestre_id_e16c82c3_fk_main_semestre_id FOREIGN KEY (semestre_id) REFERENCES public.main_semestre(id) DEFERRABLE INITIALLY DEFERRED;


--
-- Name: planning_seanceplannifier planning_seanceplann_planning_id_3aed9aa5_fk_planning_; Type: FK CONSTRAINT; Schema: public; Owner: gestion_ifnti_user
--

ALTER TABLE ONLY public.planning_seanceplannifier
    ADD CONSTRAINT planning_seanceplann_planning_id_3aed9aa5_fk_planning_ FOREIGN KEY (planning_id) REFERENCES public.planning_planning(id) DEFERRABLE INITIALLY DEFERRED;


--
-- Name: planning_seanceplannifier planning_seanceplann_professeur_id_408c599e_fk_main_ense; Type: FK CONSTRAINT; Schema: public; Owner: gestion_ifnti_user
--

ALTER TABLE ONLY public.planning_seanceplannifier
    ADD CONSTRAINT planning_seanceplann_professeur_id_408c599e_fk_main_ense FOREIGN KEY (professeur_id) REFERENCES public.main_enseignant(id) DEFERRABLE INITIALLY DEFERRED;


--
-- Name: SCHEMA public; Type: ACL; Schema: -; Owner: gestion_ifnti_user
--

REVOKE USAGE ON SCHEMA public FROM PUBLIC;
GRANT ALL ON SCHEMA public TO PUBLIC;


--
-- PostgreSQL database dump complete
--

